type,name,lat,lon,amenity,cuisine,leisure,osm_id
restaurant,Raging Burrito,33.7744662,-84.2955336,restaurant,latin_american,,251165087
restaurant,Dumpling Master,33.7896261,-84.3070836,restaurant,asian,,278046234
restaurant,Thumbs Up Diner,33.6788833,-84.4416707,restaurant,,,466099073
restaurant,BGR Grille,33.6787773,-84.4413506,restaurant,,,466100432
restaurant,OZ Pizza,33.678819,-84.4406407,restaurant,,,466101251
restaurant,Brake Pad,33.6628398,-84.4466231,restaurant,,,466116713
restaurant,The Vortex Bar & Grill,33.7790324,-84.3844582,restaurant,burger;american,,466953197
restaurant,Big Easy Louisiana Grille,33.8116731,-84.4247042,restaurant,,,493167146
restaurant,Terra Terroir Grill and Wine Patio,33.8593974,-84.3413313,restaurant,,,495061296
restaurant,Seasons American Bar and Grille,33.7599513,-84.3908155,restaurant,,,497187699
restaurant,Athens Pizza,33.7918982,-84.3054055,restaurant,,,497203860
restaurant,Ruth's Chris,33.7607688,-84.3942593,restaurant,steak_house,,506225043
restaurant,Park Avenue Deli & Market,33.7608829,-84.3941563,restaurant,,,506225045
restaurant,Chai Pani,33.7753303,-84.3026959,restaurant,,,512861047
restaurant,Ray's in the City,33.7603914,-84.3877294,restaurant,seafood,,532203500
restaurant,The Drafting Table Cocktails and Kitchen,33.7602559,-84.3879873,restaurant,american,,532206807
restaurant,The Majestic Diner,33.7736379,-84.3537164,restaurant,american,,534028718
restaurant,Ted's Montana Grill,33.7585609,-84.390646,restaurant,american,,534407880
restaurant,Parish Market Cajun Kitchen,33.7581865,-84.3903816,restaurant,,,534407928
restaurant,"Ray's NY Pizza, Cedar's Mediterranean",33.7766541,-84.3881023,restaurant,pizza;mediterranean,,535031255
restaurant,Gyro Bros,33.7770131,-84.3900992,restaurant,greek,,535031278
restaurant,La Fonda Latina,33.7735134,-84.3571312,restaurant,mexican;Cuban,,536662857
restaurant,El Ponce,33.7735536,-84.3566457,restaurant,mexican,,536664043
restaurant,Agave,33.7479065,-84.3679063,restaurant,,,536669081
restaurant,Siam Thai,33.7744632,-84.2958842,restaurant,thai,,544023075
restaurant,The Iberian Pig,33.7744627,-84.2960053,restaurant,spanish,,544023079
restaurant,no. 246,33.7754635,-84.2953028,restaurant,,,544023141
restaurant,Leon's Full Service,33.7753821,-84.2951203,restaurant,,,544023145
restaurant,Sweet Melissa's,33.7752303,-84.2958139,restaurant,,,544023151
restaurant,Cafe Alsace,33.7754637,-84.2954825,restaurant,french,,544023250
restaurant,Victory Sandwich Bar,33.7742092,-84.2950236,restaurant,sandwich,,544034337
restaurant,Mojo Pizza N Pub,33.7593355,-84.3035051,restaurant,pizza,,544052451
restaurant,Green Ginger,33.7766784,-84.2996899,restaurant,asian,,544070685
restaurant,FolkArt,33.7754139,-84.2980746,restaurant,breakfast;american,,544125249
restaurant,Noodle,33.7753623,-84.2945911,restaurant,noodle,,544125274
restaurant,Ford's BBQ,33.7604701,-84.3034965,restaurant,barbecue,,544487927
restaurant,Paolino Italian Restaurant,33.7605772,-84.3031274,restaurant,pasta,,544487938
restaurant,Mescalito's Cantina,33.7593976,-84.3037426,restaurant,,,544487962
restaurant,Adryannis,33.7764816,-84.2959929,restaurant,greek,,554816651
restaurant,Parkers on Ponce,33.7757255,-84.2958814,restaurant,,,554840495
restaurant,Unknown,33.7754209,-84.2998941,restaurant,regional,,556486025
restaurant,Mellow Mushroom,33.7754281,-84.3009412,restaurant,pizza,,556612021
restaurant,Cafe Lily,33.7753568,-84.300229,restaurant,mediterranean,,556612089
restaurant,Sushi Avenue,33.7752069,-84.3002204,restaurant,sushi,,556612196
restaurant,Sapori di Napoli,33.7734353,-84.2951031,restaurant,italian,,557262104
restaurant,R. Thomas' Deluxe Grill,33.8042852,-84.3936559,restaurant,american,,566468662
restaurant,Doc Chey's Noodle House,33.7932027,-84.3518767,restaurant,noodle,,567065885
restaurant,Pomodoro,33.792625,-84.3523488,restaurant,italian,,567065891
restaurant,Rosebud,33.792468,-84.3521256,restaurant,american,,567065899
restaurant,Burnt Fork BBQ,33.7782032,-84.2951234,restaurant,barbecue,,567189390
restaurant,La Fonda Latina,33.7647556,-84.3338001,restaurant,mexican,,568038143
restaurant,Atkins Park,33.8842853,-84.5151091,restaurant,,,616525035
restaurant,Pizza Hut,33.658659,-84.417911,restaurant,pizza,,648383758
restaurant,Pit Boss BBQ,33.6581586,-84.4164401,restaurant,barbecue,,648398887
restaurant,Johnny's New York Style Pizza and Subs,33.658709,-84.416441,restaurant,,,648417495
restaurant,Willy's Mexicana Grill,33.6590614,-84.4162617,restaurant,,,648421801
restaurant,Grecian Gyro,33.6589328,-84.4170151,restaurant,,,648444417
restaurant,Skinny's,33.6590727,-84.4187637,restaurant,,,648455349
restaurant,Bone Garden Cantina,33.7935744,-84.4259486,restaurant,,,766123320
restaurant,Unknown,33.8610784,-84.3298343,restaurant,,,779187544
restaurant,Amalfi,33.8438905,-84.3731771,restaurant,,,779212238
restaurant,Unknown,33.7794653,-84.410306,restaurant,,,780931920
restaurant,Waffle House,33.7766833,-84.3894358,restaurant,american,,780970479
restaurant,Doc Chey's Dragon Bowl,33.7881639,-84.326622,restaurant,noodle,,786101171
restaurant,The Vortex Bar & Grill,33.7662554,-84.349211,restaurant,burger;bar_and_grill,,786114729
restaurant,Woody's Famous Philadelphia Cheesesteaks,33.7809609,-84.3687376,restaurant,sandwich,,793900339
restaurant,Thai Diner,33.8722043,-84.4580605,restaurant,thai,,820012233
restaurant,Farm Burger,33.7753876,-84.3028766,restaurant,,,843830991
restaurant,Taqueria del Sol,33.7759718,-84.3021554,restaurant,,,843860384
restaurant,Sear,33.76133,-84.384821,restaurant,american,,859651137
restaurant,Atlanta Chophouse,33.6409591,-84.4445676,restaurant,,,860037795
restaurant,American Deli,33.7754375,-84.2944583,restaurant,sandwich,,870667812
restaurant,Loco's,33.8406161,-84.3756209,restaurant,,,902107263
restaurant,Waffle House,33.8725753,-84.528932,restaurant,american,,945618070
restaurant,Botica,33.8053118,-84.3941692,restaurant,mexican;spanish;mediterranean,,1004445594
restaurant,Melton's App & Tap,33.794025,-84.2909182,restaurant,,,1014124990
restaurant,Blaze Pizza,33.7899549,-84.3058637,restaurant,pizza,,1033057312
restaurant,Ru San's,33.7588305,-84.3488915,restaurant,,,1088565361
restaurant,Figo,33.7586075,-84.3489666,restaurant,,,1088565440
restaurant,Savage Pizza,33.7672436,-84.3493661,restaurant,pizza,,1088818005
restaurant,Urban Pie,33.7513294,-84.3218669,restaurant,pizza,,1105747333
restaurant,Mangos Caribbean,33.7556878,-84.3817848,restaurant,caribbean,,1127168751
restaurant,Buns and Shakes,33.7556908,-84.381305,restaurant,,,1127168752
restaurant,Wok and Roll,33.755637,-84.3795095,restaurant,,,1127215868
restaurant,Holy Taco,33.7403114,-84.3446271,restaurant,mexican,,1134019026
restaurant,Fresh2Order,33.775362,-84.2947595,restaurant,,,1153668601
restaurant,Spanish Harlem,33.7545522,-84.3791899,restaurant,,,1179861864
restaurant,Luna Nueva,33.7651102,-84.3497971,restaurant,mexican;bar_and_grill,,1237972381
restaurant,Niramish,33.7648928,-84.3500519,restaurant,indian,,1237985316
restaurant,Sweet Lime,33.7645862,-84.3505078,restaurant,thai;sushi,,1237985322
restaurant,El Bandito Mexican Grill,33.7632796,-84.3515271,restaurant,mexican,,1237985326
restaurant,El Myr,33.7636114,-84.3513187,restaurant,burrito,,1237985328
restaurant,Ali Baba Mediterranean,33.7637965,-84.3510303,restaurant,turkish;mediterranean,,1237999100
restaurant,Treehouse Restaurant and Pub,33.8187767,-84.3811874,restaurant,american,,1252492781
restaurant,Paul's Restaurant,33.8179615,-84.3812037,restaurant,regional,,1252498884
restaurant,EAV Thai & Sushi,33.7411574,-84.3466799,restaurant,sushi,,1253884740
restaurant,KPot Korean BBQ & Hot Pot,33.8024099,-84.4127484,restaurant,korean,,1259091155
restaurant,Yoi Yoi Japanese Steakhouse & Sushi,33.810301,-84.4160536,restaurant,japanese,,1259638878
restaurant,Pero's Pizza & Pasta,33.8509061,-84.4291581,restaurant,pizza,,1273536527
restaurant,Apres Diem,33.7791816,-84.3671568,restaurant,european,,1290222141
restaurant,Umma Kitchen,33.7803773,-84.3687017,restaurant,korean,,1290222164
restaurant,Alici,33.7802641,-84.3680522,restaurant,seafood;mediterranean,,1290222170
restaurant,Mellow Mushroom,33.7802888,-84.3685218,restaurant,pizza,,1290222186
restaurant,Farm Burger,33.7821169,-84.353883,restaurant,burger,,1291285067
restaurant,La Tavola,33.7824468,-84.3549103,restaurant,italian,,1291285069
restaurant,Dekalb Ave,33.7609981,-84.3474244,restaurant,barbecue,,1387066302
restaurant,Unknown,33.7665276,-84.3489024,restaurant,indian,,1387069338
restaurant,The Deer and The Dove,33.7744255,-84.2951601,restaurant,,,1400232345
restaurant,Home Bar,33.7513898,-84.3224426,restaurant,american,,1430289383
restaurant,The Argonaut,33.7516394,-84.3233689,restaurant,seafood,,1430289386
restaurant,No Mas Cantina,33.7497558,-84.4008807,restaurant,mexican,,1573256268
restaurant,Pizza Hut,33.7713964,-84.3719343,restaurant,pizza,,1573466987
restaurant,J.R. Cricket's,33.7710404,-84.3831791,restaurant,american;wings,,1573466993
restaurant,Benihana,33.8127925,-84.3916046,restaurant,japanese;teppanyaki;steak,,1579665765
restaurant,Waffle House,33.8611449,-84.3390065,restaurant,american,,1579763191
restaurant,Nikola's,33.8154476,-84.3361654,restaurant,,,1580487216
restaurant,El Potro,33.8452371,-84.326728,restaurant,mexican,,1580531365
restaurant,Pizza Hut,33.8420515,-84.3289744,restaurant,pizza,,1580531372
restaurant,Pancho's Mexican Restaurant & Cantina,33.8262762,-84.348008,restaurant,mexican,,1580540014
restaurant,Willy's Mexican Grill,33.7839217,-84.3787359,restaurant,mexican,,1595679215
restaurant,Grant Central Pizza East,33.7400291,-84.3456828,restaurant,pizza,,1667797713
restaurant,Gekko Sushi and Lounge,33.7713105,-84.3678707,restaurant,sushi,,1701892943
restaurant,Big Boss Chinese,33.781285,-84.3901179,restaurant,chinese,,1712783070
restaurant,5 Seasons,33.7788823,-84.4103302,restaurant,,,1740918262
restaurant,Q's Restaurant,33.6787676,-84.4410178,restaurant,,,1744225876
restaurant,Main Street BBQ,33.6809103,-84.4413182,restaurant,,,1744229876
restaurant,Ziba's,33.7392269,-84.367998,restaurant,american,,1748937752
restaurant,Matador Cantina,33.7404492,-84.3576367,restaurant,mexican,,1748940337
restaurant,Vickery's,33.7404514,-84.3574033,restaurant,american,,1748940945
restaurant,Yogli Mogli,33.788566,-84.3264918,restaurant,ice_cream,,1778992146
restaurant,La Parilla,33.8033837,-84.4125407,restaurant,mexican,,1855872439
restaurant,Mediterranean Grill,33.7812614,-84.3683173,restaurant,kebab;mediterranean;greek,,1953501533
restaurant,Q Korean BBQ Revolving Sushi,33.7926557,-84.3050562,restaurant,indian,,2015638323
restaurant,The Po'Boy Shop,33.7928831,-84.3050133,restaurant,,,2015638365
restaurant,Mela Restaurant & Lounge,33.7924327,-84.3050749,restaurant,,,2015638368
restaurant,Community Q BBQ,33.7925376,-84.3050509,restaurant,,,2015638380
restaurant,Hong Kong Buffett,33.7580206,-84.3896289,restaurant,chinese,,2033588226
restaurant,Thrive Restaurant & Bar,33.7569676,-84.3923429,restaurant,american;sushi;fusion,,2035267511
restaurant,Rosa,33.787164,-84.355711,restaurant,mexican,,2184805458
restaurant,Mali,33.7873802,-84.3557057,restaurant,thai;sushi,,2184808410
restaurant,George's,33.7830231,-84.3542345,restaurant,burger,,2184844380
restaurant,Murphy's,33.7820577,-84.3548754,restaurant,american,,2184846433
restaurant,Ela,33.7868731,-84.3554562,restaurant,mediterranean,,2184849461
restaurant,Highland Tap,33.7825288,-84.3545335,restaurant,steak_house,,2184853747
restaurant,Bar.bacoa,33.7825069,-84.3546814,restaurant,spanish,,2184853755
restaurant,Fontaine's,33.7826034,-84.3545294,restaurant,seafood,,2184855561
restaurant,Illegal Food,33.7768443,-84.3530763,restaurant,,,2184961240
restaurant,Atkin's Park,33.776144,-84.35268,restaurant,american,,2184964312
restaurant,Surin,33.7765759,-84.352536,restaurant,thai,,2184964331
restaurant,Unknown,33.7765088,-84.3530717,restaurant,thai,,2184964725
restaurant,Ocean Wave Sushi By Harry and Sons,33.7769211,-84.3526587,restaurant,sushi,,2184965596
restaurant,Osteria 832,33.7772288,-84.3528518,restaurant,italian,,2184968892
restaurant,Papi's,33.7728047,-84.3803686,restaurant,cuban,,2186534351
restaurant,Marlow's Tavern,33.8011797,-84.3281399,restaurant,american,,2189982578
restaurant,Tin Lizzy's,33.801147,-84.3278077,restaurant,mexican,,2189996987
restaurant,Wisteria,33.7667945,-84.3528518,restaurant,american,,2210349281
restaurant,Shorty's,33.8178332,-84.3101804,restaurant,pizza,,2210572246
restaurant,La Parilla,33.8148066,-84.3108678,restaurant,mexican,,2210572247
restaurant,Rathbun's Steak,33.7592068,-84.3638966,restaurant,steak_house,,2210728554
restaurant,Two Urban Licks,33.7684989,-84.3612992,restaurant,american,,2216914846
restaurant,Real Chow Baby,33.7740945,-84.3617849,restaurant,chinese,,2217172630
restaurant,Romeo's NY,33.7886149,-84.3265555,restaurant,pizza,,2219275915
restaurant,Dave's Cosmic Subs,33.7879172,-84.3276069,restaurant,sandwich,,2219282265
restaurant,Falafel King,33.7884331,-84.3263646,restaurant,kebab,,2219282266
restaurant,Emmy's Squared Pizza,33.7403577,-84.3583541,restaurant,,,2262805491
restaurant,Little Azios,33.7339183,-84.3494935,restaurant,pizza,,2262813906
restaurant,Bell Street Burritos,33.7558251,-84.3651117,restaurant,,,2268953667
restaurant,Jason's Deli,33.7819402,-84.379972,restaurant,sandwich,,2277881897
restaurant,Flying Biscuit,33.7819212,-84.3802778,restaurant,american;breakfast,,2277881898
restaurant,Unknown,33.7816725,-84.3801261,restaurant,,,2277885175
restaurant,Souper Jenny Westside,33.78878,-84.422915,restaurant,regional,,2280263719
restaurant,Thaicoon,33.8044492,-84.3356162,restaurant,sushi,,2283444595
restaurant,Cafe Bombay Indian Bistro,33.8284382,-84.3269925,restaurant,indian,,2283463185
restaurant,Red Pepper Taqueria,33.8163506,-84.3343277,restaurant,mexican,,2284798528
restaurant,Serpas,33.7574066,-84.367366,restaurant,american,,2288044083
restaurant,Carrol Street Cafe,33.7489743,-84.3679405,restaurant,american,,2288049569
restaurant,Bantam and Biddy,33.798267,-84.370892,restaurant,,,2351693149
restaurant,Silver Skillet,33.7861987,-84.3942995,restaurant,american,,2390850327
restaurant,Toast on Lenox,33.7863234,-84.3985922,restaurant,,,2390853392
restaurant,Rocky Mountain Pizza,33.7821239,-84.4043525,restaurant,pizza,,2390865214
restaurant,Gia's,33.7849048,-84.4058271,restaurant,italian,,2390865217
restaurant,Unknown,33.782589,-84.4118303,restaurant,pizza,,2390865219
restaurant,Antico Pizza Napoletana,33.7846556,-84.4056305,restaurant,pizza,,2390865222
restaurant,Shake Shack,33.78541,-84.4121409,restaurant,burger,,2390865225
restaurant,Die Biergarten,33.7618961,-84.3966372,restaurant,german,,2391516145
restaurant,Stats,33.7612848,-84.3962607,restaurant,american,,2391516146
restaurant,Fresh2Order,33.800944,-84.328139,restaurant,american,,2412454888
restaurant,General Muir,33.801164,-84.327131,restaurant,deli,,2412456094
restaurant,Unknown,33.6829799,-84.3087891,restaurant,sandwich,,2427461612
restaurant,Unknown,33.6885372,-84.3085369,restaurant,regional,,2427470552
restaurant,Tin Drum,33.7766984,-84.3900493,restaurant,asian,,2466973843
restaurant,White Oak Kitchen & Cocktails,33.7621298,-84.3878635,restaurant,american,,2475185760
restaurant,Talkin' Tacos,33.826407,-84.365495,restaurant,burger,,2537249094
restaurant,Cat Cora's Kitchen,33.6421898,-84.4390798,restaurant,,,2545076507
restaurant,Great Wraps,33.6409375,-84.4395335,restaurant,,,2545080163
restaurant,Max's Coal Oven Pizza,33.7615575,-84.3964558,restaurant,,,2661488990
restaurant,Pacific Rim Bistro,33.7624344,-84.3858457,restaurant,asian,,2661648997
restaurant,Big Kahuna Grill,33.7627199,-84.385835,restaurant,mexican;american,,2661648998
restaurant,The Sun Dial Restaurant & View,33.7594309,-84.3885801,restaurant,american,,2661649031
restaurant,Anatolia Mediterranean Cafe,33.755184,-84.389284,restaurant,mediterranean,,2698565984
restaurant,Downtown Gourmet,33.7566615,-84.3880778,restaurant,mediterranean;greek;indian;pizza,,2698565985
restaurant,Bistro Niko,33.8465635,-84.3685683,restaurant,french,,2744416357
restaurant,JCT,33.7865629,-84.4123326,restaurant,,,2748860795
restaurant,Olive Bistro Meze & Wine Bar,33.7835135,-84.3824732,restaurant,mediterranean,,2749706026
restaurant,Anh’s Kitchen,33.7779671,-84.3841208,restaurant,vietnamese,,2749706285
restaurant,Circle Poké,33.7820519,-84.4078179,restaurant,asian,,2749714074
restaurant,Lucky Buddha,33.7818632,-84.4047769,restaurant,chinese,,2749714135
restaurant,Pizza Hut,33.7818534,-84.4053703,restaurant,pizza,,2749714155
restaurant,Rush Bowls,33.7778235,-84.3841353,restaurant,yogurt;fruit;smoothie,,2750966533
restaurant,Kale Me Crazy,33.7628754,-84.3584245,restaurant,juice,,2753814694
restaurant,Pure Taqueria,33.7630055,-84.3582786,restaurant,mexican,,2753814702
restaurant,Smokey Stallion BBQ Bistro,33.7521838,-84.3980857,restaurant,barbecue,,2755107977
restaurant,Downtown Wings,33.7531414,-84.3920342,restaurant,american,,2755107992
restaurant,Slice,33.756905,-84.3901232,restaurant,pizza,,2755108027
restaurant,Banshee,33.7400282,-84.3459555,restaurant,,,2760845523
restaurant,Fresh To Order,33.778257,-84.384561,restaurant,american,,2820914301
restaurant,Mellow Mushroom,33.8613197,-84.340062,restaurant,pizza,,2922817401
restaurant,TGI Friday's,33.6406637,-84.4354705,restaurant,american,,2924093236
restaurant,Mustard Seed,33.6416672,-84.4292331,restaurant,,,2924606877
restaurant,IHOP,33.6406424,-84.4448818,restaurant,breakfast;pancake,,2924610304
restaurant,TGI Friday's,33.6409911,-84.4450378,restaurant,american,,2924610305
restaurant,Cibo e Beve,33.8899341,-84.3808943,restaurant,,,2928753841
restaurant,Mezza Luna Pasta & Seafood,33.8828094,-84.5048493,restaurant,italian,,2959951633
restaurant,US Cafe Express,33.8824623,-84.4872325,restaurant,burger,,2966322031
restaurant,Dakota Blue,33.7420813,-84.3733069,restaurant,,,2969376076
restaurant,LongHorn Steakhouse,33.8810434,-84.4603126,restaurant,steak_house,,2970517280
restaurant,Philly Connection,33.8799126,-84.4612333,restaurant,sandwich,,2977871033
restaurant,Mint Leaf Indian Cuisine,33.882531,-84.4867081,restaurant,indian,,2980398979
restaurant,Jamaica-MikrazY,33.8835623,-84.4803222,restaurant,jamaican,,2980443809
restaurant,Taco Cantina,33.8835469,-84.4806621,restaurant,mexican,,2980443810
restaurant,PaPa Roy's Louisiana Kitchen,33.8835303,-84.4803857,restaurant,,,2980443812
restaurant,Minato Japanese Restaurant,33.8844349,-84.4753501,restaurant,japanese,,2980463270
restaurant,The Flying Biscuit Cafe,33.8506368,-84.4291538,restaurant,,,2981923784
restaurant,Hawaiian BBQ,33.81661,-84.33569,restaurant,hawaiian,,2993285934
restaurant,Maddio's,33.8142941,-84.3098393,restaurant,pizza,,2993302433
restaurant,Iron Age Korean Steakhouse,33.814238,-84.311935,restaurant,,,2993302633
restaurant,Chris's,33.815927,-84.312411,restaurant,mediterranean,,2993304733
restaurant,Mediteranean Grill,33.790614,-84.305018,restaurant,mediterranean,,2993307633
restaurant,The Optimist,33.7798543,-84.4106489,restaurant,seafood,,3021100658
restaurant,Bastone,33.7795053,-84.4099081,restaurant,,,3021106034
restaurant,Avellino's,33.8810192,-84.3426608,restaurant,italian,,3062574176
restaurant,Bhojanic,33.846034,-84.365571,restaurant,indian,,3113493729
restaurant,Dantanna's,33.847597,-84.365175,restaurant,steak_house,,3113548130
restaurant,The Cheesecake Factory,33.848239,-84.362789,restaurant,american,,3113556129
restaurant,Folk Art,33.766636,-84.352974,restaurant,american,,3125018229
restaurant,Le Petit Marche,33.7514788,-84.3225589,restaurant,breakfast;lunch,,3129823424
restaurant,Dos Madres Cantina,33.7754507,-84.3011559,restaurant,mexican,,3129894048
restaurant,Arden's Garden,33.7509481,-84.3218588,restaurant,juice;smoothie,,3129949339
restaurant,Kirkwood Kravingz,33.7509837,-84.3228647,restaurant,,,3129949340
restaurant,Dulce Vegan Bakery and Cafe,33.751345,-84.3223765,restaurant,,,3129949342
restaurant,Paschal's Restaurant,33.7493283,-84.403932,restaurant,,,3192012249
restaurant,C&S Seafood & Oyster Bar,33.8725721,-84.457611,restaurant,seafood,,3197293973
restaurant,Pho 24,33.877578,-84.293348,restaurant,vietnamese,,3261049161
restaurant,Grub Burger Bar,33.8812082,-84.4602428,restaurant,burger,,3266118859
restaurant,Blaze Pizza,33.8827961,-84.4619625,restaurant,pizza,,3289281720
restaurant,Top Spice,33.8810111,-84.4584136,restaurant,thai;malaysian,,3290573153
restaurant,Zucca Bar & Pizzeria,33.883747,-84.5147305,restaurant,pizza,,3330207993
restaurant,Hobnob Neighborhood Tavern,33.87078,-84.336713,restaurant,,,3337081293
restaurant,Varuni Napoli,33.79656,-84.368756,restaurant,pizza,,3337102893
restaurant,Sweet Monkey,33.801185,-84.327449,restaurant,yogurt,,3360404393
restaurant,Hoki Japanese Restaurant,33.872428,-84.4578726,restaurant,japanese,,3383890917
restaurant,Sean's Harvest Market,33.7971809,-84.388117,restaurant,,,3394631304
restaurant,Willy's Mexicana Grill,33.7511907,-84.3854161,restaurant,mexican,,3395223194
restaurant,Brasserie Lundi,33.7925242,-84.3860672,restaurant,french,,3398654312
restaurant,The Pig & The Pearl,33.7933807,-84.3977011,restaurant,american,,3401099035
restaurant,Chin Chin Chinese Cuisine & Sushi,33.8839245,-84.474157,restaurant,asian,,3414649728
restaurant,Bobby's Burger Palace,33.6423582,-84.43601,restaurant,burger,,3441653091
restaurant,One Flew South,33.6409423,-84.4258015,restaurant,sushi,,3448635977
restaurant,TGI Friday's,33.640346,-84.4251718,restaurant,american,,3448635979
restaurant,Yumm Teriyaki,33.752256,-84.3921578,restaurant,japanese,,3499564754
restaurant,Melinated Cafe,33.7502096,-84.3952853,restaurant,american;mexican,,3517775855
restaurant,So Ba Vietnamese Restaurant,33.7394468,-84.3456597,restaurant,vietnamese,,3551242292
restaurant,Delia's Chicken Sausage Stand,33.7408,-84.3496169,restaurant,,,3551718425
restaurant,Blu Cantina,33.7403365,-84.3468838,restaurant,mexican,,3551732988
restaurant,Spoon EastSide,33.7336833,-84.3498675,restaurant,,,3564217654
restaurant,Sushi Matsuya,33.8158569,-84.3128946,restaurant,japanese,,3599558410
restaurant,Napoleon's Grill,33.825735,-84.290597,restaurant,american,,3601380593
restaurant,Crazy Cuban,33.7860199,-84.3965325,restaurant,cuban,,3676747880
restaurant,Fred's Meat & Bread,33.7568609,-84.3639728,restaurant,sandwich,,3681452517
restaurant,Casseroles To Go,33.792155,-84.352177,restaurant,american,,3690369926
restaurant,Twisted Soul Cookhouse & Pours,33.7892146,-84.4252648,restaurant,southern;brunch,,3695986247
restaurant,Bartaco,33.8651838,-84.4675438,restaurant,mexican,,3797629214
restaurant,Mellow Mushroom,33.8650779,-84.467714,restaurant,pizza,,3797629215
restaurant,Bon Ton,33.772956,-84.3803812,restaurant,seafood;fusion;vietnamese;cajun,,3827911857
restaurant,Orange Opt,33.6409612,-84.4291683,restaurant,,,3839586391
restaurant,Phillips seafood,33.640964,-84.4290505,restaurant,,,3839586513
restaurant,Pera Bistro,33.8116833,-84.4244442,restaurant,mediterranean,,3919711354
restaurant,1201 Restaurant,33.8116286,-84.425045,restaurant,american,,3919726884
restaurant,Marlow's Tavern,33.8594159,-84.4807558,restaurant,,,4000554428
restaurant,Whitehall Tavern,33.8201785,-84.3876576,restaurant,american,,4081416779
restaurant,Pasta Vino,33.8201657,-84.3874384,restaurant,italian,,4081418996
restaurant,Valenza,33.860733,-84.329992,restaurant,italian,,4175070892
restaurant,Gus's Fried Chicken,33.7599188,-84.3862224,restaurant,chicken,,4241446983
restaurant,BoccaLupa,33.7547752,-84.3627599,restaurant,italian,,4262432590
restaurant,Unknown,33.7572359,-84.3541153,restaurant,,,4263220525
restaurant,Lady Bird,33.759606,-84.3642227,restaurant,american,,4286876987
restaurant,Sushi Avenue,33.7744632,-84.2958145,restaurant,japanese,,4322881275
restaurant,Atlanta Hawks Bar & Grill,33.6436938,-84.4392094,restaurant,american,,4373731823
restaurant,Wings 101,33.8262408,-84.3660979,restaurant,,,4392934439
restaurant,Tech Taco,33.7818628,-84.404636,restaurant,,,4428436126
restaurant,Terrapin Tap House Cigar and Smoke Lounge,33.6408396,-84.4289266,restaurant,american,,4522301294
restaurant,Cafe Antico,33.7842093,-84.4054069,restaurant,italian;pizza,,4531981878
restaurant,Sophie's Uptown,33.8369398,-84.3834689,restaurant,deli,,4631404113
restaurant,The Cookie Studio,33.836965,-84.3829365,restaurant,bakery,,4631404114
restaurant,Brio,33.8357022,-84.3824517,restaurant,italian,,4643468352
restaurant,Raja Indian,33.8354932,-84.3817177,restaurant,indian,,4643468363
restaurant,Lee's Bakery,33.8600468,-84.3089377,restaurant,,,4654064932
restaurant,Canton Buddha,33.8343479,-84.3836959,restaurant,chinese,,4664879359
restaurant,Barberitos,33.833732,-84.3843117,restaurant,mexican,,4664879363
restaurant,Your Pie,33.8397525,-84.3804246,restaurant,pizza,,4664879369
restaurant,King + Duke,33.8392219,-84.3807154,restaurant,american,,4664879370
restaurant,American Cut,33.8373609,-84.3810406,restaurant,steak_house,,4664879373
restaurant,Le Bilboquet,33.837676,-84.3803391,restaurant,french,,4664879374
restaurant,Cacao Buckhead,33.8378419,-84.3808305,restaurant,,,4664879375
restaurant,The Southern Gentleman,33.8378962,-84.3807137,restaurant,,,4664879376
restaurant,Gypsy Kitchen,33.837838,-84.380674,restaurant,,,4664879377
restaurant,Maggiano's Little Italy,33.8481716,-84.3673571,restaurant,american;italian,,4705937286
restaurant,Tupelo Honey Café,33.8796167,-84.3801792,restaurant,,,4708563492
restaurant,9th Ave Street Food,33.7727527,-84.3781422,restaurant,,,4730497342
restaurant,Terrapin Taproom,33.8898437,-84.4685547,restaurant,,,4764844941
restaurant,Yard House,33.8892982,-84.4690812,restaurant,american,,4789326286
restaurant,La Fonda Latina,33.7512325,-84.3099064,restaurant,mexican;cuban,,4802525752
restaurant,Poor Hendrix,33.7510005,-84.3095202,restaurant,,,4802525753
restaurant,Superica,33.7571021,-84.3641809,restaurant,mexican,,4879481767
restaurant,Yalla,33.756806,-84.3639731,restaurant,,,4879481768
restaurant,Grand Champion BBQ,33.756661,-84.363988,restaurant,barbecue,,4879481769
restaurant,Zumi,33.7611889,-84.3652346,restaurant,sushi,,4879481800
restaurant,Olive Bistro,33.7739564,-84.3658702,restaurant,mediterranean,,4879481804
restaurant,Metro Fresh,33.780234,-84.368361,restaurant,sandwich,,4879481810
restaurant,Chin Chin II On Ponce,33.7731434,-84.3639938,restaurant,chinese,,4879481812
restaurant,Jia,33.7728967,-84.365937,restaurant,chinese,,4879481816
restaurant,Delta Skyclub Lounge,33.6409608,-84.4388357,restaurant,,,4920519122
restaurant,Delta Skyclub Lounge,33.6404048,-84.4391068,restaurant,,,4920521124
restaurant,Delta Skyclub Lounge,33.641875,-84.4325068,restaurant,,,4920534421
restaurant,Delta Skyclub Lounge,33.6419262,-84.4292508,restaurant,,,4920540821
restaurant,Delta Skyclub Lounge,33.6402411,-84.4199815,restaurant,,,4920540822
restaurant,Delta Skyclub Lounge,33.6405162,-84.4243066,restaurant,,,4920549421
restaurant,Delta Skyclub Lounge,33.6405995,-84.4359992,restaurant,,,4946370122
restaurant,Torched Hop Brewing Company,33.7722488,-84.3793041,restaurant,,,5111860821
restaurant,JINYA Ramen Bar,33.8566636,-84.3827845,restaurant,ramen,,5115722740
restaurant,Urban HAI Chinese,33.7840851,-84.3846331,restaurant,chinese,,5165488841
restaurant,Grant Central Pizza,33.7422197,-84.3735188,restaurant,pizza,,5236656422
restaurant,Boruboru Sushi,33.800788,-84.3266198,restaurant,japanese,,5257720859
restaurant,Aladdin's,33.8006944,-84.3264374,restaurant,mediterranean,,5257720860
restaurant,Papi's Cuban Grill,33.8010488,-84.3271482,restaurant,cuban,,5257720861
restaurant,Paradise Biryani,33.8009173,-84.3272823,restaurant,indian,,5257720862
restaurant,Chow Mei Mei,33.8009195,-84.32758,restaurant,chinese,,5257720863
restaurant,Agavero Cantina,33.7892067,-84.4255992,restaurant,mexican,,5258449441
restaurant,Truva Turkish Kitchen,33.7599713,-84.3857253,restaurant,tapas;turkish;mediterranean,,5269336721
restaurant,Varasano's Pizzeria,33.6409258,-84.4396825,restaurant,,,5276555555
restaurant,Low Country,33.6409439,-84.4394171,restaurant,,,5276555557
restaurant,LottaFrutta,33.7559246,-84.3680886,restaurant,sandwich,,5353831522
restaurant,Tio Lucho's,33.7730378,-84.3523927,restaurant,peruvian,,5369463421
restaurant,Simon's Restaurant,33.776135,-84.3826208,restaurant,burger;sandwich,,5379197056
restaurant,Babs Midtown,33.7767491,-84.3831638,restaurant,burger,,5379197059
restaurant,Sivas Hookah Lougne,33.7762215,-84.383173,restaurant,american,,5379197060
restaurant,Food Terminal,33.7787579,-84.410157,restaurant,asian;chinese;japanese;malaysian,,5411270049
restaurant,Highland Bakery,33.7554211,-84.3878114,restaurant,bakery;sandwich,,5413278623
restaurant,Yumbi,33.8073576,-84.3935081,restaurant,asian;mexican,,5430296963
restaurant,57th Fighter Group,33.872574,-84.3056273,restaurant,american,,5438417247
restaurant,Pasta Da Pulcinella,33.7849079,-84.388107,restaurant,italian,,5492390121
restaurant,Wing Nuts,33.7732921,-84.4041932,restaurant,,,5517808982
restaurant,Satto Thai and Sushi Bar,33.7731848,-84.4038448,restaurant,asian;thai,,5517808983
restaurant,La Costilla Grill,33.8587116,-84.3091102,restaurant,mexican;tacos;parrilladas;steak_house,,5611973688
restaurant,Mariscos El Malecon,33.8583754,-84.3092934,restaurant,seafood;mexican,,5611973689
restaurant,Yo! Chef What's cooking?,33.8587872,-84.3091021,restaurant,cuban;sandwich;coffee,,5611973690
restaurant,Buffalo Wild Wings,33.6409595,-84.4291027,restaurant,wings,,5657200853
restaurant,Aamar Indian Cuisine,33.7573385,-84.3898383,restaurant,,,5729291032
restaurant,Red Pepper Taqueria,33.84264,-84.3704863,restaurant,,,5735177421
restaurant,Naan Stop,33.8480077,-84.3740024,restaurant,indian,,5735178023
restaurant,Twin Peaks,33.8474054,-84.3728849,restaurant,american,,5735182021
restaurant,Bowl Lab,33.8647205,-84.4719725,restaurant,,,5900903888
restaurant,Porfirio's Mexican Bar & Grill,33.7623766,-84.3879297,restaurant,mexican,,5946455291
restaurant,Da Vinci's Pizzeria,33.8832989,-84.5008484,restaurant,pizza,,5976757360
restaurant,Wagaya,33.7863572,-84.3983592,restaurant,japanese,,6017944810
restaurant,C Ellet's Steak House,33.8893144,-84.4686983,restaurant,steak_house,,6050334060
restaurant,Antico Pizza,33.8891006,-84.4689309,restaurant,italian,,6050334061
restaurant,Sports & Social,33.8896227,-84.4693601,restaurant,american,,6069758032
restaurant,Punch Bowl Social,33.8890305,-84.4696994,restaurant,,,6071970986
restaurant,Goldbergs Fine Foods,33.8890844,-84.4693762,restaurant,sandwich,,6071970987
restaurant,Superica,33.8889309,-84.4692414,restaurant,mexican,,6071970988
restaurant,El Super Pan,33.8886386,-84.4696283,restaurant,mexican,,6074958013
restaurant,Garden & Gun Club,33.8892609,-84.4687647,restaurant,steak_house,,6074958016
restaurant,Cirque Blue,33.7773218,-84.4081264,restaurant,,,6198995485
restaurant,Le Fat,33.7782031,-84.4089365,restaurant,vietnamese;french,,6205863385
restaurant,Public School 404,33.7804875,-84.4108159,restaurant,,,6205863486
restaurant,Unknown,33.7927976,-84.3971092,restaurant,japanese,,6205863488
restaurant,Rreal Tacos,33.7817754,-84.4078552,restaurant,mexican,,6208524787
restaurant,Bartaco,33.7789048,-84.4094598,restaurant,tacos,,6208525685
restaurant,Alluvia,33.7793475,-84.3885362,restaurant,,,6219792185
restaurant,Superica,33.8599153,-84.3810786,restaurant,mexican,,6266308586
restaurant,Hal’s Steakhouse,33.8546929,-84.3816904,restaurant,steak_house,,6266308588
restaurant,Bar Taco,33.8583693,-84.3814764,restaurant,mexican,,6266313286
restaurant,Volare,33.6589022,-84.4087899,restaurant,,,6298095435
restaurant,Thai Heaven,33.6592625,-84.4093383,restaurant,,,6298095436
restaurant,Buffalo Wild Wings,33.8426032,-84.3284064,restaurant,wings,,6365149040
restaurant,1st Wok,33.8438528,-84.3283397,restaurant,chinese,,6365149047
restaurant,Jamrock,33.751784,-84.3913012,restaurant,,,6369218541
restaurant,rise-n-dine,33.7879297,-84.3263504,restaurant,american,,6373280385
restaurant,Lucky’s Burger & Brew,33.7879583,-84.3262546,restaurant,american,,6373280386
restaurant,Double Zero,33.7879838,-84.3261663,restaurant,italian,,6373280387
restaurant,Wagaya,33.7880163,-84.3260385,restaurant,japanese,,6373280388
restaurant,H&F Burger,33.8897196,-84.468137,restaurant,burger,,6382233905
restaurant,Kale Me Crazy,33.7774057,-84.3830267,restaurant,sandwich;salad,,6414923196
restaurant,Hibachi and Wings,33.7780374,-84.3846159,restaurant,japanese,,6414923198
restaurant,Ecco Midtown,33.7787815,-84.3858784,restaurant,european,,6414923201
restaurant,China Moon,33.8650076,-84.4697611,restaurant,chinese,,6433389389
restaurant,Soho,33.865878,-84.4667087,restaurant,,,6434440817
restaurant,Another Broken Egg Cafe,33.86549,-84.4660811,restaurant,,,6434440824
restaurant,Cafe at Pharr,33.8650004,-84.466707,restaurant,sandwich,,6446563201
restaurant,Paces & Vine,33.8650892,-84.4664463,restaurant,,,6446563205
restaurant,Bowl Lab,33.8651731,-84.4722926,restaurant,,,6515524594
restaurant,Kale Me Crazy,33.8775951,-84.4623064,restaurant,,,6565109011
restaurant,Red Pepper Taqueria,33.869673,-84.3359793,restaurant,mexican;tacos,,6592625852
restaurant,La Pastorcita,33.8429759,-84.3292352,restaurant,mexican,,6595142011
restaurant,Desta Ethiopian Kitchen,33.8378955,-84.3103135,restaurant,ethiopian,,6595314833
restaurant,Loca Luna,33.7885663,-84.3691275,restaurant,,,6720138689
restaurant,Jason's Deli,33.8464453,-84.3744611,restaurant,sandwich,,6778604794
restaurant,Truva Turkish Kitchen,33.7774727,-84.3527443,restaurant,regional,,6818125045
restaurant,Tin Drum Asian Kitchen,33.8827129,-84.4620001,restaurant,asian,,6865262344
restaurant,Pizza Hut,33.7216825,-84.3480383,restaurant,pizza,,6903317463
restaurant,Amalfi Pizza,33.7595906,-84.386976,restaurant,pizza;italian,,6952270985
restaurant,Cuts Steakhouse,33.7598453,-84.3857682,restaurant,steak_house,,6952303685
restaurant,Pho King Midtown,33.7801725,-84.3875317,restaurant,vietnamese,,6994004629
restaurant,Sceptre Brewing Arts,33.7603276,-84.3047868,restaurant,american,,7022900329
restaurant,Pizza Hut,33.879904,-84.4619916,restaurant,pizza,,7047749834
restaurant,Mellow Mushroom,33.764836,-84.3886387,restaurant,pizza;american,,7099014676
restaurant,Ria's Bluebird,33.7465496,-84.3736541,restaurant,,,7101656352
restaurant,Tin Lizzy's Cantina,33.7465696,-84.3738821,restaurant,mexican,,7101656353
restaurant,Six Feet Under Pub & Fish House,33.7466321,-84.3727743,restaurant,seafood,,7101656354
restaurant,Waffle House,33.7473832,-84.2911849,restaurant,american,,7103181263
restaurant,Nam Phuong,33.8612368,-84.3078953,restaurant,vietnamese,,7107572922
restaurant,Poke Burri,33.8878721,-84.4706371,restaurant,asian,,7172046260
restaurant,Lifting Noodles Ramen,33.8878501,-84.4706123,restaurant,asian,,7172046261
restaurant,Fan T'Asia,33.8878371,-84.4705204,restaurant,asian,,7172046263
restaurant,Margaritaville,33.7585278,-84.3923709,restaurant,,,7221379843
restaurant,Good Game,33.8888452,-84.4698922,restaurant,,,7245871023
restaurant,Fadó Irish Pub,33.7796289,-84.3840446,restaurant,american,,7447878472
restaurant,Sweet Georgia's Juke Joint,33.6428745,-84.4327257,restaurant,,,7495521933
restaurant,Trade Root Restaurant & Lounge,33.8502864,-84.3630645,restaurant,mediterranean,,7741648135
restaurant,planet Bombay,33.7541678,-84.3669633,restaurant,,,7774632886
restaurant,Chama,33.8465547,-84.3725394,restaurant,,,7881991786
restaurant,New York Prime,33.8515922,-84.3642992,restaurant,steak_house;seafood,,8001331411
restaurant,Honeysuckle Gelato,33.7315974,-84.4211581,restaurant,ice_cream,,8018660836
restaurant,Talat Market,33.7317567,-84.3839743,restaurant,thai,,8048082826
restaurant,Meehan's Public House,33.7592008,-84.3877562,restaurant,,,8067978703
restaurant,Mr. Hibachi,33.7543613,-84.3883153,restaurant,asian,,8103555714
restaurant,Buenas Dias Cafe,33.7538528,-84.3886821,restaurant,mexican,,8103555716
restaurant,Alma Cocina,33.7591852,-84.3874023,restaurant,mexican,,8116743032
restaurant,The Tavern,33.8895904,-84.4691335,restaurant,american,,8164859523
restaurant,Pokeworks,33.879905,-84.4616454,restaurant,,,8177595183
restaurant,By George,33.7570491,-84.3878154,restaurant,,,8199608304
restaurant,Quick Cafe,33.7902042,-84.3736235,restaurant,,,8235753638
restaurant,Longleaf Restaurant,33.7900167,-84.3734849,restaurant,,,8235753644
restaurant,Trader Vic's Atlanta,33.7610585,-84.3833034,restaurant,polynesian;asian,,8241708969
restaurant,Hudson Grille,33.757327,-84.3933177,restaurant,american,,8258437011
restaurant,Bite of Korea,33.7638128,-84.3680821,restaurant,korean,,8473564122
restaurant,Buckhead Pizza Co.,33.84587,-84.3698854,restaurant,,,8590197217
restaurant,LongHorn Steakhouse,33.8171672,-84.3109723,restaurant,steak_house,,8651848604
restaurant,Outback Steakhouse,33.8167612,-84.3153043,restaurant,american;steak,,8651848639
restaurant,Chili's,33.8163457,-84.3157363,restaurant,tex-mex,,8651848640
restaurant,Taziki's Mediterranean Cafe,33.8142186,-84.3098356,restaurant,greek,,8651874485
restaurant,Vinny's N.Y. Pizza,33.7783138,-84.3848254,restaurant,pizza,,8770194622
restaurant,TUK TUK Thai Food Loft,33.8016118,-84.3925007,restaurant,thai,,8825648846
restaurant,Grana,33.805921,-84.366886,restaurant,italian,,8825648848
restaurant,Little Rey “Al Carbon”,33.8079791,-84.366314,restaurant,mexican,,8825648849
restaurant,Canoe,33.8597972,-84.4552639,restaurant,,,8895746519
restaurant,Farm Burger,33.847265,-84.3726947,restaurant,,,8895765317
restaurant,Buttermilk Kitchen,33.869857,-84.3806275,restaurant,,,8895812117
restaurant,Mirko Pasta,33.8700108,-84.3806265,restaurant,,,8895812217
restaurant,10 Degrees South,33.8690534,-84.3806675,restaurant,,,8895812417
restaurant,Taste of Tropical,33.7409846,-84.4172066,restaurant,caribbean,,8975632103
restaurant,Hot Wing Kitchen,33.7409846,-84.4169162,restaurant,,,8975632105
restaurant,Papa Chow,33.6563082,-84.5138401,restaurant,,,8975673046
restaurant,Buffalo Wild Wings,33.6562831,-84.5114484,restaurant,wings,,8975673089
restaurant,The STATEhouse Grill,33.7360217,-84.3885779,restaurant,,,9147015894
restaurant,Wings & Seafood,33.721657,-84.4084456,restaurant,,,9176612159
restaurant,Pizza Hut,33.687975,-84.4089307,restaurant,pizza,,9176612248
restaurant,Moonsoon Masala,33.8590438,-84.309073,restaurant,chinese,,9256328204
restaurant,Lions the Ultra Lounge,33.8588656,-84.3090987,restaurant,,,9256328206
restaurant,Little Lagos,33.8585972,-84.3091258,restaurant,african,,9256328208
restaurant,Hong Kong City,33.8585463,-84.3091398,restaurant,chinese,,9256328209
restaurant,Unknown,33.6580352,-84.5033675,restaurant,,,9370290426
restaurant,Karma Farm,33.8583576,-84.3817793,restaurant,,,9519346614
restaurant,The Ashford,33.8609719,-84.3311268,restaurant,regional,,9561429829
restaurant,Watchman’s,33.7565658,-84.3640474,restaurant,,,9569936917
restaurant,PreView Restaurant,33.8146971,-84.3910925,restaurant,,,9679265014
restaurant,EATaliano Kitchen,33.8282788,-84.3330076,restaurant,italian,,9756454747
restaurant,Atlanta Breakfast Club,33.764851,-84.3954342,restaurant,breakfast,,9758185817
restaurant,Earl of Sandwich,33.8529945,-84.3628929,restaurant,sandwich,,9758222479
restaurant,Eclipse di Luna,33.8319906,-84.3617567,restaurant,tapas,,9758274200
restaurant,Sushi Kiku,33.8308838,-84.3568227,restaurant,sushi,,9758287729
restaurant,Toast on Lenox,33.8305939,-84.3562278,restaurant,,,9758287730
restaurant,Velvet Taco,33.8400027,-84.3810203,restaurant,mexican,,9758328879
restaurant,Montie's,33.8364835,-84.3359678,restaurant,,,9789181484
restaurant,Don Pollo Mexican Bar & Grill,33.8355834,-84.3364935,restaurant,,,9789181485
restaurant,Nina’s Bar & Grill,33.8378202,-84.3340688,restaurant,,,9789181490
restaurant,Genes,33.7509489,-84.3096126,restaurant,barbecue,,9790443970
restaurant,Mix'd Up,33.7506654,-84.30959,restaurant,burger,,9790443978
restaurant,The Corner Taqueria,33.8837329,-84.5149924,restaurant,,,9798949994
restaurant,Ponko Chicken,33.7734982,-84.2953177,restaurant,chicken;japanese,,9867058294
restaurant,Mami's La Cubana,33.6585056,-84.408061,restaurant,,,9901447103
restaurant,Sombreros Mexican Cantina,33.655686,-84.4022749,restaurant,,,9901565738
restaurant,IHOP,33.6535902,-84.3973279,restaurant,,,9901866643
restaurant,APRON,33.6526159,-84.4007899,restaurant,,,9901901722
restaurant,KIMPTON,33.6529615,-84.4002192,restaurant,,,9901970644
restaurant,Restaurant 356,33.6518146,-84.3985481,restaurant,,,9902024138
restaurant,Airport View Restaurant,33.6538388,-84.4101365,restaurant,,,9902059046
restaurant,Grub Fresh Bowls & Wraps,33.6584845,-84.4178724,restaurant,,,9902326628
restaurant,Eataliano Kitchen,33.8888668,-84.4702203,restaurant,,,9960909423
restaurant,Cameli's,33.7644264,-84.3489355,restaurant,pizza,,10000798501
restaurant,Blue India,33.7796273,-84.3838628,restaurant,indian,,10129258870
restaurant,El Tesoro,33.749472,-84.342591,restaurant,mexican,,10130708680
restaurant,Pho Dai Loi,33.6438893,-84.3640193,restaurant,vietnamese,,10151661017
restaurant,Cuddlefish,33.7735227,-84.295107,restaurant,sushi;japanese,,10161081495
restaurant,The Juniper Cafe,33.8166078,-84.448032,restaurant,asian,,10278631902
restaurant,VN Sandwich,33.8749893,-84.5298164,restaurant,vietnamese,,10589817933
restaurant,Mariscos Las Islitas,33.8748342,-84.5301098,restaurant,mexican,,10589817935
restaurant,No. 1 China,33.8764043,-84.5328657,restaurant,chinese,,10589847714
restaurant,Pita,33.8762843,-84.5333645,restaurant,greek,,10589847721
restaurant,Metro Diner & Bar,33.7598127,-84.3863895,restaurant,american,,10672005206
restaurant,Wing Factory,33.8704769,-84.3796198,restaurant,chicken,,10710092005
restaurant,Playa Bowls,33.8881625,-84.3144058,restaurant,,,10731821705
restaurant,Taichi Bubble Tea,33.8280349,-84.3321304,restaurant,noodle,,10753674646
restaurant,Adios Cafe,33.749891,-84.4010243,restaurant,breakfast;mexican;coffee_shop,,10777981206
restaurant,¡La Bodega!,33.7363587,-84.4119605,restaurant,coffee_shop;sandwich;salvadorian;honduran;pupusa,,10814898673
restaurant,Tin Drum Asian Kitchen,33.8284522,-84.3290224,restaurant,asian,,10844923767
restaurant,Chi Chi Vegan,33.8284394,-84.3295455,restaurant,,,10902684613
restaurant,Michi Ru Asian Cuisine,33.8426392,-84.4983216,restaurant,asian,,10959771673
restaurant,D Cafe and Catering,33.7437043,-84.4383708,restaurant,,,10965679813
restaurant,Firewall Food Stop,33.7436449,-84.4383156,restaurant,,,10965679814
restaurant,Slutty Vegan,33.7432979,-84.4380097,restaurant,,,10965679815
restaurant,Augie's Cafe,33.7432212,-84.4379192,restaurant,american;breakfast,,10965679816
restaurant,Boxcar at Hop City West End,33.7299052,-84.4185637,restaurant,,,10965679818
restaurant,Nobu,33.8542445,-84.3632253,restaurant,sushi;asian,,10977757610
restaurant,Basil's Restaurant & Tapas Bar,33.8361585,-84.3759718,restaurant,restaurant,,11061716402
restaurant,Fortune Cookie Restaurant,33.826571,-84.3333549,restaurant,chinese,,11085582812
restaurant,P.F. Chang's,33.6409856,-84.4386942,restaurant,asian,,11094544243
restaurant,Gordon Biersch Brewery Restaurant,33.6408256,-84.4397113,restaurant,american,,11094544259
restaurant,Glenn's Kitchen,33.7569695,-84.392911,restaurant,american,,11137522234
restaurant,Cafe Sunflower,33.81271,-84.393143,restaurant,,,11139946061
restaurant,Hoots Wings By Hooters,33.7464606,-84.3576639,restaurant,wings,,11152068852
restaurant,Aleppo Kitchen,33.7385222,-84.3444816,restaurant,syrian,,11165092398
restaurant,Delbar,33.761432,-84.3603964,restaurant,middle_eastern,,11165708867
restaurant,Curry Up Now,33.7462432,-84.357887,restaurant,indian,,11215833605
restaurant,Taqueria Tsunami,33.746404,-84.3578842,restaurant,,,11218323744
restaurant,Muss & Turner's,33.8493481,-84.4918385,restaurant,american,,11221469637
restaurant,Old Brick Pit,33.8805664,-84.3203182,restaurant,barbecue,,11244238173
restaurant,Whoopsie's,33.7534631,-84.3493682,restaurant,,,11254352267
restaurant,Chi Chi Vegan,33.7534834,-84.3495842,restaurant,taco,,11254352271
restaurant,Snooze - An A M. Eatery,33.7800161,-84.3678373,restaurant,american;breakfast,,11261587610
restaurant,Wylie & Rum Island Grill,33.7521822,-84.3495661,restaurant,cuban,,11263370249
restaurant,La Semilla,33.7468241,-84.3614924,restaurant,cuban;caribbean,,11264952974
restaurant,envegan,33.7469238,-84.3616327,restaurant,,,11264952975
restaurant,Tropical Smoothie Cafe,33.7469309,-84.3618404,restaurant,,,11264952977
restaurant,Salata,33.745192,-84.3577863,restaurant,,,11265069693
restaurant,First Watch,33.7450542,-84.3577879,restaurant,american;breakfast,,11265069694
restaurant,Bacchanalia,33.7947137,-84.4272646,restaurant,american,,11287482692
restaurant,Atlas,33.8399596,-84.382688,restaurant,,,11287492833
restaurant,Hayakawa,33.783342,-84.4114228,restaurant,japanese,,11287494516
restaurant,Mujō,33.7861054,-84.4106648,restaurant,japanese;sushi,,11287503911
restaurant,Bomb Biscuit Co.,33.761441,-84.3653524,restaurant,breakfast,,11287504096
restaurant,The Busy Bee Cafe,33.7544203,-84.4139693,restaurant,,,11287510287
restaurant,Fishmonger,33.7728011,-84.3526859,restaurant,seafood,,11289852785
restaurant,Fishmonger,33.7596269,-84.3289412,restaurant,seafood,,11289852786
restaurant,Chido & Padres,33.8426263,-84.3832126,restaurant,mexican,,11289971402
restaurant,The Alden,33.8885285,-84.3142329,restaurant,,,11290082648
restaurant,The Chastain,33.8727855,-84.3963923,restaurant,,,11290115241
restaurant,Snooze,33.8797098,-84.380913,restaurant,breakfast,,11295716757
restaurant,D92,33.7719559,-84.2937948,restaurant,korean;barbecue,,11296392979
restaurant,HandleBar,33.7544335,-84.3720279,restaurant,american,,11314810969
restaurant,Deshi Masala Grill and Cafe,33.7881474,-84.4938544,restaurant,,,11347002705
restaurant,Fox Bros BBQ,33.8613289,-84.3397758,restaurant,barbecue,,11440010575
restaurant,Kaleidoscope,33.8609032,-84.3318199,restaurant,american,,11440010576
restaurant,Verde,33.8609977,-84.3309443,restaurant,mexican,,11440010577
restaurant,Haven,33.8606403,-84.3305182,restaurant,american,,11440010580
restaurant,Vero Pizzeria,33.8607383,-84.3301596,restaurant,pizza,,11440010581
restaurant,J. Christopher's,33.8611203,-84.3300318,restaurant,breakfast,,11440010582
restaurant,Galla's Pizza,33.8816735,-84.3188233,restaurant,pizza,,11440010587
restaurant,RUCHI BAngladeshi Cuisine,33.8814814,-84.3191418,restaurant,asian,,11440010588
restaurant,CAVA,33.8848131,-84.3156442,restaurant,mediterranean,,11440010594
restaurant,Bangkok Street Food,33.8838083,-84.3160012,restaurant,thai,,11440010598
restaurant,Taqueria del Sol,33.8836657,-84.31594,restaurant,mexican,,11440010599
restaurant,gusto!,33.8837495,-84.31642,restaurant,american,,11440010600
restaurant,Okiboru Tsukemen & Ramen,33.8161351,-84.390266,restaurant,japanese,,11563553587
restaurant,Rreal Tacos,33.7774169,-84.3834747,restaurant,mexican,,11580959121
restaurant,Lantana,33.7869702,-84.3812993,restaurant,american,,11602341825
restaurant,Sister,33.8479272,-84.3663338,restaurant,sandwich;salad,,11617900203
restaurant,Nick's Food To Go,33.7475328,-84.3796967,restaurant,greek,,11684875290
restaurant,Mellow Mushroom,33.8023062,-84.3931437,restaurant,pizza,,11687946592
restaurant,Bell Street Burritos,33.8046378,-84.3937603,restaurant,mexican,,11687946593
restaurant,Sufi's Kitchen,33.8044218,-84.3937956,restaurant,mediterranean,,11687946594
restaurant,Irie Mon Cafe,33.8035669,-84.3938242,restaurant,,,11687946595
restaurant,Morton's The Steakhouse,33.7629675,-84.3861707,restaurant,steak_house,,11709646146
restaurant,Bottle Rocket,33.7500505,-84.4008904,restaurant,sushi;japanese,,11711442297
restaurant,Match Bar & Oven,33.7494742,-84.4018186,restaurant,american,,11711454745
restaurant,Old Lady Gang - A Southern Eatery,33.7496615,-84.399331,restaurant,american;regional,,11717009042
restaurant,Omni Coffee & Eggs,33.7474592,-84.4019052,restaurant,american;coffee_shop,,11725147698
restaurant,255 Tapas Lounge,33.7476811,-84.4016652,restaurant,tapas,,11725147717
restaurant,Frost Bistro & Bar,33.7470767,-84.4025409,restaurant,american,,11725460032
restaurant,The Projects Restaurant And Lounge,33.7472992,-84.4015505,restaurant,american,,11732255905
restaurant,El Cardenal Cafe,33.8835125,-84.4804983,restaurant,,,11736697810
restaurant,Yay! Beignet & Bistro,33.7578156,-84.3652293,restaurant,,,11736867364
restaurant,First Watch,33.8497432,-84.4927796,restaurant,,,11742438788
restaurant,South City Kitchen,33.849284,-84.4922098,restaurant,,,11742458796
restaurant,The Dinner A’Fare,33.8493986,-84.4916679,restaurant,,,11742676315
restaurant,Esco Restaurant and Tapas,33.7458244,-84.4037657,restaurant,american;tapas,,11746037646
restaurant,CZ Smokez BBQ,33.7456131,-84.405552,restaurant,barbecue,,11747136662
restaurant,Tyde Tate Kitchen,33.7522375,-84.3951723,restaurant,thai,,11766670624
restaurant,El Viñedo Local,33.7743842,-84.3849526,restaurant,South American,,11772521562
restaurant,Snooze,33.8810607,-84.4615135,restaurant,breakfast,,11783573081
restaurant,CAVA,33.8812722,-84.4631796,restaurant,mediterranean,,11783619200
restaurant,Local Motives,33.7650334,-84.3894336,restaurant,american,,11812635161
restaurant,Good Kitchen,33.8852921,-84.5156395,restaurant,,,11822659980
restaurant,Atwoods,33.7774379,-84.3870433,restaurant,pizza,,11860857879
restaurant,Bench Warmers,33.7754414,-84.2994978,restaurant,american,,11874659835
restaurant,Sheba Restaurant & Lounge,33.8279751,-84.3265249,restaurant,american;seafood,,11914392964
restaurant,Danaoln Crepe,33.7523462,-84.3900655,restaurant,,,11916291703
restaurant,High Velocity,33.7613239,-84.385077,restaurant,american,,11927242645
restaurant,Atalian Kitchen & Bar,33.7599778,-84.3859249,restaurant,italian,,11927242647
restaurant,H&F Burger,33.7728531,-84.3656103,restaurant,burger,,11948789326
restaurant,La Fonda Latina,33.8758037,-84.3800281,restaurant,mexican,,11963632003
restaurant,Fellini's Pizza,33.8760517,-84.3800018,restaurant,pizza,,11963632004
restaurant,Young Blood,33.764964,-84.3419166,restaurant,,,11964771984
restaurant,Your Pie,33.6590277,-84.4194727,restaurant,pizza,,12013977243
restaurant,Paschal's,33.6405888,-84.4363688,restaurant,american,,12025799423
restaurant,Capolinea,33.7586641,-84.4004012,restaurant,american;italian,,12029129915
restaurant,Tin Lizzy's Cantina,33.759812,-84.3866832,restaurant,tex-mex,,12042668620
restaurant,Gibney's Pub,33.7603622,-84.3862285,restaurant,american,,12042668621
restaurant,Polaris,33.7614918,-84.3868126,restaurant,american,,12054186983
restaurant,Taste of Greece,33.7742077,-84.3844886,restaurant,greek;mediterranean,,12061232569
restaurant,Egg Harbor Cafe,33.8051393,-84.3940469,restaurant,american;breakfast,,12066534454
restaurant,Osha Thai Sushi Galleria,33.8049216,-84.3939776,restaurant,asian;sushi;thai,,12066534455
restaurant,The Hive Buckhead,33.8054353,-84.3936232,restaurant,american,,12066619840
restaurant,Ding Tea,33.7821191,-84.4078121,restaurant,,,12074442997
restaurant,Pielands,33.7822964,-84.3538294,restaurant,pizza;sandwich,,12089351506
restaurant,North Italia,33.8478553,-84.3637252,restaurant,italian,,12099592129
restaurant,Willy's Mexicana Grill,33.8491994,-84.4282085,restaurant,tex-mex,,12113316330
restaurant,Taza Grill,33.8406571,-84.4846167,restaurant,,,12121298115
restaurant,Livingston Restaurant & Bar,33.772407,-84.3846918,restaurant,american,,12134269540
restaurant,The Ponce Room Bar & Kitchen,33.7721288,-84.3851287,restaurant,american,,12134269560
restaurant,Flavor Rich Restaurant,33.7694221,-84.3849899,restaurant,american,,12143249228
restaurant,Nikolai's Roof,33.7613457,-84.3830653,restaurant,european,,12145028307
restaurant,Zakia,33.848966,-84.3745779,restaurant,,,12168449042
restaurant,Pachengo's,33.8387663,-84.3801462,restaurant,,,12168883456
restaurant,Bella Cucina,33.838302,-84.3801139,restaurant,,,12168883459
restaurant,Humble Pie,33.784946,-84.4115169,restaurant,pizza,,12177511379
restaurant,Barcelona,33.7846191,-84.410843,restaurant,,,12177511380
restaurant,Snooze,33.7813446,-84.4112776,restaurant,breakfast,,12177511387
restaurant,Pancake Social,33.7717865,-84.3652924,restaurant,,,12177511391
restaurant,Ssamjang,33.8804916,-84.467766,restaurant,korean,,12177590909
restaurant,Dead End Drinks,33.7585816,-84.3315433,restaurant,,,12179489277
restaurant,The Flying Biscuit,33.7628845,-84.3375175,restaurant,southern,,12179490236
restaurant,Marcel,33.7856751,-84.4126146,restaurant,french,,12180427323
restaurant,v12 Restaurant,33.7706677,-84.389172,restaurant,american,,12198020683
restaurant,Yard House,33.7947208,-84.4053928,restaurant,american,,12245499589
restaurant,Sugar Factory,33.7833762,-84.3840188,restaurant,american,,12316958958
restaurant,Silverlake Ramen,33.7834098,-84.3842235,restaurant,ramen;american;oriental,,12316958959
restaurant,Bulla Gastrobar,33.7834194,-84.3847646,restaurant,spanish;tapas,,12322566550
restaurant,King Springs Chinese Restaurant,33.8619749,-84.5178815,restaurant,chinese,,12339923909
restaurant,Johnny Rockets,33.7617013,-84.3950157,restaurant,american,,12346357101
restaurant,Edgar's Proof & Provision,33.7724536,-84.3844007,restaurant,american,,12371914812
restaurant,683 Midtown Bar and Bistro,33.7731496,-84.3846182,restaurant,american,,12372464222
restaurant,Lyla Lila,33.7735688,-84.3846169,restaurant,italian,,12372464223
restaurant,Belly Restaurant & Lounge,33.7738376,-84.3849554,restaurant,american,,12372464224
restaurant,Boone's,33.8149588,-84.4056336,restaurant,american;southern,,12390483011
restaurant,Taste On Pine,33.7675893,-84.3825209,restaurant,american,,12396944447
restaurant,Za'Acai Cafe,33.7706319,-84.3821347,restaurant,açaí,,12401065993
restaurant,Café 30a,33.7644712,-84.3883013,restaurant,american,,12410706574
restaurant,Masti Fun Indian Street Eats,33.7783317,-84.3852938,restaurant,indian,,12417463362
restaurant,The Melting Pot,33.7752994,-84.3848141,restaurant,fondue,,12417463371
restaurant,El Valle Kitchen And Bar,33.776284,-84.38469,restaurant,mexican,,12417463372
restaurant,Bar Vegan,33.7728212,-84.3659039,restaurant,american,,12438035984
restaurant,Grits & Eggs Breakfast Kitchen,33.7737553,-84.3886746,restaurant,american;breakfast,,12439507260
restaurant,Zeke's Kitchen & BBQ,33.8456848,-84.5043868,restaurant,,,12439880798
restaurant,Cafe Xpress,33.775277,-84.3863307,restaurant,american,,12444962585
restaurant,Brewdog,33.7560825,-84.3648241,restaurant,american,,12454275779
restaurant,Pizzabox,33.6440609,-84.4427348,restaurant,pizza,,12456323025
restaurant,Saigon Cafe Smyrna,33.8869551,-84.4755573,restaurant,vietnamese,,12557500602
restaurant,"Cheba Hut ""Toasted"" Subs",33.7744601,-84.4064604,restaurant,,,12557970701
restaurant,Chattahoochee Food Works,33.8027237,-84.4285027,restaurant,,,12577020949
restaurant,Sweet Georgia's Juke Joint,33.7586751,-84.387767,restaurant,american,,12619858535
restaurant,Terrace Bistro & Lounge,33.7581859,-84.3877878,restaurant,american,,12619858536
restaurant,Hsu's Gourmet Chinese Restaurant,33.7595501,-84.3862317,restaurant,chinese,,12619858537
restaurant,The Crazy Cities!,33.7593062,-84.3843759,restaurant,american;burger;wings,,12619858538
restaurant,Fandangles,33.7589155,-84.383808,restaurant,american,,12620831735
restaurant,Collage,33.7587736,-84.3838101,restaurant,american;breakfast,,12620831736
restaurant,Thai Chili,33.8169111,-84.3344265,restaurant,thai,,12621422185
restaurant,Sushitto,33.8170425,-84.3344041,restaurant,sushi,,12621519267
restaurant,Bangkok Thai Restaurant,33.7958055,-84.3709003,restaurant,,,12648693967
restaurant,Morelli's,33.7819535,-84.3544483,restaurant,ice_cream,,12648693970
restaurant,Press & Grind,33.7817316,-84.3542632,restaurant,coffee_shop;sandwich,,12648693971
restaurant,Fitlife Foods,33.8550722,-84.381951,restaurant,italian;chinese;burger;regional;chicken;mexican;american;korean;breakfast;mediterranean,,12685975469
restaurant,Rreal Tacos,33.7735347,-84.2954548,restaurant,mexican,,12712157595
restaurant,Casa Balam,33.7757574,-84.2986584,restaurant,mexican,,12712269704
restaurant,Lloyds,33.7548752,-84.3579616,restaurant,pizza,,12766966528
restaurant,Local Three Kitchen & Bar,33.8448498,-84.4267295,restaurant,american,,12767005877
restaurant,Homespun,33.7588853,-84.4009578,restaurant,breakfast,,12778473546
restaurant,Moondog Pub & Grub,33.8856289,-84.3113408,restaurant,,,12791717798
restaurant,Hibachi Buffet,33.8414483,-84.3267262,restaurant,,,12800642812
restaurant,Taqueria El Vecino,33.8238592,-84.2940554,restaurant,mexican,,12805346967
restaurant,The Grove,33.8243054,-84.2934918,restaurant,american,,12805557892
restaurant,Kindred,33.8239151,-84.2937333,restaurant,,,12805573077
restaurant,Yumbii @Moores Mill,33.819754,-84.4494676,restaurant,mexican;tacos;korean;fusion,,12908190845
restaurant,Carniceria Ramirez,33.8206123,-84.4500122,restaurant,mexican,,12919851042
restaurant,Divan Restaurant & Bar,33.7881975,-84.3847419,restaurant,mediterranean,,12924935614
restaurant,Boqueria,33.7879968,-84.3833334,restaurant,spanish;tapas,,12924935617
restaurant,Saints + Council,33.7881028,-84.3830087,restaurant,steak_house,,12924935619
restaurant,Holeman And Finch Public House,33.7879035,-84.3830621,restaurant,american,,12924935620
restaurant,Serena Pastifico,33.7875613,-84.382301,restaurant,italian,,12924935632
restaurant,Brown Bag Seafood Co.,33.7875087,-84.3831729,restaurant,seafood,,12924935635
restaurant,J's Taqueria,33.8835999,-84.4780159,restaurant,mexican,,12943205435
restaurant,Figo Pasta,33.8119585,-84.4263051,restaurant,pasta,,12961585615
restaurant,LowCountry Steak,33.7816906,-84.3881438,restaurant,steak_house,,12979290346
restaurant,Tiff's Treats,33.777979,-84.3889359,restaurant,,,12979291332
restaurant,Xi'an Gourmet House,33.7813098,-84.3885773,restaurant,noodle;chinese,,12979340713
restaurant,Nagomiya,33.7816955,-84.3884062,restaurant,japanese,,12979371752
restaurant,Sway Restaurant,33.7618568,-84.3868803,restaurant,american,,12982949757
restaurant,Cafe Momentum,33.75904,-84.3877603,restaurant,american,,12982949760
restaurant,Glida Pizza,33.774693,-84.3001612,restaurant,,,12996137134
restaurant,Rumi's Kitchen,33.786834,-84.3830426,restaurant,persian,,12999959769
restaurant,Brasserie Margot,33.7863836,-84.3851972,restaurant,french,,13017969103
restaurant,Carolyn's Gourmet Cafe,33.7869351,-84.3872499,restaurant,american,,13018138230
restaurant,Fin & Feathers Midtown,33.7857769,-84.3843543,restaurant,american,,13019491855
restaurant,Emilio's Tacos & Tequila,33.7854151,-84.3864631,restaurant,mexican,,13019491857
restaurant,McCray's Tavern,33.7859115,-84.3876344,restaurant,american,,13019491859
restaurant,Tin Lizzy's Taco Americana,33.7843974,-84.3845708,restaurant,mexican,,13021986945
restaurant,The Companion,33.8185022,-84.4621027,restaurant,american,,13027150501
restaurant,Little Rey,33.8556076,-84.4291027,restaurant,mexican,,13028490670
restaurant,Beechwood Tavern,33.8553423,-84.4293458,restaurant,,,13028654019
restaurant,Sushi Tong,33.8656076,-84.4920035,restaurant,sushi,,13028730750
restaurant,Hartley Kitchen & Cocktails,33.7907798,-84.3883425,restaurant,american,,13036508459
restaurant,Pom Court,33.7900657,-84.3883425,restaurant,spanish,,13036508460
restaurant,Krave Korean Grill,33.8109317,-84.4257629,restaurant,korean,,13044390431
restaurant,Yami Sushi,33.7899715,-84.3077704,restaurant,sushi,,13069859089
restaurant,26 Thai Kitchen & Bar,33.7770138,-84.3830405,restaurant,thai,,13070138151
restaurant,Sebastián Pintxos Bar,33.7768769,-84.3830834,restaurant,spanish;tapas,,13070138152
restaurant,Alta Toro Modern Latin,33.7805467,-84.3871415,restaurant,spanish,,13070138153
restaurant,Nancy's Pizza Midtown,33.7723671,-84.3789007,restaurant,pizza,,13076662889
restaurant,Wok Chi Asian Kitchen,33.7739259,-84.4057328,restaurant,asian;oriental,,13094506001
restaurant,The Flying Biscuit Cafe,33.8103045,-84.4155276,restaurant,american;breakfast,,13104648415
restaurant,Crescent City Kitchen,33.7838085,-84.3843584,restaurant,american,,13123515259
restaurant,Gusto!,33.7314328,-84.4208577,restaurant,,,13124193850
restaurant,Dua Vietnamese,33.7841964,-84.3845977,restaurant,vietnamese;noodle;pho;poke,,13136829380
restaurant,Tabla Indian Cuisine,33.7844101,-84.3851817,restaurant,indian,,13136829387
restaurant,STK Steakhouse,33.7841774,-84.3829286,restaurant,steak_house,,13149655047
restaurant,Hawkers Asian Street Food,33.755625,-84.3655279,restaurant,,,13154487801
restaurant,Bread & Butterfly,33.7624191,-84.3581825,restaurant,,,13154501001
restaurant,Momonoki Momo Cafe,33.7797377,-84.3903434,restaurant,japanese,,13154509801
restaurant,Forza Storico,33.7866328,-84.4121449,restaurant,italian,,13154529301
restaurant,The Consulate,33.7818415,-84.3866133,restaurant,international,,13157004784
restaurant,El Santo Gallo,33.783366,-84.4188996,restaurant,mexican;tacos,,13167533209
restaurant,Tuza Taco,33.7968103,-84.4158023,restaurant,mexican;tacos,,13167533210
restaurant,5Church Buckhead,33.847859,-84.3658154,restaurant,american;italian;seafood,,13184996201
restaurant,Bezoria,33.8804679,-84.4673436,restaurant,middle_eastern,,13185332858
restaurant,J Christopher's,33.7799824,-84.3875051,restaurant,american;breakfast,,13186295416
restaurant,Marlow's Tavern,33.7797181,-84.3875078,restaurant,american,,13186295417
restaurant,Saltwood Charcuterie & Bar,33.783192,-84.3831036,restaurant,american,,13186295418
restaurant,E Ramen +,33.7851108,-84.3880152,restaurant,ramen,,13186577017
restaurant,The Sparrow,33.7798233,-84.387501,restaurant,chinese;asian,,13189267450
restaurant,Hudson Grille,33.7803864,-84.3844408,restaurant,american,,13189267453
restaurant,Agora Mediterranean Cuisine,33.7809485,-84.3844968,restaurant,mediterranean,,13189267454
restaurant,Lazy Betty,33.781343,-84.3837207,restaurant,american,,13189267455
restaurant,T's Brunch Bar,33.7802937,-84.3839098,restaurant,american;breakfast,,13191243381
restaurant,La Santa Tacos & Bar,33.7793627,-84.3824728,restaurant,mexican,,13191504908
restaurant,Triple Jays Pizza Bar,33.7825678,-84.3804433,restaurant,pizza,,13204950494
restaurant,Bar Of Thailand,33.7828397,-84.3803506,restaurant,thai,,13204950495
restaurant,Desi Spice Indian Cuisine,33.7793447,-84.367361,restaurant,indian,,13233423254
restaurant,Tiki Thai,33.8012458,-84.4135879,restaurant,thai,,13248892343
restaurant,Bao Bun Hibachi,33.8012264,-84.4134364,restaurant,taiwanese,,13248892344
restaurant,Discourse Eatery,33.7925474,-84.3859812,restaurant,american,,13253148630
restaurant,Ninja Way Express,33.792454,-84.3859176,restaurant,sushi;hibachi;poké,,13253148631
restaurant,Bones,33.8417605,-84.371031,restaurant,steak_house,,40032002
restaurant,Poke Bar Decatur,33.7750768,-84.2941486,restaurant,,,43304577
restaurant,Revival,33.7716454,-84.2946243,restaurant,american,,48296311
restaurant,Fellini's Pizza,33.7732257,-84.2900322,restaurant,pizza,,51287324
restaurant,Elmyriachi Restaurant & Cantina,33.7525323,-84.3237585,restaurant,mexican;tex-mex,,51288837
restaurant,Thinking Man Tavern,33.7678842,-84.3045782,restaurant,,,51288994
restaurant,Smiley Burger Club,33.7719547,-84.2922772,restaurant,,,51293621
restaurant,Hattie B's Hot Chicken,33.7625306,-84.3488757,restaurant,,,51301940
restaurant,Fellini's Pizza,33.7649872,-84.3339399,restaurant,pizza,,51307297
restaurant,1911 Biscuits & Burgers,33.8776107,-84.5328144,restaurant,burger;biscuit;american;breakfast,,82007394
restaurant,Monterrey Mexican Restaurant,33.8726442,-84.5304808,restaurant,mexican,,82246276
restaurant,Black Sheep Tavern,33.7546348,-84.3768776,restaurant,american,,102163020
restaurant,Cafe Circa,33.7545333,-84.3724915,restaurant,international,,108653469
restaurant,Esco Seafood,33.7541612,-84.37289,restaurant,seafood,,108693217
restaurant,Edgewood Pizzeria,33.7544974,-84.371969,restaurant,pizza,,108693219
restaurant,Slutty Vegan,33.7544736,-84.3717918,restaurant,,,108693220
restaurant,La Hacienda Midtown,33.7791686,-84.3696785,restaurant,mexican,,113921049
restaurant,Mellow Mushroom,33.8161954,-84.3328087,restaurant,pizza,,144497204
restaurant,Waffle House,33.6593281,-84.4292246,restaurant,american,,152991762
restaurant,Little Bear,33.7366571,-84.3854432,restaurant,,,179051323
restaurant,Tacos & Tequilas Mexican Grill,33.77378,-84.3668478,restaurant,mexican,,181548369
restaurant,Park Tavern,33.7821495,-84.3692785,restaurant,american,,181972288
restaurant,Waffle House,33.7598984,-84.3918043,restaurant,american,,192938893
restaurant,Applebee's,33.7230116,-84.5089961,restaurant,american,,201141827
restaurant,Smoothie King,33.7229515,-84.5082627,restaurant,smoothie,,201141829
restaurant,Fellini's Pizza,33.7735097,-84.3576729,restaurant,pizza,,208128711
restaurant,Flip Burger Boutique,33.7726653,-84.3528137,restaurant,burger,,208131003
restaurant,Unknown,33.7716206,-84.3529425,restaurant,,,208133333
restaurant,Eats,33.7736845,-84.3672216,restaurant,,,208170016
restaurant,IHOP,33.7733459,-84.3733699,restaurant,breakfast;pancake,,208354414
restaurant,The Brasserie & Neighborhood Cafe at Parish,33.761894,-84.3604026,restaurant,,,208783341
restaurant,Across the Street,33.7614995,-84.3653948,restaurant,,,210903782
restaurant,Jack's Pizza,33.7614744,-84.3651753,restaurant,pizza,,210903785
restaurant,The Albert,33.7620039,-84.3575212,restaurant,american,,211025766
restaurant,Fritti,33.7628946,-84.3577224,restaurant,italian_pizza,,217604942
restaurant,Casa Almenara,33.7816404,-84.3802966,restaurant,tulum;mexican,,218548421
restaurant,Taquiera Del Sol,33.8132464,-84.3535486,restaurant,taquiera,,220362490
restaurant,Mama's Cocina Latina,33.8109631,-84.3670656,restaurant,mexican,,220365006
restaurant,The Original Pancake House,33.818277,-84.3501942,restaurant,breakfast;pancake,,220385039
restaurant,Rain Thai and Sushi Bar,33.8189041,-84.3496658,restaurant,asian,,220385156
restaurant,Hong Kong Harbour,33.814521,-84.3537835,restaurant,chinese,,220387329
restaurant,Taverna Plaka,33.8148316,-84.3536234,restaurant,greek,,220387532
restaurant,Waffle House,33.8169586,-84.3525644,restaurant,american,,220388821
restaurant,Landmark Diner,33.8174041,-84.3517244,restaurant,,,220388822
restaurant,Babylon Café,33.8167004,-84.3517808,restaurant,,,220389870
restaurant,Octopus Kitchen,33.7967222,-84.3690054,restaurant,american,,226273075
restaurant,Fat Matt's Rib Shack,33.8045258,-84.3670576,restaurant,barbecue,,226565778
restaurant,Ghion Cultural Hall,33.8125008,-84.3551856,restaurant,ethiopian,,226571021
restaurant,Nino's Cucina Italiana,33.8099616,-84.3595464,restaurant,italian,,226573509
restaurant,Las Margaritas,33.809447,-84.3623397,restaurant,mexican,,226576096
restaurant,Roxx Tavern,33.8092774,-84.3630401,restaurant,american,,226576097
restaurant,Johnny's New York Pizza,33.8090997,-84.3635719,restaurant,pizza,,226576099
restaurant,Nakato Japanese Restaurant,33.8087117,-84.3647238,restaurant,japanese;steak_house;sushi,,226577008
restaurant,Atmosphere,33.7988349,-84.3683433,restaurant,french,,226581501
restaurant,The Nook,33.7860424,-84.3785024,restaurant,american,,226820766
restaurant,Genki Noodles & Sushi,33.8421557,-84.3792324,restaurant,asian,,230878043
restaurant,Waffle House,33.8411411,-84.3140738,restaurant,american,,231736854
restaurant,Little Bangkok,33.815861,-84.3522452,restaurant,thai,,231748287
restaurant,LongHorn Steakhouse,33.821696,-84.3679584,restaurant,steak_house,,231748302
restaurant,Chili's,33.8219592,-84.367871,restaurant,tex-mex,,231748303
restaurant,Zesto Drive-In,33.8229422,-84.3669282,restaurant,american,,231749666
restaurant,Buckhead BBQ,33.8413631,-84.3797762,restaurant,barbecue,,231822723
restaurant,IHOP,33.8406639,-84.3782138,restaurant,breakfast;pancake,,231824503
restaurant,White House,33.8410295,-84.3765434,restaurant,,,231824511
restaurant,Grindhouse Killer Burgers,33.8061321,-84.3673683,restaurant,burger,,231845726
restaurant,Gino's NY Pizza Bar,33.8082716,-84.3655189,restaurant,pizza,,231845744
restaurant,Unknown,33.6868676,-84.3101599,restaurant,regional,,234503069
restaurant,Prime On Peachtree,33.782748,-84.3836437,restaurant,steak_house;seafood,,234933264
restaurant,Campagnolo,33.7813811,-84.3809373,restaurant,italian,,234934492
restaurant,Max Lager's,33.7633366,-84.3870366,restaurant,american,,239353093
restaurant,OK Cafe,33.8488055,-84.4294433,restaurant,regional,,244113073
restaurant,Bullpen Rib House,33.7348093,-84.3913463,restaurant,barbecue,,248957899
restaurant,Red Lobster,33.8898635,-84.4743802,restaurant,seafood,,264851324
restaurant,Swapna Indian Cuisine,33.8879658,-84.472819,restaurant,indian,,264851383
restaurant,Sushi Village,33.888677,-84.4732436,restaurant,sushi,,264851384
restaurant,Waffle House,33.8851039,-84.47175,restaurant,american,,264851722
restaurant,Applebee's,33.8846633,-84.4730759,restaurant,american,,264851729
restaurant,Wild Roots of India,33.8827729,-84.47815,restaurant,indian,,264852363
restaurant,Cinco Mexican Cantina,33.8831108,-84.4616524,restaurant,mexican,,264982307
restaurant,Hooters,33.8805109,-84.4601121,restaurant,burger,,264982755
restaurant,Houston's,33.8513091,-84.4299692,restaurant,american,,267464223
restaurant,Blue Ridge Grill,33.8496784,-84.4293287,restaurant,american,,267464291
restaurant,Stake 'n Shake,33.8478563,-84.4302033,restaurant,diner,,267556071
restaurant,Landmark Diner,33.8540851,-84.3830649,restaurant,,,267768830
restaurant,Atlanta Fish Market,33.8366928,-84.3788028,restaurant,seafood,,267772959
restaurant,Waffle House,33.8570241,-84.3816787,restaurant,american,,267984831
restaurant,Anis Café & Bistro,33.8357664,-84.3765941,restaurant,french,,267995737
restaurant,Basil's Restaurant & Tapas Bar,33.8359116,-84.3759786,restaurant,mediterranean,,267995756
restaurant,Bangkok Station,33.8373434,-84.3700508,restaurant,,,267996310
restaurant,Waffle House,33.8373501,-84.3686689,restaurant,american,,268012819
restaurant,Kyma,33.8398513,-84.3690107,restaurant,,,268138677
restaurant,Waffle House,33.8309163,-84.3438938,restaurant,american,,268332464
restaurant,Fogo de Chão,33.8406537,-84.3693851,restaurant,brazilian,,268403864
restaurant,Dantanna's,33.8475173,-84.3651382,restaurant,regional,,268403947
restaurant,The Companion,33.8185023,-84.462103,restaurant,american,,268606966
restaurant,Vision Restaurant & Lounge,33.8238976,-84.3676569,restaurant,,,268632956
restaurant,Henri's Bakery & Deli,33.8178544,-84.4477113,restaurant,,,268640899
restaurant,The Corner Grille Upper West Side,33.8192205,-84.4520514,restaurant,american;cajun,,268640903
restaurant,Fellini's Pizza,33.8091794,-84.4126183,restaurant,pizza,,268686482
restaurant,Cross Creek Country Club,33.8213325,-84.4273609,restaurant,,sports_centre,268691877
restaurant,Houston's,33.8135074,-84.3927811,restaurant,american,,269196190
restaurant,Nuevo Laredo Cantina,33.8095023,-84.4367754,restaurant,mexican,,269199184
restaurant,B's CRACKLIN' BBQ,33.8120504,-84.4721103,restaurant,barbecue,,269202074
restaurant,El Azteca,33.8033347,-84.3935012,restaurant,mexican,,269225581
restaurant,The Daiquiri Factory,33.7983525,-84.4157495,restaurant,burger,,269238311
restaurant,Willy's Mexicana Grill,33.8073323,-84.4131785,restaurant,mexican,,269238331
restaurant,The Juicy Crab,33.8011471,-84.4143247,restaurant,seafood,,269238338
restaurant,Waffle House,33.8007632,-84.4162553,restaurant,american;breakfast,,269238347
restaurant,Olympic Flame,33.8021599,-84.4366726,restaurant,,,269247001
restaurant,The Pagoda,33.806817,-84.3669247,restaurant,chinese,,269389939
restaurant,Negril ATL,33.8006916,-84.4205494,restaurant,caribbean,,269414325
restaurant,Lure Saltwater Kitchen & Bar,33.7850071,-84.3845588,restaurant,seafood,,269843384
restaurant,South City Kitchen,33.7860024,-84.3844612,restaurant,american,,269843394
restaurant,Steamhouse Lounge,33.7834298,-84.38748,restaurant,seafood,,269843600
restaurant,Poor Calvin's,33.768473,-84.3822363,restaurant,asian,,269998869
restaurant,Cameli's Pizza,33.7636922,-84.3490236,restaurant,pizza,,270355796
restaurant,Dyan's Food and Variety,33.7479777,-84.35119,restaurant,,,270491753
restaurant,Staplehouse,33.7541116,-84.3698715,restaurant,,,270494123
restaurant,Mr Everything,33.7545147,-84.416499,restaurant,,,270498830
restaurant,Thumbs Up Diner,33.7540898,-84.3684383,restaurant,,,270876033
restaurant,Ammazza,33.7540696,-84.3680237,restaurant,pizza,,270876304
restaurant,Agave,33.7479192,-84.3679088,restaurant,,,270876314
restaurant,Dat Fire Jerk Chicken,33.7482654,-84.4046954,restaurant,caribbean;chicken,,270883926
restaurant,Rosie's Coffee Café,33.7535847,-84.4024713,restaurant,breakfast,,270884150
restaurant,Homegrown,33.7467733,-84.3559436,restaurant,breakfast,,271015751
restaurant,Muchacho,33.7468699,-84.357988,restaurant,mexican;coffee_shop,,271015925
restaurant,Daddy D'z,33.7471068,-84.3789941,restaurant,barbecue,,271019839
restaurant,Mezcalito's,33.7463745,-84.3746559,restaurant,mexican,,271019921
restaurant,China Cafeteria,33.738945,-84.4346063,restaurant,,,271026281
restaurant,Argosy,33.7413311,-84.3462224,restaurant,american,,271124957
restaurant,Lean Draft House,33.738188,-84.430535,restaurant,,,271278421
restaurant,Pollo Primo,33.7327787,-84.3489445,restaurant,chicken,,271287477
restaurant,Ollie's Market & Deli,33.7301749,-84.3739211,restaurant,,,271300027
restaurant,Wood’s Chapel BBQ,33.7365628,-84.3849952,restaurant,,,271909133
restaurant,Hot Dog Pete's,33.7367037,-84.3870913,restaurant,,,271909597
restaurant,The Beautiful Restaurant,33.7222764,-84.4625305,restaurant,,,271917002
restaurant,Zesto,33.7238338,-84.349756,restaurant,chicken,,272193402
restaurant,American Deli,33.6819945,-84.4080504,restaurant,american,,275814834
restaurant,Waffle House,33.675272,-84.4436357,restaurant,american,,276627119
restaurant,The Perfect Bite,33.6647451,-84.4082705,restaurant,,,277551249
restaurant,Hapeville Corner Tavern,33.6583078,-84.4075701,restaurant,,,277552157
restaurant,Spondivits,33.6592036,-84.4290518,restaurant,seafood,,277644289
restaurant,Malones,33.6585631,-84.4300472,restaurant,,,277644292
restaurant,Ruby Tuesday,33.6585959,-84.4294047,restaurant,american,,277644688
restaurant,Waffle House,33.6592195,-84.416748,restaurant,american,,278560828
restaurant,Barbecue Kitchen,33.6595795,-84.4361339,restaurant,barbecue,,278564355
restaurant,Happy Buddha,33.6596138,-84.4369024,restaurant,chinese,,278564381
restaurant,Waffle House,33.7642888,-84.5309223,restaurant,american,,280253528
restaurant,Hibachi Express,33.8898537,-84.5374432,restaurant,,,283274449
restaurant,American Deli,33.655035,-84.5049509,restaurant,american,,288997148
restaurant,Tavern at Jr Crickets,33.6548304,-84.5058667,restaurant,,,288997149
restaurant,Chili's,33.6549202,-84.507953,restaurant,tex-mex,,288997151
restaurant,TGI Friday's,33.6550537,-84.5087108,restaurant,american,,288997152
restaurant,Jason's Deli,33.6558252,-84.509163,restaurant,sandwich,,288997154
restaurant,LongHorn Steakhouse,33.655898,-84.5028832,restaurant,steak_house,,288997188
restaurant,Olive Garden,33.6568265,-84.5006713,restaurant,italian,,288999846
restaurant,Red Lobster,33.6570133,-84.5000055,restaurant,seafood,,288999847
restaurant,Chili's,33.6572324,-84.4991854,restaurant,tex-mex,,288999848
restaurant,Jim 'N Nick's Bar-B-Q,33.8421818,-84.5001714,restaurant,barbecue,,294624278
restaurant,Waffle House,33.8405275,-84.5193369,restaurant,american,,304752633
restaurant,Stone Soup Kitchen,33.7456411,-84.3684134,restaurant,american,,307770645
restaurant,Kimball House,33.7716019,-84.2922665,restaurant,upscale,,307773271
restaurant,Copeland's,33.8774068,-84.4558915,restaurant,american,,322324909
restaurant,Stockyard Burgers and Bones,33.865463,-84.4688441,restaurant,barbecue,,339578245
restaurant,Figo,33.8664324,-84.4671468,restaurant,italian,,339622724
restaurant,Old Vinings Inn,33.8665395,-84.465975,restaurant,,,339776990
restaurant,Sweet Auburn BBQ,33.7723024,-84.3527079,restaurant,barbecue,,377551021
restaurant,Soul Vegan,33.7722043,-84.3527052,restaurant,soul,,377551259
restaurant,Fellini's Pizza,33.8255768,-84.2911855,restaurant,pizza,,396000965
restaurant,Waffle House,33.8881047,-84.3130981,restaurant,american,,422308886
restaurant,Thelma's Kitchen,33.7557202,-84.377762,restaurant,,,431702351
restaurant,Foxx Jamaican,33.7544931,-84.3752769,restaurant,jamaican,,431705645
restaurant,Cluck 'n Moo,33.7795062,-84.4053967,restaurant,burger,,447782439
restaurant,Catalina,33.6428664,-84.3895864,restaurant,mexican,,484552795
restaurant,Venkman's,33.7668221,-84.3632571,restaurant,american;bar,,496236697
restaurant,Unknown,33.7630287,-84.3576495,restaurant,italian,,496238156
restaurant,Beatlecat,33.7626525,-84.358241,restaurant,seafood,,496238157
restaurant,Bartaco,33.7624419,-84.3585841,restaurant,tacos,,496238158
restaurant,Char,33.7621721,-84.3590718,restaurant,korean,,496238159
restaurant,La Fiesta Mexican Grille and Bar,33.6596036,-84.4353269,restaurant,mexican,,532986188
restaurant,Chops Lobster Bar,33.839895,-84.3818258,restaurant,,,536845838
restaurant,Golden Buddha Restaurant,33.8101413,-84.3084102,restaurant,,,544134835
restaurant,Bonefish Grill,33.8801374,-84.4589453,restaurant,seafood,,565899115
restaurant,Dixie-Q,33.8612902,-84.3322841,restaurant,barbecue,,602747718
restaurant,Unknown,33.8611268,-84.3390377,restaurant,,,602753063
restaurant,Waffle House,33.7985646,-84.5128006,restaurant,american,,629667551
restaurant,Varners Restaurant & Tavern,33.872684,-84.5335792,restaurant,,,684626172
restaurant,Zoya Mediterranean Kitchen,33.8762757,-84.5233133,restaurant,greek,,684635027
restaurant,IHOP,33.8368391,-84.311109,restaurant,breakfast;pancake,,702322848
restaurant,McAlister's Deli,33.790853,-84.4074358,restaurant,sandwich,,705494824
restaurant,Gusto,33.7911615,-84.4066571,restaurant,,,706304722
restaurant,Grindhouse Killer Burgers,33.7725999,-84.2962775,restaurant,american;burger,,733311193
restaurant,Waffle House,33.7407529,-84.3618359,restaurant,american,,737362880
restaurant,Mediterranea,33.7316394,-84.3768386,restaurant,mediterranean,,740745970
restaurant,Patria Cocina,33.725564,-84.3770372,restaurant,mexican,,752857487
restaurant,Hotto Hotto Ramen & Teppanyaki,33.7258276,-84.3770405,restaurant,japanese,,752857489
restaurant,Pizza Hut,33.8115735,-84.476126,restaurant,pizza,,758857234
restaurant,Waffle House,33.8107402,-84.4754102,restaurant,american,,758858027
restaurant,Star Provisions,33.7948549,-84.4272709,restaurant,,,778136685
restaurant,Junior's Pizza,33.7365415,-84.3853828,restaurant,pizza,,792738155
restaurant,Waffle House,33.8256118,-84.3660165,restaurant,american,,806887232
restaurant,Pig-N-Chik BBQ,33.8056754,-84.3359734,restaurant,,,806976252
restaurant,Newk's Eatery,33.8805419,-84.5121202,restaurant,,,824420068
restaurant,Slice Downtown,33.7569208,-84.3900306,restaurant,pizza,,870569678
restaurant,McCormick & Schmick's,33.7579476,-84.3939851,restaurant,seafood;steak,,870838414
restaurant,Hard Rock Cafe,33.7599303,-84.3871628,restaurant,american,,871428767
restaurant,Blaze Pizza,33.7910424,-84.4069957,restaurant,pizza,,884947335
restaurant,Mamoun's Falafel,33.7901254,-84.4073876,restaurant,falafel,,884947336
restaurant,Nan Thai Fine Dining,33.7915768,-84.3895404,restaurant,thai,,885332249
restaurant,New Realm Brewing,33.7690298,-84.3619542,restaurant,american,,961282227
restaurant,John's Fine Restaurant,33.6409268,-84.3624372,restaurant,,,969454138
restaurant,Waffle House,33.7846833,-84.4070671,restaurant,american,,973196731
restaurant,Los Bravos Mexican Restaurant,33.8440721,-84.5035608,restaurant,,,999905176
restaurant,US Deli,33.8063754,-84.5287368,restaurant,,,1008112124
restaurant,Maggiano's Little Italy,33.8808633,-84.4677296,restaurant,italian,,1008714232
restaurant,The Cheesecake Factory,33.8808208,-84.4681453,restaurant,american,,1008714233
restaurant,P.F. Chang's,33.8810291,-84.4686163,restaurant,asian,,1008714235
restaurant,Buffalo Wild Wings,33.8811844,-84.4687926,restaurant,wings,,1008714236
restaurant,Stoney River,33.8814444,-84.4691857,restaurant,steak_house,,1008714239
restaurant,GW Gyros & Wings,33.8799189,-84.4678528,restaurant,,,1008714256
restaurant,Linton's Caribbean Cuisine,33.8799684,-84.4678448,restaurant,,,1008714257
restaurant,Pizza Hut,33.8436693,-84.5037017,restaurant,pizza,,1013567704
restaurant,US Cafe,33.8451808,-84.501127,restaurant,burger,,1013567711
restaurant,Grand Champion BBQ,33.80175,-84.5023735,restaurant,barbecue,,1019801084
restaurant,Maepole Atlanta,33.7369866,-84.3849649,restaurant,,,1020907794
restaurant,Waffle House,33.84483,-84.490827,restaurant,american,,1022014310
restaurant,Tokyo Sushi,33.8417491,-84.5057442,restaurant,sushi,,1024989338
restaurant,Luna Maya Mexican Restaurant,33.8420555,-84.5016083,restaurant,mexican,,1024989343
restaurant,Twisted Kitchen,33.8428544,-84.5008532,restaurant,asian,,1024989346
restaurant,Kale Me Crazy,33.8440229,-84.4909502,restaurant,,,1024989353
restaurant,Sushinobo in Vinings,33.8440351,-84.4907558,restaurant,sushi,,1024989354
restaurant,L'Thai Organic Cafe & Wine Bar,33.8434175,-84.4905316,restaurant,thai,,1024989360
restaurant,Fellini's Pizza,33.8315575,-84.3849792,restaurant,pizza,,1025314270
restaurant,Fred's Meat and Bread,33.7590391,-84.3633352,restaurant,,,1029080425
restaurant,Gu's Dumplings,33.7590374,-84.3633819,restaurant,,,1029080426
restaurant,Suzy Siu's Baos,33.7589357,-84.3632601,restaurant,,,1029081058
restaurant,Velvet Taco,33.8399947,-84.3810064,restaurant,mexican,,1062208844
restaurant,Sushi Kiku,33.8309714,-84.3568355,restaurant,sushi,,1062210926
restaurant,Roasters Rotisserie,33.8310786,-84.3566221,restaurant,chicken,,1062210929
restaurant,Nova Sushi,33.8527632,-84.3584611,restaurant,sushi,,1063688512
restaurant,Zocalo,33.7815241,-84.3810881,restaurant,mexican,,1078346902
restaurant,Nellie B's,33.7815046,-84.3809282,restaurant,chicken,,1078346903
restaurant,Unknown,33.7364358,-84.3851219,restaurant,,,1103022885
restaurant,How Crispy Express,33.7366894,-84.385316,restaurant,,,1103022886
restaurant,Fuwah Chinese Restaurant,33.7366482,-84.3860269,restaurant,chinese,,1103022888
restaurant,La Fonda Latina,33.8316782,-84.3849266,restaurant,mexican;spanish,,1141693660
restaurant,Red's Beer Garden,33.718487,-84.3680971,restaurant,,,1152850184
restaurant,Grindhouse Burgers,33.8610193,-84.337073,restaurant,burger,,1173727328
restaurant,Breaker Breaker,33.7520685,-84.3568737,restaurant,,,1211475355
restaurant,Carroll Street Cafe,33.7489849,-84.3679485,restaurant,,,1392437088
restaurant,Jen Chan's,33.7495244,-84.3678914,restaurant,,,1392437091
restaurant,Establishment Atlanta,33.7868532,-84.3821613,restaurant,american,,1414724120
restaurant,5Church Atlanta,33.7872807,-84.3827824,restaurant,american,,1414724128
restaurant,Elise,33.789506,-84.3856938,restaurant,italian;french;seafood,,1424891413
restaurant,Reverence Cuisine & Cocktails,33.7854842,-84.3876532,restaurant,american,,1427404724
restaurant,Hankook Taqueria,33.81156,-84.4316456,restaurant,mexican;korean,,1432549421
restaurant,Orient Express,33.8661947,-84.4681026,restaurant,sushi;chinese;japanese,,6133173
cafe,Bread Coffeehouse,33.7883484,-84.3206959,cafe,coffee_shop,,358780359
cafe,Inman Perk Coffee,33.7625177,-84.3591397,cafe,coffee_shop,,497350542
cafe,Pastries A Go Go,33.7760711,-84.2998584,cafe,,,534152483
cafe,Java Vino,33.7701175,-84.3523271,cafe,,,536665814
cafe,Rebel Teahouse,33.7754471,-84.2942248,cafe,bubble_tea,,544023149
cafe,Oakview Coffee,33.7591523,-84.3032761,cafe,,,544487958
cafe,Out of the Pan,33.7758966,-84.2963791,cafe,american,,554816594
cafe,Sawicki's,33.7754139,-84.2997482,cafe,,,556485776
cafe,Caramba Cafe,33.7926749,-84.3518596,cafe,,,567065894
cafe,Dr. Bombay's,33.7647556,-84.3336198,cafe,,,568038119
cafe,Gato Bizco,33.7649126,-84.3332078,cafe,,,568038122
cafe,The Flying Biscuit,33.7647485,-84.3331821,cafe,,,568038127
cafe,J. Christopher's,33.7757798,-84.2928439,cafe,,,569509275
cafe,Babette's Cafe,33.7699856,-84.3522921,cafe,,,660529453
cafe,Starbucks,33.8571917,-84.3436399,cafe,coffee_shop,,779187548
cafe,Starbucks,33.8188124,-84.3883597,cafe,coffee_shop,,779212214
cafe,Caribou Coffee,33.8439407,-84.3701491,cafe,coffee_shop,,779212236
cafe,Starbucks,33.758453,-84.39708,cafe,coffee_shop,,861902895
cafe,Rev Coffee Roasters,33.8821543,-84.5042073,cafe,coffee_shop,,945574843
cafe,Marlee's Coffee and Tea,33.7497186,-84.3787121,cafe,coffee_shop,,1141444131
cafe,Starbucks,33.7680684,-84.3494503,cafe,coffee_shop,,1237615380
cafe,Aurora Coffee,33.7670138,-84.3493774,cafe,,,1237623443
cafe,Village Coffeehouse,33.7656269,-84.3493345,cafe,,,1237654290
cafe,Java Lords Coffeehouse & Bar,33.7638564,-84.3509537,cafe,,,1237999081
cafe,Cafe 458,33.7544311,-84.3726945,cafe,american,,1246052475
cafe,Starbucks,33.825593,-84.365614,cafe,coffee_shop,,1252485964
cafe,Landmark Diner - Downtown,33.7566131,-84.3890915,cafe,burger;american,,1446314511
cafe,Wave 3 Coffee,33.8398782,-84.3771207,cafe,coffee_shop,,1579693151
cafe,Starbucks,33.8185812,-84.3125155,cafe,coffee_shop,,1584192112
cafe,Crepe Masters,33.7776667,-84.2972228,cafe,,,1643182334
cafe,Joe's East Atlanta Coffee Shop,33.7403458,-84.3454252,cafe,coffee_shop,,1667797722
cafe,Drip Coffee Shop,33.7406611,-84.3572531,cafe,,,1748940289
cafe,Revolution Doughnuts,33.7654614,-84.3083091,cafe,donut,,1768740597
cafe,The Dancing Goats Coffee Bar @ Ponce City Market,33.7714564,-84.3673949,cafe,coffee_shop,,1940768590
cafe,The Little Tart Bakeshop,33.746078,-84.3727959,cafe,,,1973081734
cafe,Buena Gente,33.7927515,-84.3050267,cafe,,,2015638373
cafe,Just Around the Corner,33.7571903,-84.3926492,cafe,burger;american,,2035267512
cafe,San Francisco Coffee,33.7872621,-84.3555313,cafe,coffee_shop,,2184808417
cafe,Caribou Coffee,33.7820764,-84.3806365,cafe,coffee_shop,,2277885151
cafe,Starbucks,33.8274295,-84.3313378,cafe,coffee_shop,,2283453470
cafe,Sweet Cheats,33.7504418,-84.3643866,cafe,cupcake;sweets,,2288048120
cafe,Starbucks,33.798133,-84.37076,cafe,coffee_shop,,2351693960
cafe,Starbucks,33.786946,-84.3829565,cafe,coffee_shop,,2390850320
cafe,Honey Bubble,33.774131,-84.361338,cafe,bubble_tea,,2429478309
cafe,Grant Park Coffeehouse,33.7337611,-84.3737177,cafe,,,2703552247
cafe,Café Lucia,33.784143,-84.3805725,cafe,pastry;coffee_shop,,2749706180
cafe,The Daily,33.7569855,-84.3539874,cafe,,,2755039442
cafe,Barnes & Noble Cafe,33.8801003,-84.4637817,cafe,coffee_shop,,2773409689
cafe,The Original ChopShop,33.8798926,-84.4609968,cafe,american;salad;sandwich,,2793321519
cafe,Starbucks,33.6400842,-84.4327328,cafe,coffee_shop,,2924175844
cafe,Caribou Coffee,33.6408524,-84.4255666,cafe,coffee_shop,,2924606872
cafe,Starbucks,33.6409417,-84.4446612,cafe,coffee_shop,,2924610306
cafe,MidCity Cafe,33.7778611,-84.3875226,cafe,,,2933053627
cafe,The Dancing Goats Coffee Bar,33.7758103,-84.3032666,cafe,coffee_shop,,3021082253
cafe,Starbucks,33.8353822,-84.3826938,cafe,coffee_shop,,3021596180
cafe,Starbucks,33.6416384,-84.4324901,cafe,coffee_shop,,3098867429
cafe,Taproom Coffee & Beer,33.751568,-84.3232107,cafe,coffee_shop,,3129949343
cafe,West Egg Cafe,33.7843654,-84.412146,cafe,,,3372607294
cafe,Urban Grind,33.7777018,-84.4089783,cafe,coffee_shop,,3372607296
cafe,Chololaté,33.791264,-84.30582,cafe,coffee_shop,,3411018984
cafe,Roast Coffeehouse,33.6407032,-84.4361886,cafe,coffee_shop,,3441619056
cafe,Refugee Coffee,33.7554483,-84.3828534,cafe,coffee_shop,,3485157910
cafe,Arden's Garden,33.7554465,-84.3827845,cafe,juice,,3485166783
cafe,Atlanta Coffee Roasters,33.8158394,-84.3130469,cafe,coffee_shop,,3599559801
cafe,SIP The Experience,33.8227339,-84.3698719,cafe,coffee_shop,,4081894989
cafe,IN Between Cafe,33.8362255,-84.3823401,cafe,,,4643468356
cafe,Starbucks,33.8775592,-84.4655189,cafe,coffee_shop,,4697355860
cafe,Cafe Copper Top,33.8769666,-84.4654222,cafe,,,4698283410
cafe,Starbucks,33.7766369,-84.3883489,cafe,coffee_shop,,4702370101
cafe,drip,33.6588707,-84.4086839,cafe,coffee_shop,,4772967643
cafe,Rising Roll Gourmet Café,33.787083,-84.3881965,cafe,sandwich,,4953685794
cafe,Corner Bakery,33.761818,-84.3878388,cafe,coffee_shop,,4994150228
cafe,Cafe Lucia,33.7557155,-84.3898802,cafe,coffee_shop,,5260314989
cafe,Cafe Brioche,33.6407912,-84.4388229,cafe,,,5276555562
cafe,Condesa Coffee,33.7597409,-84.3718563,cafe,coffee_shop,,5351941421
cafe,Land of 1000 Hills,33.7557965,-84.3889215,cafe,coffee_shop,,5413277910
cafe,Boba Mocha,33.7552672,-84.389238,cafe,,,5413277913
cafe,Starbucks,33.7891845,-84.3267735,cafe,coffee_shop,,5554395887
cafe,Rising Roll,33.7971242,-84.3881121,cafe,,,5943008670
cafe,Sweet Hut Bakery,33.780075,-84.3839758,cafe,cake;donut;coffee_shop,,6186979685
cafe,Unknown,33.7927833,-84.3972941,cafe,,,6205863487
cafe,Dancing Goats Coffee,33.78057,-84.3864215,cafe,coffee_shop,,6206100587
cafe,Brash,33.7856086,-84.4118789,cafe,,,6208524788
cafe,Cafeteria,33.7706769,-84.3877488,cafe,chicken;breakfast;lunch,,6227558789
cafe,Gold & Bold Coffee Roasters,33.7807227,-84.3979786,cafe,coffee_shop,,6228019385
cafe,Blue Donkey Coffee,33.7742994,-84.3953046,cafe,coffee_shop,,6250268928
cafe,Starbucks,33.8839364,-84.3161221,cafe,coffee_shop,,6283505847
cafe,Golden Drops Cafe,33.8062148,-84.3107979,cafe,coffee_shop,,6373302433
cafe,Kung Fu Tea,33.7543918,-84.3884522,cafe,bubble_tea,,6375927985
cafe,Cafe at Pharr,33.8069279,-84.4342245,cafe,,,6592625851
cafe,Starbucks,33.7749898,-84.389005,cafe,coffee_shop,,6912898013
cafe,Starbucks,33.7603949,-84.394799,cafe,coffee_shop,,6918500667
cafe,Starbucks,33.7578881,-84.3944136,cafe,coffee_shop,,6918531177
cafe,East Pole Coffee Company,33.8106962,-84.3785033,cafe,coffee,,7024641565
cafe,Starbucks,33.7543665,-84.3867205,cafe,coffee_shop,,7025144080
cafe,Kung Fu Tea,33.8878609,-84.4704832,cafe,bubble_tea,,7172046264
cafe,Fresh4You,33.8077135,-84.3933817,cafe,,,7567432349
cafe,Park Grounds,33.7501026,-84.354649,cafe,coffee_shop;breakfast;sandwich,,7779207985
cafe,Chattahoochee Coffee,33.7868525,-84.4138214,cafe,,,8171357808
cafe,Corner Cafe,33.8390787,-84.3695093,cafe,,,8533230584
cafe,Whistle Bistro,33.7726422,-84.3944799,cafe,,,8533230593
cafe,Starbucks,33.7927,-84.3994001,cafe,coffee_shop,,8796724282
cafe,Cafe at Pharr,33.8398829,-84.3769314,cafe,,,8895754117
cafe,Starbucks,33.8493844,-84.4282459,cafe,coffee_shop,,9176612025
cafe,Pizza Semplice,33.8581606,-84.3098488,cafe,,,9256386501
cafe,Café Lucia,33.8841116,-84.5156715,cafe,coffee_shop,,9469785397
cafe,FruTea Bubbles Café,33.8853343,-84.5155895,cafe,bubble_tea,,9798947513
cafe,Kaldi's Coffee,33.7742268,-84.3965195,cafe,coffee_shop,,9848845383
cafe,Starbucks,33.7521747,-84.3823481,cafe,coffee_shop,,10093411941
cafe,Starbucks,33.6543435,-84.5031486,cafe,coffee_shop,,11079242411
cafe,Harvest & Grounds,33.6413459,-84.4425295,cafe,coffee_shop,,11094544236
cafe,Con Leche Coffee,33.7486994,-84.3528036,cafe,,,11263370246
cafe,Daily Dose Coffee,33.7458226,-84.3580102,cafe,,,11264952981
cafe,Starbucks,33.8843181,-84.3159914,cafe,coffee_shop,,11440010591
cafe,Tim Hortons,33.7706708,-84.3892945,cafe,coffee_shop,,11509900660
cafe,Three Peaches Gelato and Coffee,33.7814304,-84.3684519,cafe,coffee_shop,,11869914408
cafe,Starbucks,33.7227606,-84.5070411,cafe,coffee_shop,,11916377814
cafe,Starbucks,33.7618197,-84.3850805,cafe,coffee_shop,,11927242646
cafe,Costa Coffee,33.8697945,-84.3362129,cafe,,,11951982308
cafe,Sean's Candler Park,33.764962,-84.3418636,cafe,coffee_shop,,11964694297
cafe,Bellwood Coffee,33.8102539,-84.4769098,cafe,coffee_shop,,11983467388
cafe,Cafe Comma,33.865208,-84.4718406,cafe,,,11998930434
cafe,Starbucks,33.8059109,-84.3935816,cafe,coffee_shop,,12066619842
cafe,Starbucks,33.8469862,-84.3702391,cafe,coffee_shop,,12099451609
cafe,Corner Bakery,33.8482812,-84.3673532,cafe,coffee_shop,,12099723642
cafe,Starbucks,33.7835181,-84.4077289,cafe,coffee_shop,,12101507817
cafe,Larakin Wine And Coffee,33.7844809,-84.3805853,cafe,seafood;coffee_shop,,12118494844
cafe,Foxtail Coffee Co.,33.848946,-84.3744733,cafe,coffee_shop,,12168449041
cafe,LTH,33.7709071,-84.3691627,cafe,coffee_shop,,12177511393
cafe,Starbucks,33.7554436,-84.3821224,cafe,coffee_shop,,12179386295
cafe,Three Dollar Cafe,33.877276,-84.3794656,cafe,,,12179928199
cafe,Spiller Park Specialty Coffee,33.7523056,-84.395287,cafe,coffee_shop,,12248510710
cafe,Dancing Goats Coffee,33.7737518,-84.3985677,cafe,coffee_shop,,12348556801
cafe,Land Of A Thousand Hills Coffee & Bar,33.7740897,-84.3845047,cafe,coffee_shop,,12372464225
cafe,Buffalo Bayou Coffee,33.7727285,-84.3846655,cafe,coffee_shop,,12374476401
cafe,Starbucks,33.7784062,-84.3841391,cafe,coffee_shop,,12417463369
cafe,Starbucks,33.6438644,-84.4426289,cafe,coffee_shop,,12456323027
cafe,Illy,33.7726689,-84.3639126,cafe,coffee_shop,,12621545744
cafe,C'est la Vie Cafe,33.6534962,-84.449661,cafe,,,12676657501
cafe,Starbucks,33.7704211,-84.3853427,cafe,coffee_shop,,12798295844
cafe,My Coffee Shop,33.7473912,-84.3063336,cafe,,,12862542062
cafe,"Spiller Park Coffee ""SP3""",33.8193226,-84.4498145,cafe,coffee_shop,,12908190844
cafe,Opo Coffee,33.7719093,-84.2921403,cafe,coffee_shop,,12957236864
cafe,Lobby Market,33.7618364,-84.3865094,cafe,coffee_shop,,12982949758
cafe,Cafe Fwi,33.7608196,-84.3879394,cafe,coffee_shop,,12982949759
cafe,Foxtail Coffee Co.,33.7881478,-84.3880211,cafe,coffee_shop,,13019884475
cafe,Toastique,33.7880101,-84.3880257,cafe,american;coffee_shop,,13019884476
cafe,Tower Market,33.787872,-84.385,cafe,american,,13021986950
cafe,The Daily,33.8552201,-84.4295548,cafe,coffee_shop,,13028631263
cafe,Arden's Garden Juice Bar & Smoothies West Midtown,33.7789222,-84.4093779,cafe,juice,,13033852756
cafe,MetroFresh Uptown,33.791741,-84.386292,cafe,sandwich;salad,,13036508454
cafe,Starbucks,33.8377974,-84.3125305,cafe,coffee_shop,,13060977472
cafe,The Bean Counter,33.7877417,-84.3851473,cafe,coffee_shop,,13067384420
cafe,Savi Provisions,33.7809474,-84.3842616,cafe,sandwich,,13070138148
cafe,Cafe Intermezzo,33.7833193,-84.383647,cafe,coffee_shop;american;pastry,,13070138154
cafe,Capital Commons,33.7864596,-84.3884829,cafe,coffee_shop,,13104004862
cafe,For Five Coffee Roasters,33.7849405,-84.3875969,cafe,coffee_shop,,13186535219
cafe,Land Of A Thousand Hills Coffee,33.7855238,-84.3894384,cafe,coffee_shop,,13189267449
cafe,Perc,33.7512273,-84.3094029,cafe,coffee_shop,,13189373118
cafe,Dancing Goats Coffee Bar,33.7759237,-84.3032546,cafe,coffee_shop,,51305933
cafe,Starbucks,33.7736284,-84.3658943,cafe,coffee_shop,,181548374
cafe,Starbucks,33.7802696,-84.3688365,cafe,coffee_shop,,182466494
cafe,Bottle Cap Café,33.7630697,-84.3940496,cafe,,,193133919
cafe,San Francisco Coffee Roasting,33.7728106,-84.3527869,cafe,,,208130998
cafe,PERC Atlanta Highlands,33.7832129,-84.3547385,cafe,coffee_shop,,208159524
cafe,Unknown,33.7737145,-84.3641412,cafe,,,219554150
cafe,Starbucks,33.88749,-84.4739513,cafe,coffee_shop,,264851431
cafe,Starbucks,33.8461645,-84.3730923,cafe,coffee_shop,,268001237
cafe,The Ke'nekt Cooperative,33.7422951,-84.4370481,cafe,coffee_shop,,271026126
cafe,Hodgepodge,33.7345207,-84.3490564,cafe,coffee_shop,,271287420
cafe,Kemper's Cafe,33.7015763,-84.4084488,cafe,,,274054303
cafe,Nations Café,33.6643037,-84.4089374,cafe,,,277551273
cafe,Starbucks,33.8442284,-84.489881,cafe,coffee_shop,,294214257
cafe,Starbuck's,33.8648754,-84.4774639,cafe,coffee_shop,,304749306
cafe,Piedmont North Dining Hall,33.7590965,-84.3815715,cafe,,,359371697
cafe,CAFE + VELO,33.7541996,-84.3750124,cafe,coffee_shop,,474952078
cafe,Chrome Yellow Trading Co.,33.7539711,-84.3709901,cafe,,,738377172
cafe,Chattahoochee Coffee Company,33.8018529,-84.50258,cafe,coffee_shop,,766252860
cafe,Starbucks,33.8161814,-84.334636,cafe,coffee_shop,,804691714
cafe,Bolivar Cafe,33.8438173,-84.5033661,cafe,coffee_shop,,1013567703
cafe,The Wingspan,33.8254615,-84.490874,cafe,,,1022015407
cafe,Starbucks,33.8786096,-84.3801783,cafe,coffee_shop,,1025412914
cafe,Reynolds Markery and Pulperia,33.7496918,-84.3619948,cafe,,,1031536373
cafe,Drip-Thru Coffee,33.6594975,-84.4388225,cafe,,,1238421196
cafe,The Reading Room,33.775178,-84.2946628,cafe,coffee_shop,,1279153695
park,Atlanta Memorial Park,33.8128828,-84.4018719,,,park,358679718
park,Chastain Memorial Park,33.8712146,-84.3910383,,,park,358682685
park,Cochran Park,33.7192742,-84.4285392,,,park,358683107
park,Dargan Park,33.7428847,-84.4235392,,,park,358684010
park,Grant Park,33.7367734,-84.3718705,,,park,358686307
park,Hillpine Park,33.7931608,-84.3635371,,,park,358687530
park,John A White Park,33.7287185,-84.44854,,,park,358688868
park,Lakewood Park,33.7037188,-84.3924266,,,park,358689821
park,Maddox Park,33.7692729,-84.4257616,,,park,358691235
park,Millican Park,33.7139964,-84.4032604,,,park,358692556
park,Mozley Park,33.75344,-84.4382621,,,park,358694826
park,Perkerson Park,33.7112188,-84.4127052,,,park,358698000
park,Sumner Park,33.6848308,-84.4507618,,,park,358705454
park,Utoy Boulder Park,33.7431631,-84.5399318,,,park,358707437
park,Wildwood Park,33.802605,-84.3635371,,,park,358709016
park,Bessie Branham Park,33.7542726,-84.3207576,,,park,358710333
park,Brightwood Park,33.7745499,-84.3402028,,,park,358710351
park,Dellwood Park,33.7731611,-84.3288135,,,park,358710420
park,East Lake Park,33.7464949,-84.3002013,,,park,358710431
park,Fernbank Forest and Recreational Center,33.7759387,-84.3204799,,,park,358710467
park,Glenlake Park,33.7837962,-84.2916215,,,park,358710498
park,Oakhurst Park,33.7603161,-84.3079787,,,park,358710685
park,Skyland Park,33.8618486,-84.3148395,,,park,358710803
park,Church Street Park,33.8808989,-84.5271907,,,park,358711017
park,Carey Park,33.7884394,-84.4790971,,,park,358762123
park,Margaret Mitchell Square,33.7575633,-84.3878767,,,park,358762158
park,Thompson Park,33.8348273,-84.5393765,,,park,358778722
park,Alexander Park,33.7201066,-84.2921452,,,park,358779679
park,Briarwood Park,33.8487148,-84.3285358,,,park,358779737
park,DeKalb Memorial County Park,33.7442729,-84.3299246,,,park,358779788
park,Dresden Park,33.8685653,-84.298087,,,park,358779804
park,Druid Hills Historic District,33.7737166,-84.3374249,,,park,358779807
park,Fernwood Park,33.8584368,-84.3368695,,,park,358779816
park,Georgian Hills Park,33.8712142,-84.3102019,,,park,358779833
park,Glen Emerald Park,33.7134404,-84.3346468,,,park,358779836
park,Gresham Park,33.6969014,-84.3038268,,,park,358779844
park,Kittredge Park,33.824271,-84.3285358,,,park,358779877
park,Longdale Park,33.7298286,-84.3002012,,,park,358779894
park,Mark Trail Park,33.7223288,-84.3002011,,,park,358779897
park,Starmount-McAfee Park,33.7328842,-84.3038124,,,park,358780003
park,Adams Park,33.7881606,-84.3118684,,,park,358780242
park,Conley Park,33.6442757,-84.335202,,,park,358781050
park,Brenningham Park,33.6578872,-84.4640953,,,park,358781516
park,Cascade Springs Nature Preserve,33.7194898,-84.4812592,,,park,358781527
park,Center Park,33.6726089,-84.4507616,,,park,358781530
park,Cleveland Park,33.6820527,-84.3896485,,,park,358781541
park,Cofield Park,33.6695531,-84.411038,,,park,358781544
park,Harper Park,33.6542757,-84.3827036,,,park,358781592
park,Lake Charlotte Nature Preserve,33.6756888,-84.35244,,,park,358781620
park,John R. Lewis Memorial Park & Dog Park,33.6592757,-84.4046488,,,park,358781635
park,Oakland City Park,33.7189965,-84.4293725,,,park,358781665
park,Spring Street Park,33.6856641,-84.4435393,,,park,358781729
park,Sykes Park,33.6706647,-84.4729847,,,park,358781736
park,Washington Community Park,33.6589979,-84.4110379,,,park,358781756
park,West Bolling Park,33.667331,-84.4113158,,,park,358781759
park,Womack Park,33.6992748,-84.4357614,,,park,358781763
park,Ben Hill Park,33.6895532,-84.5132639,,,park,358781790
park,Benteen Park,33.7151072,-84.3635367,,,park,358781793
park,Collier Drive Park,33.7698289,-84.5071535,,,park,358781806
park,Deerwood Park,33.678998,-84.5118748,,,park,358781809
park,Fairburn Road Nature Preserve,33.6687204,-84.5110413,,,park,358781819
park,Hills Community Center,33.7220524,-84.5104865,,,park,358781830
park,Melvin Drive Park,33.7109415,-84.5157642,,,park,358781842
park,Utoy Park,33.7278856,-84.5179868,,,park,358781874
park,Dale Creek Park,33.7662177,-84.4774303,,,park,358782094
park,Gun Club Park,33.7881615,-84.4543738,,,park,358782114
park,William T Knight Park,33.7834392,-84.4268728,,,park,358782159
park,Ansley Park,33.7945497,-84.3763154,,,park,358782171
park,Ardmore Park,33.8062822,-84.4000278,,,park,358782174
park,Brookview Park,33.8167717,-84.420206,,,park,358782194
park,Donnelly Park,33.7326072,-84.4254837,,,park,358782232
park,Dunbar Recreation Center,33.7409401,-84.3977049,,,park,358782235
park,Eubanks Park,33.7931609,-84.3779821,,,park,358782242
park,Joyland Park,33.7122726,-84.3951133,,,park,358782261
park,Peachtree Hills Park,33.8189936,-84.3771487,,,park,358782288
park,Sibley Park,33.8281601,-84.3940939,,,park,358782319
park,Spring Valley Road Park,33.808994,-84.4060387,,,park,358782327
park,West Bolling Road Park,33.8295489,-84.3840935,,,park,358782354
park,Woodward Way Park,33.827049,-84.3949272,,,park,358782368
park,Ansley Park Historic District,33.7931009,-84.3808087,,,park,358782378
park,Brookwood Hills Historic District,33.8062162,-84.3910382,,,park,358782391
park,Castleberry Hill Historic District,33.7487177,-84.4027052,,,park,358782402
park,Fairlie-Poplar Historic District,33.7564952,-84.3910381,,,park,358782426
park,Garden Hills Historic District,33.8340229,-84.3777507,,,park,358782434
park,Georgia Institute of Technology Historic District,33.7717656,-84.3943731,,,park,358782438
park,Grant Park Historic District,33.7370511,-84.3715928,,,park,358782441
park,Inman Park-Moreland Historic District,33.7642726,-84.3535366,,,park,358782458
park,Peachtree Highlands Historic District,33.8417708,-84.3663151,,,park,358782467
park,Fisher Trail Park,33.8498257,-84.3015904,,,park,358782536
park,Elwyn John Wildlife Sanctuary,33.8228821,-84.3260357,,,park,358782538
park,Daniel Johnson Nature Preserve,33.7973272,-84.3435363,,,park,358782548
park,Callanwolde Park,33.7814943,-84.3460364,,,park,358782553
park,Lake Claire Park,33.7662168,-84.3263134,,,park,358782555
park,Iverson Park,33.7631614,-84.3407583,,,park,358782570
park,Goldsboro Park,33.7703835,-84.3432585,,,park,358782573
park,Martin Luther King Junior Historic District,33.7556618,-84.3732596,,,park,358782774
park,Martin Luther King Junior National Urban Park,33.7551062,-84.3735374,,,park,358782809
park,Avery Park,33.6937192,-84.4102049,,,park,358782895
park,Brookdale Park,33.6881639,-84.420483,,,park,358782907
park,Georgia Plaza Park,33.7497125,-84.3899626,,,park,358782987
park,Lakewood Stadium,33.7029402,-84.387584,,,park,358783030
park,Lenox Wildwood Park,33.8014939,-84.3521478,,,park,358783033
park,Lincoln Homes Park,33.7984391,-84.4790971,,,park,358783036
park,Mayson Park,33.8742699,-84.3540925,,,park,358783045
park,Shady Valley Park,33.8295487,-84.3521478,,,park,358783129
park,Walton Spring Park,33.7596165,-84.3895648,,,park,534407876
park,Pershing Point Park,33.7938175,-84.3875297,,,park,974265779
park,Zonolite Park,33.8055377,-84.3443443,,,park,2234665537
park,Unknown,33.6806187,-84.4414244,,,park,2802154619
park,East Point Commons,33.6799081,-84.4413616,,,park,2802154621
park,Martin Luther King Junior National Historic Site,33.756111,-84.3796194,,,park,7496572689
park,Northside Youth Organization,33.8751995,-84.39138,,,park,9873109700
park,Weelaunee People's Park,33.6931573,-84.3223806,,,park,10565298076
park,Chattahoochee River National Recreation Area Paces Mill Unit,33.8708298,-84.4533728,,,park,10814421944
park,Hurt Park,33.7539983,-84.3854254,,,park,23907855
park,The Home Depot Backyard,33.7573245,-84.4011002,,,park,25312496
park,Ebster Park,33.772087,-84.3017211,,,park,25381466
park,Glenlake Park,33.7834553,-84.2914431,,,park,25513655
park,Unknown,33.7820291,-84.2991215,,,park,25526825
park,McKoy Park,33.7574692,-84.2983931,,,park,28507885
park,Grant Park,33.735884,-84.3709227,,,park,28798338
park,Springdale Park,33.7741467,-84.3464507,,,park,28912428
park,Virgilee Park,33.7746197,-84.343267,,,park,28912437
park,Oak Grove Park,33.7743483,-84.3394586,,,park,28912451
park,Shady Side Park,33.7737396,-84.3333784,,,park,28912485
park,Dellwood Park,33.7727833,-84.3292544,,,park,28912508
park,Unknown,33.766096,-84.326222,,,park,28912588
park,Candler Park,33.7682774,-84.3375652,,,park,28912677
park,Fernbank Forest and Recreational Center,33.7756277,-84.322379,,,park,28912795
park,Freedom Park,33.7701528,-84.3441639,,,park,28960844
park,Phoenix II Park,33.7349393,-84.3825628,,,park,29094218
park,Bitsy Grant Tennis Center,33.814498,-84.4053773,,,park,34767347
park,Thompson Park,33.8352489,-84.5392341,,,park,34767432
park,Brandon Memorial Park,33.6461888,-84.4773178,,,park,34775314
park,Peter Pan Park,33.6562782,-84.441023,,,park,34775320
park,Unknown,33.6573484,-84.4626486,,,park,34775324
park,Jess Lucas Y-Teen Park,33.6585866,-84.4105097,,,park,34775325
park,Unknown,33.6600505,-84.4040357,,,park,34775328
park,Southside Park,33.6617165,-84.3693004,,,park,34775330
park,Barrett Park,33.6631927,-84.455499,,,park,34775331
park,Empire Park,33.6674256,-84.3852413,,,park,34775334
park,Cofield Park,33.6679466,-84.4116087,,,park,34775335
park,Stone Hogan Park,33.6714267,-84.4960476,,,park,34775336
park,Unknown,33.6706314,-84.4733842,,,park,34775337
park,Unknown,33.6792834,-84.5122386,,,park,34775345
park,Unknown,33.6820485,-84.3900642,,,park,34775348
park,Unknown,33.6858934,-84.4441465,,,park,34775351
park,Unknown,33.6853593,-84.450981,,,park,34775353
park,Unknown,33.6884395,-84.4210212,,,park,34775355
park,Unknown,33.6891499,-84.5138131,,,park,34775356
park,Unknown,33.6898994,-84.3650284,,,park,34775358
park,Unknown,33.6911335,-84.3128663,,,park,34775359
park,Unknown,33.6934618,-84.4104759,,,park,34775360
park,Unknown,33.6970062,-84.3029747,,,park,34775364
park,Thomasville Heights Park,33.7042824,-84.3585662,,,park,34775368
park,Unknown,33.710675,-84.5149758,,,park,34775373
park,"Arthur Langford, Jr. Park",33.7129454,-84.3954709,,,park,34775375
park,Unknown,33.7119274,-84.4130096,,,park,34775376
park,Unknown,33.7143264,-84.4039677,,,park,34775377
park,Unknown,33.7141874,-84.3321184,,,park,34775378
park,Adams Park,33.7136316,-84.4619675,,,park,34775379
park,Benteen Park,33.7158194,-84.3633423,,,park,34775381
park,"Lucius D. Simon, Sr. Memorial Park",33.7172589,-84.3878462,,,park,34775385
park,Chosewood Park,33.7188824,-84.3740518,,,park,34775386
park,Unknown,33.7194593,-84.4290052,,,park,34775387
park,Unknown,33.7204068,-84.2922502,,,park,34775388
park,Sallee Park,33.724162,-84.4419222,,,park,34775389
park,Adair Park,33.7247732,-84.4114254,,,park,34775390
park,D.H. Stanton Park,33.7252351,-84.3819193,,,park,34775391
park,Unknown,33.722923,-84.2985078,,,park,34775392
park,Unknown,33.7268981,-84.3179003,,,park,34775393
park,Pitman Park,33.7279949,-84.3973965,,,park,34775394
park,Unknown,33.7270451,-84.4472894,,,park,34775395
park,Adair Park II,33.732011,-84.4121147,,,park,34775399
park,Unknown,33.7323094,-84.4474788,,,park,34775401
park,Westmanor Park,33.7355571,-84.4911497,,,park,34775405
park,Unknown,33.7355042,-84.3820178,,,park,34775406
park,Brownwood Park,33.7365939,-84.3469241,,,park,34775410
park,Howell Park,33.7385288,-84.4200029,,,park,34775411
park,Rosa L. Burney Park,33.7407242,-84.3999027,,,park,34775418
park,West End Park,33.7415288,-84.4243371,,,park,34775419
park,Rawson-Washington Park,33.744709,-84.381019,,,park,34775427
park,Unknown,33.7429491,-84.3291113,,,park,34775428
park,Unknown,33.74611,-84.3002949,,,park,34775429
park,Walker Park,33.7468353,-84.340799,,,park,34775430
park,Cabbagetown Park,33.7494094,-84.3640707,,,park,34775435
park,Isabel Gates Webster Park,33.7490863,-84.4757843,,,park,34775436
park,Unknown,33.7515123,-84.3553854,,,park,34775439
park,Coan Park,33.7520051,-84.336148,,,park,34775441
park,Butler Park Recreation Center,33.7529938,-84.3760106,,,park,34775443
park,Wilson Mill Park,33.7523388,-84.5128545,,,park,34775447
park,Unknown,33.7543128,-84.3209761,,,park,34775453
park,Moseley Park,33.7535249,-84.4389342,,,park,34775456
park,Woodruff Park,33.7555786,-84.3885505,,,park,34775457
park,Unknown,33.7575926,-84.2986172,,,park,34775458
park,Unknown,33.7572423,-84.3303519,,,park,34775459
park,Anderson Park,33.757253,-84.4532527,,,park,34775460
park,Springvale Park,33.7575801,-84.3575098,,,park,34775461
park,Unknown,33.7579788,-84.4231033,,,park,34775463
park,Unknown,33.7604437,-84.3080623,,,park,34775464
park,J F Kennedy Park,33.7620576,-84.4119377,,,park,34775468
park,Freedom Park,33.7622965,-84.3562487,,,park,34775470
park,Lake Claire Park,33.766096,-84.326222,,,park,34775471
park,Dr. Mary Shy Scott Memorial Park,33.7652664,-84.4903986,,,park,34775473
park,Unknown,33.7662873,-84.4775613,,,park,34775475
park,Renaissance Park,33.7681703,-84.3805468,,,park,34775476
park,Central Park,33.7685026,-84.3762205,,,park,34775478
park,Unknown,33.7697923,-84.5069652,,,park,34775481
park,Unknown,33.7720883,-84.3017196,,,park,34775483
park,Maddox Park,33.7707429,-84.4266042,,,park,34775485
park,Unknown,33.7709238,-84.3582126,,,park,34775486
park,Grove Park,33.7740822,-84.439518,,,park,34775489
park,Center Hill Park,33.7783547,-84.459703,,,park,34775493
park,Callanwolde Park,33.7812423,-84.3452855,,,park,34775494
park,John Howell Memorial Park,33.7816712,-84.3600215,,,park,34775495
park,Orme Park,33.7854253,-84.3615339,,,park,34775498
park,Williams Park,33.7870159,-84.4773369,,,park,34775503
park,Winn Park,33.7910651,-84.3802639,,,park,34775511
park,English Park,33.7905835,-84.4947382,,,park,34775513
park,Heman E. Perry Park,33.7929371,-84.4492327,,,park,34775514
park,Unknown,33.7942001,-84.3760818,,,park,34775518
park,Unknown,33.8003273,-84.3529701,,,park,34775527
park,Medlock Park,33.804091,-84.2950356,,,park,34775529
park,Underwood Hills Park,33.805929,-84.4167556,,,park,34775531
park,Peyton Park,33.8087162,-84.4797119,,,park,34775537
park,Mason Mill Park,33.8078801,-84.3055153,,,park,34775538
park,Tanyard Creek Park,33.809483,-84.4021838,,,park,34775540
park,Unknown,33.811749,-84.4095913,,,park,34775541
park,Unknown,33.8168488,-84.4205423,,,park,34775543
park,Unknown,33.8161854,-84.5085676,,,park,34775544
park,Unknown,33.8187743,-84.3764723,,,park,34775545
park,Unknown,33.8227444,-84.4444543,,,park,34775550
park,Unknown,33.8239721,-84.3284329,,,park,34775551
park,Shady Valley Park,33.8297932,-84.3517113,,,park,34775557
park,Bagley Park,33.835221,-84.372551,,,park,34775563
park,Unknown,33.8498765,-84.3287275,,,park,34775569
park,Rhyne Park,33.8528633,-84.5154319,,,park,34775570
park,Unknown,33.8577764,-84.3375115,,,park,34775572
park,Unknown,33.8608611,-84.4084214,,,park,34775575
park,Brookhaven Park,33.8646211,-84.3393368,,,park,34775581
park,Unknown,33.8672886,-84.2968839,,,park,34775585
park,Georgian Hills Park,33.8698967,-84.310547,,,park,34775590
park,Unknown,33.8732297,-84.3962814,,,park,34775592
park,Ashford Park,33.8754663,-84.3260007,,,park,34775594
park,Unknown,33.8759821,-84.3899993,,,park,34775595
park,Jonquil Park,33.8853273,-84.4833432,,,park,34775602
park,Cobb Park and Kidscape Village I & II,33.8857738,-84.5257131,,,park,34775603
park,Unknown,33.8861427,-84.355514,,,park,34775608
park,Ward Park,33.8909985,-84.5294738,,,park,34775610
park,Keswick Park,33.8926575,-84.3155096,,,park,34775617
park,Adams Park,33.7101899,-84.4633056,,,park,34787787
park,Deepdene Park,33.7722351,-84.3212621,,,park,34787834
park,Herbert Taylor Park,33.7992973,-84.3411829,,,park,34787861
park,Mason Mill Park,33.8071018,-84.3029015,,,park,34787869
park,Whittier Mill Park,33.8106504,-84.4853384,,,park,34787905
park,Spink Collins Park,33.8093095,-84.4590382,,,park,34787906
park,Burger Park,33.8897732,-84.5329076,,,park,34787972
park,Palisades Unit,33.8868504,-84.4388245,,,park,34787978
park,Unknown,33.7976598,-84.307097,,,park,34803453
park,Unknown,33.8021538,-84.3041395,,,park,34803742
park,Unknown,33.8073831,-84.2984658,,,park,34803789
park,Lullwater Preserve,33.7996433,-84.3152372,,,park,34803794
park,River Line Park,33.8044582,-84.5082613,,,park,34818416
park,Parkside Drive Park,33.8248719,-84.3848379,,,park,34829751
park,Unknown,33.766096,-84.326222,,,park,34829821
park,Unknown,33.8637246,-84.3766514,,,park,34830795
park,Unknown,33.828554,-84.3942015,,,park,34830837
park,Tolleson Park,33.8678579,-84.5208167,,,park,34830887
park,Unknown,33.872872,-84.3543188,,,park,34830906
park,Saint Pius X sports fields,33.8666974,-84.2909087,,,park,34842240
park,Georgia International Plaza,33.7573037,-84.3983018,,,park,40708986
park,Washington Park,33.7579327,-84.423095,,,park,42738395
park,Unknown,33.6883714,-84.4668554,,,park,51815291
park,Askew Park,33.871486,-84.5232392,,,park,55207455
park,Unknown,33.7825947,-84.300607,,,park,87395867
park,Unknown,33.793177,-84.312981,,,park,93417177
park,Atlanta Art Park,33.7616248,-84.3674243,,,park,93512033
park,Harris Park,33.686587,-84.4368729,,,park,93794419
park,Harris Park,33.6851455,-84.4382246,,,park,93794420
park,Buckhead Triangle Park,33.840116,-84.3792158,,,park,96433200
park,Esther Peachy Lefevre Park,33.7512336,-84.3660247,,,park,96718870
park,John Calhoun Park,33.7557712,-84.3820106,,,park,97333362
park,J W Dobbs Plaza,33.7549753,-84.3776981,,,park,102166408
park,Waddell Park,33.7853689,-84.2961743,,,park,126428550
park,Parkside Circle Park,33.7887793,-84.2972898,,,park,126436159
park,Roy Moss Garden,33.7575543,-84.2953562,,,park,126448970
park,Harmony Park,33.7598621,-84.3034817,,,park,126449031
park,Oakview Road Park,33.7554586,-84.3064753,,,park,126449110
park,Adair Park,33.7721301,-84.3054974,,,park,126450066
park,Hidden Cove Park,33.7824188,-84.3119357,,,park,126504946
park,Scott Park,33.7732243,-84.2935543,,,park,126505460
park,Unknown,33.7422112,-84.3567702,,,park,144356515
park,Historic Fourth Ward Park,33.7680674,-84.3648133,,,park,182470312
park,La Vista Park,33.8174624,-84.3409803,,,park,182636624
park,Unknown,33.7841,-84.3753521,,,park,185605334
park,Unknown,33.7816763,-84.36816,,,park,187953235
park,Unknown,33.7773087,-84.3662336,,,park,187953887
park,Unknown,33.7722484,-84.3643087,,,park,187954728
park,Unknown,33.7692384,-84.3623705,,,park,187955939
park,North Highland Park,33.7757257,-84.3522005,,,park,208169331
park,Piedmont Park,33.7890471,-84.3733293,,,park,208357832
park,Parkwood Park,33.7722974,-84.3140293,,,park,214251811
park,Unknown,33.7741965,-84.3135774,,,park,214252153
park,Little Nancy Creek Park,33.8642473,-84.3588353,,,park,221654094
park,Vermont Road Park,33.8584255,-84.3546487,,,park,221654098
park,Clifford's Dog Park,33.8147,-84.356575,,,park,226572085
park,Unknown,33.6895007,-84.5388642,,,park,230468616
park,Unknown,33.8465274,-84.3075891,,,park,231740731
park,Smith Park,33.7970683,-84.3685915,,,park,231844846
park,Princeton Way Park,33.7904941,-84.3110689,,,park,255586737
park,Peachtree Fountains Plaza,33.753119,-84.3903584,,,park,265352601
park,Armand Greenspace Trailhead Parking,33.8197233,-84.3582018,,,park,268601063
park,Burbanck Park,33.7865044,-84.3246993,,,park,286009210
park,Oakdale Park,33.8518666,-84.4938353,,,park,294720253
park,McPherson Monument Park,33.7441101,-84.3413561,,,park,303250042
park,Constitution Lakes Park,33.6815192,-84.3412974,,,park,344173566
park,Fire Station No. 5 Park,33.7504099,-84.3970127,,,park,345073721
park,Pemberton Place,33.7634388,-84.3940383,,,park,345699614
park,Greenspace,33.730348,-84.3302315,,,park,352834181
park,Virginia Highland Triangle,33.7821788,-84.3544823,,,park,362243766
park,Palisades Unit,33.8851728,-84.4486617,,,park,372415814
park,Rose Garden Park,33.8866438,-84.4986061,,,park,380820128
park,Steve Polk Plaza,33.7511837,-84.3890432,,,park,385744396
park,Gresham Park,33.6935216,-84.3126477,,,park,393528504
park,Gresham Park,33.6984295,-84.3030229,,,park,393528965
park,Unknown,33.8274406,-84.3832301,,,park,414872760
park,Delta Park,33.7554835,-84.3594176,,,park,429538963
park,Delta Park,33.7559053,-84.3595232,,,park,429538964
park,10th Street Park,33.7821776,-84.3836866,,,park,431544067
park,Unknown,33.7472078,-84.3938875,,,park,446034502
park,Unknown,33.7471239,-84.3924891,,,park,446034503
park,Capitol Hill,33.7490494,-84.3883288,,,park,446035319
park,Unknown,33.748738,-84.390447,,,park,446035320
park,Pharr Circle Park,33.8382674,-84.3843702,,,park,461661403
park,G B Williams Park,33.8851532,-84.5144217,,,park,463974477
park,Unknown,33.83632,-84.3848918,,,park,468639766
park,Unknown,33.8345403,-84.3857429,,,park,468640299
park,Home Park Park,33.7824001,-84.3998318,,,park,468746335
park,Martin Luther King Jr. National Historic Site,33.7568378,-84.3716788,,,park,470898408
park,East Point Commons,33.6803106,-84.4412747,,,park,479548499
park,Unknown,33.682256,-84.4407814,,,park,479549619
park,Colonial Hills,33.6924707,-84.4350054,,,park,479549620
park,Unknown,33.6798312,-84.4435434,,,park,479555092
park,Donnalee,33.7395876,-84.318821,,,park,480619921
park,Loring Heights Park,33.7986703,-84.3984258,,,park,480948260
park,Unknown,33.8855064,-84.4627162,,,park,482285574
park,Unknown,33.8860216,-84.4610626,,,park,482285575
park,Lynwood Park,33.8874412,-84.3459797,,,park,494857726
park,Arts District Plaza - Southeast,33.7882812,-84.3835402,,,park,495569547
park,"""Doc"" Manget Memorial Aviation Park",33.8768157,-84.3040066,,,park,516919004
park,Friendship Park,33.7719582,-84.3970912,,,park,534318253
park,Unknown,33.7904298,-84.4009516,,,park,543944187
park,Knight Park,33.783741,-84.4265117,,,park,543964989
park,Lake Court Park,33.868752,-84.5316298,,,park,544123054
park,Whitfield Park,33.8874398,-84.5088046,,,park,544125822
park,Heritage Park,33.8454171,-84.5487232,,,park,544126308
park,Spring Road Linear Park,33.8837254,-84.4919275,,,park,544130771
park,Shoupade Park,33.836992,-84.491352,,,park,544133837
park,Trolley Line Park,33.8397375,-84.4817999,,,park,544134462
park,Unknown,33.8151832,-84.3076114,,,park,544134840
park,Unknown,33.819891,-84.3030165,,,park,544134841
park,Hawk Hollow,33.7550563,-84.3117255,,,park,544153233
park,Tower Place Park,33.8484459,-84.3703013,,,park,544339671
park,Taylor-Brawner Park,33.8752963,-84.5067479,,,park,544431794
park,Rodney Cook Sr. Park in Historic Vine City,33.7617377,-84.4076449,,,park,545052260
park,Sugar Creek Garden,33.7578332,-84.3093269,,,park,547461776
park,Gateway Park,33.7580245,-84.3495517,,,park,549988678
park,Sara J. Gonzalez Memorial Park,33.8193945,-84.4484071,,,park,552268332
park,Twin Oaks Park,33.8645297,-84.5106519,,,park,555497317
park,Twentieth Century Veterans Memorial Park,33.8848365,-84.5167371,,,park,555500929
park,Creatwood Park,33.8690504,-84.5001361,,,park,555575029
park,Durham Park,33.8829276,-84.508471,,,park,555840719
park,Ridge Forest Park,33.8666472,-84.4947843,,,park,555842714
park,Whittier Mill Park,33.8106757,-84.4852768,,,park,556268339
park,Winchester Creek Park,33.8157256,-84.4744554,,,park,556272011
park,Clack's Corner,33.8572766,-84.3313646,,,park,563173354
park,Clairmont Park,33.8801882,-84.3097967,,,park,573317225
park,Train play ground,33.8855656,-84.3140806,,,park,576058317
park,Marie Sims Park,33.8486872,-84.3556692,,,park,586417907
park,Lenox Park,33.8484157,-84.3457999,,,park,586419418
park,Pendergrast Park,33.8415483,-84.2976047,,,park,589346455
park,Skyhaven,33.7247303,-84.3424039,,,park,606074192
park,Ormond & Grant Park,33.7309054,-84.3769384,,,park,608477965
park,Jacci Fuller Woodland Garden Park,33.724069,-84.3510297,,,park,608478561
park,Marcus Autism Park,33.8098363,-84.3357446,,,park,623238556
park,Boulevard Crossing Park,33.7225683,-84.3710243,,,park,623589118
park,Unknown,33.8757544,-84.3575763,,,park,625872537
park,Charles McDaniel Park,33.8502005,-84.2919016,,,park,630030513
park,Unknown,33.8767358,-84.4717673,,,park,647087600
park,Unknown,33.8763086,-84.4722651,,,park,647087601
park,Unknown,33.8772101,-84.4703434,,,park,647087602
park,Liberty Plaza,33.7485342,-84.3871061,,,park,662771227
park,Roswell-Wieuca Park,33.8732197,-84.3796152,,,park,679365434
park,Blue Heron Nature Preserve,33.867214,-84.3798213,,,park,679365878
park,Plaza Green,33.8894916,-84.4683354,,,park,682138693
park,Nickajack Park,33.8162624,-84.5084829,,,park,682324688
park,Unknown,33.7694512,-84.4157637,,,park,693549002
park,Egan Park,33.6630985,-84.4311225,,,park,699296965
park,Westside Station Lawn,33.8122745,-84.4521221,,,park,704341162
park,Unknown,33.7311362,-84.3238569,,,park,721188405
park,Noble Park,33.8015347,-84.3445572,,,park,729639513
park,The Foundry Park,33.7918438,-84.3990144,,,park,733400473
park,The Grove,33.7867411,-84.3823508,,,park,735186770
park,Unknown,33.731682,-84.3769864,,,park,740745971
park,Unknown,33.731588,-84.3518457,,,park,742697076
park,W.D. Thomson Park,33.8097577,-84.3167173,,,park,744371710
park,Phoenix III Park,33.737365,-84.3806844,,,park,751123201
park,Ellsworth Park,33.8103705,-84.4121115,,,park,754990180
park,Dooley Statue Park,33.7924719,-84.3241349,,,park,761818469
park,Peachtree Creek Greenway,33.8376948,-84.330434,,,park,763252477
park,Unknown,33.7497076,-84.3895569,,,park,800878287
park,The Lawn at Uptown,33.821321,-84.3707452,,,park,802744127
park,Morosgo Park,33.8263336,-84.3687343,,,park,806887227
park,Walden Athletics Complex,33.7588436,-84.3771872,,,park,809862986
park,Gilliam Park,33.7557389,-84.3321207,,,park,818870442
park,Rose Circle Park,33.7313554,-84.4192172,,,park,860382984
park,Capital Gateway Park,33.7446472,-84.3850283,,,park,861236072
park,South Bend Park,33.6993948,-84.387364,,,park,863617955
park,Cleopas R. Johnson Park,33.7485919,-84.4059089,,,park,884843556
park,Dean Rusk Park,33.7446903,-84.4219051,,,park,884844543
park,Enota Park,33.745815,-84.4336222,,,park,884846073
park,The New Oval,33.7444246,-84.4119363,,,park,884849420
park,Susan K. May Park,33.7538375,-84.3758574,,,park,884859562
park,Vine City Park,33.7586776,-84.4068339,,,park,884928898
park,Pershing Point Park,33.7938589,-84.387444,,,park,884939571
park,The Oval,33.7452586,-84.410022,,,park,885701867
park,Yonah Park,33.7891267,-84.3807153,,,park,885760376
park,Hardy Ivy Park,33.7628258,-84.3873923,,,park,886341554
park,Unknown,33.7580303,-84.3833144,,,park,886349857
park,Westside Park,33.7794495,-84.4371994,,,park,886793713
park,Edwin Place Park,33.777333,-84.4474265,,,park,886794871
park,Unknown,33.7680076,-84.3523093,,,park,886809247
park,Unknown,33.7619679,-84.3666651,,,park,886809248
park,Pruitt Park,33.882765,-84.4991582,,,park,887365776
park,Four Corners Park,33.7261219,-84.3891152,,,park,887393724
park,Armand Greenspace,33.8144744,-84.3594537,,,park,898226574
park,Mossman Forest,33.812938,-84.4673169,,,park,912828822
park,Unknown,33.8445494,-84.538472,,,park,921188340
park,Mavell Road Trail Head,33.8416545,-84.5166374,,,park,921188343
park,Iverson Park,33.7631282,-84.3407046,,,park,953985118
park,Court Square,33.8678971,-84.4495693,,,park,968011874
park,Le Jardin,33.8709898,-84.4476225,,,park,968011879
park,Unknown,33.8709327,-84.4464732,,,park,968018795
park,Unknown,33.7893535,-84.4463462,,,park,971592582
park,Unknown,33.7899667,-84.4470925,,,park,971592583
park,Unknown,33.7906762,-84.4476428,,,park,971592584
park,Unknown,33.7913614,-84.4480351,,,park,971592585
park,Unknown,33.7921949,-84.4485188,,,park,971592586
park,Riverview Park,33.8006626,-84.5029067,,,park,1019801081
park,Unknown,33.7155453,-84.3630615,,,park,1051402974
park,Unknown,33.7625054,-84.3552392,,,park,1051404181
park,Unknown,33.7599138,-84.3542652,,,park,1051404182
park,Palafox Greenspace,33.8090888,-84.3479027,,,park,1056064705
park,Discovery Park at the River Line,33.791332,-84.5181031,,,park,1060373259
park,Tom Aliberti Park,33.7933328,-84.3270604,,,park,1098604642
park,Heritage Park,33.7396987,-84.3859105,,,park,1103026689
park,Goizueta Gardens,33.8409414,-84.3877257,,,park,1146141217
park,Fetch Park At The Works,33.8043829,-84.4279206,,,park,1170393204
park,Sidney Marcus Park,33.7968142,-84.361508,,,park,1173082003
park,Windsor Street Park,33.7360719,-84.3979958,,,park,1193478724
park,Rankin Park,33.6827759,-84.4701831,,,park,1193479277
park,Alexander Park,33.826657,-84.3771802,,,park,1201443644
park,Garden Hills Park,33.8292093,-84.3775602,,,park,1201443645
park,Sunny Brook Park,33.8305793,-84.3766005,,,park,1201443646
park,Dale Way Park,33.8070655,-84.3888996,,,park,1209250056
park,Unknown,33.65969,-84.5406895,,,park,1218395836
park,Unknown,33.7730901,-84.2997315,,,park,1219820190
park,Parque en el centro bonito,33.7680894,-84.3632544,,,park,1229184075
park,Unknown,33.8002618,-84.5249206,,,park,1242579526
park,Unknown,33.8000636,-84.5261829,,,park,1242579527
park,Unknown,33.794552,-84.5296383,,,park,1242594276
park,Unknown,33.7948629,-84.5289487,,,park,1242594277
park,John Hope Memorial Park,33.744905,-84.4052486,,,park,1264389521
park,Unknown,33.7770705,-84.3726206,,,park,1268225689
park,Unknown,33.7771671,-84.3714554,,,park,1268225703
park,Unknown,33.7768593,-84.3717241,,,park,1268225704
park,Unknown,33.7755052,-84.3726482,,,park,1268225705
park,Ray Kluka Memorial Park,33.7770495,-84.3704608,,,park,1268225706
park,H. M. Patterson & Son Spring Hill Chapel North Garden,33.7829253,-84.3896261,,,park,1284904817
park,Arts District Plaza - Southwest,33.7880232,-84.3841486,,,park,1284908262
park,One Atlantic Center Green,33.7874903,-84.3872775,,,park,1287755059
park,Georgia Agriculture Plaza,33.7620119,-84.3933756,,,park,1292681383
park,Stonegate Community Common Area,33.6691512,-84.4884332,,,park,1300059406
park,Unknown,33.7710253,-84.3868313,,,park,1310670593
park,Unknown,33.7704564,-84.3878998,,,park,1338425730
park,Unknown,33.7685708,-84.3855789,,,park,1339348296
park,The Park at St. Luke's,33.7656146,-84.3847773,,,park,1340181436
park,Stillwood,33.6651909,-84.4158509,,,park,1341549342
park,Waterworks Atlanta,33.7916362,-84.4088934,,,park,1391966887
park,Mattie Freeland Park,33.7711448,-84.4108757,,,park,1392718702
park,Peachtree Park Nature Trail,33.8335851,-84.3617408,,,park,1392898787
park,Stewart Maiden Memorial Park,33.7500999,-84.3062888,,,park,1421101539
park,Indian Creek Park,33.8409546,-84.3591736,,,park,1424029621
park,North Cooper Lake Park,33.8509612,-84.5352976,,,park,143741
park,Eco-Commons,33.7790696,-84.4008245,,,park,303132
park,Brinkley Park,33.8763749,-84.5179009,,,park,6190617
park,Arboretum and Pond,33.8865257,-84.5177161,,,park,7931753
park,Rockdale Park,33.7866325,-84.4477844,,,park,7935528
park,Centennial Olympic Park,33.7601589,-84.3935419,,,park,9685734
park,Unknown,33.876414,-84.4714713,,,park,11495031
park,Freedom Park,33.7661638,-84.3568041,,,park,12045420
park,Armand Greenspace Trailhead Parking,33.8194205,-84.3584152,,,park,12219630
park,Armand Park,33.814267,-84.3598047,,,park,12219681
park,Walton Spring Park,33.7595101,-84.3894827,,,park,19157587
hospital,Ridgeview Institute - Smyrna,33.8579171,-84.5130825,hospital,,,358778710
hospital,Charter BHC at Laurel Heights,33.7798758,-84.3449199,hospital,,,358785137
hospital,Atlanta VA Medical Center,33.8018044,-84.3117,hospital,,,7211662360
hospital,Emory Wesley Woods Hospital,33.804819,-84.331172,hospital,,,10834410890
hospital,Select Specialty Hospital - Midtown Atlanta,33.7737772,-84.3827544,hospital,,,10834436435
hospital,Ridgeview Institute,33.8564433,-84.5110548,hospital,,,10834460762
hospital,Emory Musculoskeletal Institute,33.828492,-84.3351295,hospital,,,12800526801
hospital,Inspire Hospice Atlanta,33.8466883,-84.3669099,hospital,,,12811236173
hospital,Piedmont Atlanta Hospital,33.8091461,-84.3954735,hospital,,,34845384
hospital,DeKalb Medical L-TAC,33.7774402,-84.2929202,hospital,,,51291333
hospital,Emory University Hospital,33.7921377,-84.3221736,hospital,,,61494982
hospital,Hughes Spalding Hospital,33.7537959,-84.3818488,hospital,,,494947781
hospital,Laurel Heights Hospital,33.7804316,-84.3456849,hospital,,,692240855
hospital,Children's Healthcare of Atlanta,33.8346214,-84.3272884,hospital,,,902148551
hospital,Children's Healthcare of Atlanta Arthur M. Blank Hospital,33.8317764,-84.3304304,hospital,,,933073925
hospital,VA Medical Center,33.8016254,-84.3113223,hospital,,,1221469441
hospital,Emory University Hospital Midtown,33.7689876,-84.3863016,hospital,,,3612501
hospital,Grady Health System,33.7520549,-84.381856,hospital,,,5675786
clinic,Center for Rehabilitation Medicine,33.7949415,-84.320485,clinic,,,358780362
clinic,Wesley Woods Health Center,33.8046363,-84.3292013,clinic,,,358780376
clinic,Kaiser Permanente,33.7757485,-84.298247,clinic,,,871146178
clinic,Piedmont West Surgery Center,33.8044158,-84.4143335,clinic,,,1259091133
clinic,"Health Education, Assessment & Leadership",33.7532346,-84.4724686,clinic,,,4864504354
clinic,Loughlin Radiation-Oncology Center,33.7542254,-84.3831998,clinic,,,8113135530
clinic,Ankle and Foot Centers of Georgia,33.8044485,-84.3929607,clinic,,,8825648847
clinic,MedPost Urgend Care,33.6563004,-84.5117266,clinic,,,8975673087
clinic,Unknown,33.6546962,-84.5022138,clinic,,,8975673115
clinic,"Servy Institute for Reproductive Endocrinology, S.I.R.E.",33.7876797,-84.3831672,clinic,,,9462998941
clinic,Passport Health Atlanta - North Buckhead Travel Clinic,33.8494965,-84.3645454,clinic,,,9716255986
clinic,Urgent Care Peachtree Immediate Care,33.8739168,-84.5299921,clinic,,,10589889624
clinic,Paragon Infusion Center,33.8766548,-84.519962,clinic,,,10617045411
clinic,Piedmont UrgentCare,33.8767808,-84.5200137,clinic,,,10617045412
clinic,Buckhead Primary Care,33.8432494,-84.4289365,clinic,,,10834361472
clinic,Fresenius Kidney Care,33.7475211,-84.2927282,clinic,,,11296519692
clinic,Highland Urgent Care and Family Medicine,33.7740766,-84.3572629,clinic,,,11803467005
clinic,Atlanta Chiropractic Injury Center,33.7639012,-84.3876909,clinic,,,11810428451
clinic,Piedmont Urgent Care,33.7940042,-84.2905522,clinic,,,11874720088
clinic,DaVita Dialysis,33.7696354,-84.3832236,clinic,,,12623995967
clinic,Passport Health Downtown Atlanta Travel Clinic,33.7568109,-84.3921585,clinic,,,12776430676
clinic,Piedmont Urgent Care,33.8351441,-84.3115264,clinic,,,12993308816
clinic,Northside Medical Family Medicine and Urgent Care,33.7856343,-84.3880147,clinic,,,13019491858
clinic,Buckhead Primary and Urgent Care Clinic,33.8067694,-84.4125927,clinic,,,13062596546
clinic,Piedmont Physicians Primary Care,33.7837905,-84.3836873,clinic,,,13070138146
clinic,Piedmont Urgent Care,33.7742599,-84.3584446,clinic,,,13076662890
clinic,Passport Health Decatur Travel Clinic,33.7760216,-84.3005905,clinic,,,13132027046
clinic,Emory Orthopedics & Spine Center,33.8279128,-84.3423945,clinic,,,40929757
clinic,Clinic B,33.7914956,-84.3198313,clinic,,,41169860
clinic,Emory Clinic Building A,33.7924639,-84.3203419,clinic,,,51302619
clinic,The Emory Clinic,33.7980346,-84.3226555,clinic,,,98280771
clinic,Winship Cancer Institute Clinic C,33.7927693,-84.3194803,clinic,,,112921497
clinic,Concentra Urgent Care,33.7734432,-84.3891766,clinic,,,234942606
clinic,34 Peachtree,33.7549618,-84.389653,clinic,,,252608923
clinic,Adamsville Health Center,33.7631343,-84.5095044,clinic,,,269898087
clinic,Linden Medical Center,33.769526,-84.3832233,clinic,,,269998830
clinic,Unknown,33.7531695,-84.4724672,clinic,,,270486467
clinic,Mercy Care,33.7509991,-84.3742939,clinic,,,270493876
clinic,DaVita Dialysis,33.7505654,-84.3756452,clinic,,,270494085
clinic,Southside Medical Center,33.7270453,-84.3919034,clinic,,,272195210
clinic,DriveThru Urgent Care,33.7989942,-84.4158255,clinic,,,388806051
clinic,WellStar Atlanta Medical Center South,33.6801376,-84.4266807,clinic,,,494707290
clinic,Rare Disease Research Center,33.8386534,-84.3234187,clinic,,,902844309
clinic,Wellstar Vinings Health Park,33.8471976,-84.4895275,clinic,,,923211432
clinic,Peachtree Immediate Care,33.8053095,-84.5270065,clinic,,,1008112127
clinic,DaVita Dialysis,33.8760507,-84.5338289,clinic,,,1014114457
clinic,Caduceus USA,33.7696862,-84.384933,clinic,,,1311902697
clinic,Unknown,33.6805066,-84.4267608,clinic,,,3669728
