{
"type": "FeatureCollection",
"name": "atlanta_suitability",
"crs": { "type": "name", "properties": { "name": "urn:ogc:def:crs:OGC:1.3:CRS84" } },
"features": [
{ "type": "Feature", "properties": { "hex_id": "8844c1a069fffff", "lat": 33.673412422356449, "lon": -84.523987658535461, "restaurant_accessibility": 0.0, "park_accessibility": 1.4447676387009141, "clinic_accessibility": 0.53852895088419894, "restaurant_norm": 0.0, "park_norm": 0.071014532312549949, "clinic_norm": 0.07338706638692731, "user_match_score": 0.036456279786025919, "suitability": 1, "suitability_label": "Okay" }, "geometry": { "type": "Polygon", "coordinates": [ [ [ -84.524246748460584, 33.66860825133773 ], [ -84.519416954739896, 33.670617840450895 ], [ -84.519157655871751, 33.675421822120946 ], [ -84.523728545945062, 33.678216476334477 ], [ -84.528558843323495, 33.676206948442179 ], [ -84.52881774694184, 33.671402705120649 ], [ -84.524246748460584, 33.66860825133773 ] ] ] } },
{ "type": "Feature", "properties": { "hex_id": "8844c1aa21fffff", "lat": 33.690365785976368, "lon": -84.381512519883174, "restaurant_accessibility": 0.0, "park_accessibility": 2.0677558156273568, "clinic_accessibility": 0.19114449428354799, "restaurant_norm": 0.0, "park_norm": 0.1016362134989168, "clinic_norm": 0.026047872948057632, "user_match_score": 0.020582770529114735, "suitability": 2, "suitability_label": "Less Suitable" }, "geometry": { "type": "Polygon", "coordinates": [ [ [ -84.381777664543719, 33.685566250979292 ], [ -84.37695235023385, 33.687568028143808 ], [ -84.376686997128743, 33.69236737315078 ], [ -84.381247352049158, 33.69516520380602 ], [ -84.386073170905291, 33.693163489440131 ], [ -84.386338130265571, 33.688363881625406 ], [ -84.381777664543719, 33.685566250979292 ] ] ] } },
{ "type": "Feature", "properties": { "hex_id": "8844c1b8b7fffff", "lat": 33.665531035931942, "lon": -84.430035615650169, "restaurant_accessibility": 4.3965774622593843, "park_accessibility": 4.3792206210860272, "clinic_accessibility": 0.74559469712055337, "restaurant_norm": 0.071216242452206313, "park_norm": 0.21525143280446732, "clinic_norm": 0.10160457937403058, "user_match_score": 0.097775096256162125, "suitability": 0, "suitability_label": "Most Suitable" }, "geometry": { "type": "Polygon", "coordinates": [ [ [ -84.430298652248339, 33.66072948571658 ], [ -84.425472673286833, 33.662734624114449 ], [ -84.425209428148534, 33.667535984645774 ], [ -84.429772556059646, 33.670332469275692 ], [ -84.434599039086095, 33.668327393078187 ], [ -84.434861890107385, 33.663525770055458 ], [ -84.430298652248339, 33.66072948571658 ] ] ] } },
{ "type": "Feature", "properties": { "hex_id": "8844c1ab19fffff", "lat": 33.688772564698475, "lon": -84.362742888793051, "restaurant_accessibility": 0.0, "park_accessibility": 1.6445809661477853, "clinic_accessibility": 0.0, "restaurant_norm": 0.0, "park_norm": 0.080835938619250453, "clinic_norm": 0.0, "user_match_score": 0.0080835938619250453, "suitability": 2, "suitability_label": "Less Suitable" }, "geometry": { "type": "Polygon", "coordinates": [ [ [ -84.363008820683277, 33.683973555500735 ], [ -84.35818427424482, 33.68597444422366 ], [ -84.357918133991163, 33.690773263364861 ], [ -84.362476933664198, 33.693571456762733 ], [ -84.36730198472803, 33.691570631033962 ], [ -84.367567731464263, 33.68677154891818 ], [ -84.363008820683277, 33.683973555500735 ] ] ] } },
{ "type": "Feature", "properties": { "hex_id": "8844c1a869fffff", "lat": 33.709967367729718, "lon": -84.356853340382202, "restaurant_accessibility": 0.431018491063695, "park_accessibility": 2.9332338607613182, "clinic_accessibility": 0.52341756869418798, "restaurant_norm": 0.0069816846454928408, "park_norm": 0.14417697711764818, "clinic_norm": 0.071327789896488386, "user_match_score": 0.046439655993106593, "suitability": 1, "suitability_label": "Okay" }, "geometry": { "type": "Polygon", "coordinates": [ [ [ -84.357119573679682, 33.705169017595161 ], [ -84.352294281650458, 33.707168828756075 ], [ -84.352027839929832, 33.711966988713264 ], [ -84.356587083816194, 33.714765600454328 ], [ -84.361412880701977, 33.712765852418165 ], [ -84.361678928815635, 33.707967429521211 ], [ -84.357119573679682, 33.705169017595161 ] ] ] } },
{ "type": "Feature", "properties": { "hex_id": "8844c1a015fffff", "lat": 33.711405393476376, "lon": -84.545557264078653, "restaurant_accessibility": 0.0, "park_accessibility": 0.14998755164310471, "clinic_accessibility": 0.0, "restaurant_norm": 0.0, "park_norm": 0.00737232448133791, "clinic_norm": 0.0, "user_match_score": 0.00073723244813379103, "suitability": 2, "suitability_label": "Less Suitable" }, "geometry": { "type": "Polygon", "coordinates": [ [ [ -84.54581553501275, 33.706601448242751 ], [ -84.540983222506483, 33.708610731470031 ], [ -84.540724742394772, 33.713414487264401 ], [ -84.545298970539221, 33.7162092211504 ], [ -84.55013178695161, 33.714199999034577 ], [ -84.550389871284409, 33.709395981926519 ], [ -84.54581553501275, 33.706601448242751 ] ] ] } },
{ "type": "Feature", "properties": { "hex_id": "8844c1ad57fffff", "lat": 33.84070782685464, "lon": -84.448767064483818, "restaurant_accessibility": 0.0, "park_accessibility": 0.3496037478515841, "clinic_accessibility": 0.48980304032474137, "restaurant_norm": 0.0, "park_norm": 0.017184041214211049, "clinic_norm": 0.066747030364501247, "user_match_score": 0.028417216267221605, "suitability": 2, "suitability_label": "Less Suitable" }, "geometry": { "type": "Polygon", "coordinates": [ [ [ -84.449029744356622, 33.835909738656056 ], [ -84.444195095787279, 33.837909371647044 ], [ -84.443932206609716, 33.84270726942929 ], [ -84.448504361608585, 33.845505795851004 ], [ -84.453339515815173, 33.843506225414473 ], [ -84.453602009356388, 33.838708066006951 ], [ -84.449029744356622, 33.835909738656056 ] ] ] } },
{ "type": "Feature", "properties": { "hex_id": "8844c1b983fffff", "lat": 33.639568146535431, "lon": -84.379604606429922, "restaurant_accessibility": 0.45892416112695233, "park_accessibility": 0.36927179894252682, "clinic_accessibility": 0.0, "restaurant_norm": 0.0074337037403628143, "park_norm": 0.018150783140254267, "clinic_norm": 0.0, "user_match_score": 0.0055319301842068338, "suitability": 2, "suitability_label": "Less Suitable" }, "geometry": { "type": "Polygon", "coordinates": [ [ [ -84.379869704630579, 33.634767516615995 ], [ -84.375046769594391, 33.636771065302071 ], [ -84.374781463156154, 33.641571505458877 ], [ -84.379339485071242, 33.64436865996182 ], [ -84.384162924180586, 33.642365173931751 ], [ -84.384427837272582, 33.637564470747719 ], [ -84.379869704630579, 33.634767516615995 ] ] ] } },
{ "type": "Feature", "properties": { "hex_id": "8844c1a143fffff", "lat": 33.677077842341888, "lon": -84.481303570825006, "restaurant_accessibility": 0.0, "park_accessibility": 1.7555726147240927, "clinic_accessibility": 0.42376683881192645, "restaurant_norm": 0.0, "park_norm": 0.086291501024657463, "clinic_norm": 0.057748065505871859, "user_match_score": 0.031728376304814496, "suitability": 2, "suitability_label": "Less Suitable" }, "geometry": { "type": "Polygon", "coordinates": [ [ [ -84.481564472374785, 33.672275025115887 ], [ -84.476736079643032, 33.674282325969777 ], [ -84.476474969304476, 33.679084953660912 ], [ -84.481042646458121, 33.68188054250799 ], [ -84.485871543102562, 33.679873303343243 ], [ -84.486132258651594, 33.67507041364739 ], [ -84.481564472374785, 33.672275025115887 ] ] ] } },
{ "type": "Feature", "properties": { "hex_id": "8844c1a1d5fffff", "lat": 33.737862907882622, "lon": -84.515784705343336, "restaurant_accessibility": 0.36512500500769324, "park_accessibility": 1.1631850305387526, "clinic_accessibility": 0.25703978632414454, "restaurant_norm": 0.0059143347536126821, "park_norm": 0.057173927989515663, "clinic_norm": 0.03502763562122372, "user_match_score": 0.022685614424247394, "suitability": 2, "suitability_label": "Less Suitable" }, "geometry": { "type": "Polygon", "coordinates": [ [ [ -84.516044299323312, 33.733060452999148 ], [ -84.511211873891355, 33.735067260951084 ], [ -84.510952070746967, 33.739869526154962 ], [ -84.515525088641681, 33.742665244876655 ], [ -84.520358018385735, 33.740658498438755 ], [ -84.520617425893889, 33.735855971770313 ], [ -84.516044299323312, 33.733060452999148 ] ] ] } },
{ "type": "Feature", "properties": { "hex_id": "8844c1b9a7fffff", "lat": 33.643986286364218, "lon": -84.346377534123874, "restaurant_accessibility": 0.24049200207884253, "park_accessibility": 0.29810292010664236, "clinic_accessibility": 0.0, "restaurant_norm": 0.0038955157448907741, "park_norm": 0.014652625713165661, "clinic_norm": 0.0, "user_match_score": 0.0034130204437619535, "suitability": 2, "suitability_label": "Less Suitable" }, "geometry": { "type": "Polygon", "coordinates": [ [ [ -84.346644043192711, 33.639186752255071 ], [ -84.341822139168102, 33.641188462981219 ], [ -84.341555421976963, 33.64598780717651 ], [ -84.346111001778723, 33.648785703944256 ], [ -84.350933410084792, 33.646784056243455 ], [ -84.351199734278481, 33.641984448754528 ], [ -84.346644043192711, 33.639186752255071 ] ] ] } },
{ "type": "Feature", "properties": { "hex_id": "8844c1a857fffff", "lat": 33.734354356910821, "lon": -84.388515277754593, "restaurant_accessibility": 7.2853476729911009, "park_accessibility": 12.334029993899524, "clinic_accessibility": 3.0417608268843357, "restaurant_norm": 0.11800885818163749, "park_norm": 0.6062534542463266, "clinic_norm": 0.41451049821779479, "user_match_score": 0.2854339738025693, "suitability": 0, "suitability_label": "Most Suitable" }, "geometry": { "type": "Polygon", "coordinates": [ [ [ -84.388780237006785, 33.729555616079615 ], [ -84.383952662055222, 33.731556127162605 ], [ -84.383687494157584, 33.736354677828501 ], [ -84.388250295334288, 33.739152979987573 ], [ -84.393078375215453, 33.737152531768459 ], [ -84.393343148961108, 33.732353718531435 ], [ -84.388780237006785, 33.729555616079615 ] ] ] } },
{ "type": "Feature", "properties": { "hex_id": "8844c1a865fffff", "lat": 33.715965279012067, "lon": -84.342377103232423, "restaurant_accessibility": 0.48614088897362506, "park_accessibility": 2.8164097062817692, "clinic_accessibility": 0.0, "restaurant_norm": 0.0078745632738801176, "park_norm": 0.13843473008017027, "clinic_norm": 0.0, "user_match_score": 0.017780754644957084, "suitability": 2, "suitability_label": "Less Suitable" }, "geometry": { "type": "Polygon", "coordinates": [ [ [ -84.342643961765063, 33.711167499494003 ], [ -84.337818934040953, 33.713166359074407 ], [ -84.337551867119473, 33.717963948330684 ], [ -84.342110221377865, 33.720762941050751 ], [ -84.346935754088079, 33.71876414476894 ], [ -84.347202427524564, 33.713966292473479 ], [ -84.342643961765063, 33.711167499494003 ] ] ] } },
{ "type": "Feature", "properties": { "hex_id": "8844c1aee7fffff", "lat": 33.841067269388276, "lon": -84.538575394338807, "restaurant_accessibility": 0.0, "park_accessibility": 2.4406123565088249, "clinic_accessibility": 0.97247937060620226, "restaurant_norm": 0.0, "park_norm": 0.11996319713358691, "clinic_norm": 0.13252288110679669, "user_match_score": 0.065005472156077368, "suitability": 1, "suitability_label": "Okay" }, "geometry": { "type": "Polygon", "coordinates": [ [ [ -84.538834276656772, 33.836266520528298 ], [ -84.53399631006134, 33.838270680755315 ], [ -84.533737218081356, 33.843071239551008 ], [ -84.538316489335472, 33.845867898977204 ], [ -84.543154961106879, 33.84386380034509 ], [ -84.543413656419048, 33.839062980697157 ], [ -84.538834276656772, 33.836266520528298 ] ] ] } },
{ "type": "Feature", "properties": { "hex_id": "8844c1ac11fffff", "lat": 33.860683173237803, "lon": -84.513865443252556, "restaurant_accessibility": 0.5772707376919155, "park_accessibility": 3.7727292827712988, "clinic_accessibility": 1.4980270392167929, "restaurant_norm": 0.0093506945274892603, "park_norm": 0.18544061922564176, "clinic_norm": 0.20414094654691031, "user_match_score": 0.10487578780507292, "suitability": 0, "suitability_label": "Most Suitable" }, "geometry": { "type": "Polygon", "coordinates": [ [ [ -84.514125419322184, 33.855883613817198 ], [ -84.509287463555225, 33.857885801131495 ], [ -84.509027277843614, 33.86268517030058 ], [ -84.513605444401719, 33.865482613145964 ], [ -84.518443905660533, 33.863480487752021 ], [ -84.518703694840198, 33.858680857597577 ], [ -84.514125419322184, 33.855883613817198 ] ] ] } },
{ "type": "Feature", "properties": { "hex_id": "8844c1ad5bfffff", "lat": 33.834707589485731, "lon": -84.463272159830893, "restaurant_accessibility": 0.25447105649712165, "park_accessibility": 1.0764586600811976, "clinic_accessibility": 0.43950332802431968, "restaurant_norm": 0.0041219499968175328, "park_norm": 0.052911074592033681, "clinic_norm": 0.059892527334026016, "user_match_score": 0.031309093391222544, "suitability": 2, "suitability_label": "Less Suitable" }, "geometry": { "type": "Polygon", "coordinates": [ [ [ -84.463534211721523, 33.829908930207026 ], [ -84.458699302390258, 33.831909517937696 ], [ -84.458437041160906, 33.836707986884527 ], [ -84.463010084991595, 33.839506129631161 ], [ -84.467845499828385, 33.837505604281056 ], [ -84.468107365299772, 33.832706873808931 ], [ -84.463534211721523, 33.829908930207026 ] ] ] } },
{ "type": "Feature", "properties": { "hex_id": "8844c1a841fffff", "lat": 33.711563580638916, "lon": -84.37562535276507, "restaurant_accessibility": 0.52063206273708174, "park_accessibility": 4.5986166689859314, "clinic_accessibility": 0.83189589690078969, "restaurant_norm": 0.0084332550777400234, "park_norm": 0.22603538678812851, "clinic_norm": 0.11336512050583979, "user_match_score": 0.072166214420018776, "suitability": 1, "suitability_label": "Okay" }, "geometry": { "type": "Polygon", "coordinates": [ [ [ -84.375890798653543, 33.706764704774542 ], [ -84.371064738186732, 33.708765404579907 ], [ -84.370799083793884, 33.713564090333257 ], [ -84.375359883673227, 33.716362339059295 ], [ -84.380186448917598, 33.714361702183126 ], [ -84.380451709475864, 33.709562753656776 ], [ -84.375890798653543, 33.706764704774542 ] ] ] } },
{ "type": "Feature", "properties": { "hex_id": "8844c1ade5fffff", "lat": 33.875487794057108, "lon": -84.432682421318773, "restaurant_accessibility": 0.0, "park_accessibility": 1.2573200737760479, "clinic_accessibility": 0.21727145502959977, "restaurant_norm": 0.0, "park_norm": 0.061800939206162989, "clinic_norm": 0.029608277638670903, "user_match_score": 0.018023404976084661, "suitability": 2, "suitability_label": "Less Suitable" }, "geometry": { "type": "Polygon", "coordinates": [ [ [ -84.432945867454251, 33.87069099376469 ], [ -84.428110224351983, 33.872688528683362 ], [ -84.427846568838234, 33.877485138337654 ], [ -84.432418952109018, 33.88028447469992 ], [ -84.437255101263162, 33.878287002615956 ], [ -84.437518361065386, 33.873490131340205 ], [ -84.432945867454251, 33.87069099376469 ] ] ] } },
{ "type": "Feature", "properties": { "hex_id": "8844c1ac2bfffff", "lat": 33.850698131832786, "lon": -84.481307086504998, "restaurant_accessibility": 2.7687048779816728, "park_accessibility": 1.0706129406260634, "clinic_accessibility": 0.50207052519308293, "restaurant_norm": 0.04484778434169126, "park_norm": 0.052623740475448676, "clinic_norm": 0.068418759850827779, "user_match_score": 0.055053770158721607, "suitability": 1, "suitability_label": "Okay" }, "geometry": { "type": "Polygon", "coordinates": [ [ [ -84.481568415342792, 33.845899307346933 ], [ -84.476732112161869, 33.847900216760912 ], [ -84.476470573850605, 33.852698850912702 ], [ -84.481045734775307, 33.85549683696135 ], [ -84.485882543521427, 33.853495989784939 ], [ -84.486143685748459, 33.848697094327505 ], [ -84.481568415342792, 33.845899307346933 ] ] ] } },
{ "type": "Feature", "properties": { "hex_id": "8844c1ab51fffff", "lat": 33.674375185958276, "lon": -84.363540614760055, "restaurant_accessibility": 0.0, "park_accessibility": 1.0638204726173592, "clinic_accessibility": 0.0, "restaurant_norm": 0.0, "park_norm": 0.052289870913337075, "clinic_norm": 0.0, "user_match_score": 0.005228987091333708, "suitability": 2, "suitability_label": "Less Suitable" }, "geometry": { "type": "Polygon", "coordinates": [ [ [ -84.363806476952675, 33.66957582574031 ], [ -84.358982555497732, 33.671577284493615 ], [ -84.358716484995071, 33.676376454724675 ], [ -84.363274729337945, 33.679174429232894 ], [ -84.368099155277335, 33.677173033419116 ], [ -84.368364832360214, 33.672373600162594 ], [ -84.363806476952675, 33.66957582574031 ] ] ] } },
{ "type": "Feature", "properties": { "hex_id": "8844c13263fffff", "lat": 33.825092402499543, "lon": -84.350456753681343, "restaurant_accessibility": 6.4936923469610317, "park_accessibility": 6.2115083919679082, "clinic_accessibility": 2.1015706024660132, "restaurant_norm": 0.10518553865159444, "park_norm": 0.3053137069208644, "clinic_norm": 0.28638776256460191, "user_match_score": 0.19767924504372442, "suitability": 0, "suitability_label": "Most Suitable" }, "geometry": { "type": "Polygon", "coordinates": [ [ [ -84.350723546263879, 33.820296887655672 ], [ -84.345893247162948, 33.822292128192181 ], [ -84.345626245729576, 33.827087452305918 ], [ -84.350189937757165, 33.82988779841687 ], [ -84.355020742844857, 33.827892621437087 ], [ -84.355287349888854, 33.823097034794678 ], [ -84.350723546263879, 33.820296887655672 ] ] ] } },
{ "type": "Feature", "properties": { "hex_id": "8844c13289fffff", "lat": 33.879871466740084, "lon": -84.399363090159753, "restaurant_accessibility": 0.29127930542559244, "park_accessibility": 1.8368349922286769, "clinic_accessibility": 0.0, "restaurant_norm": 0.0047181740375476242, "park_norm": 0.090285783273589104, "clinic_norm": 0.0, "user_match_score": 0.011387665346132723, "suitability": 2, "suitability_label": "Less Suitable" }, "geometry": { "type": "Polygon", "coordinates": [ [ [ -84.399627955313932, 33.875075762072861 ], [ -84.394793343400238, 33.877071449784957 ], [ -84.394528268983322, 33.88186696366369 ], [ -84.399098201811924, 33.884667051723753 ], [ -84.403933319989235, 33.882671427216231 ], [ -84.404197999044996, 33.877875651449202 ], [ -84.399627955313932, 33.875075762072861 ] ] ] } },
{ "type": "Feature", "properties": { "hex_id": "8844c1a1c3fffff", "lat": 33.730264877897987, "lon": -84.511471654299143, "restaurant_accessibility": 0.83132267862849096, "park_accessibility": 1.4702161342003432, "clinic_accessibility": 0.21482117190704172, "restaurant_norm": 0.013465855644631281, "park_norm": 0.072265399896748461, "clinic_norm": 0.029274369703198366, "user_match_score": 0.025669215693269833, "suitability": 2, "suitability_label": "Less Suitable" }, "geometry": { "type": "Polygon", "coordinates": [ [ [ -84.511731411973244, 33.725462377059117 ], [ -84.506899490803576, 33.727469246547123 ], [ -84.506639524012016, 33.732271557724403 ], [ -84.511211873891355, 33.735067260951084 ], [ -84.516044299323312, 33.733060452999148 ], [ -84.516303870584551, 33.728257880289654 ], [ -84.511731411973244, 33.725462377059117 ] ] ] } },
{ "type": "Feature", "properties": { "hex_id": "8844c1ad89fffff", "lat": 33.885486344039421, "lon": -84.465225583263035, "restaurant_accessibility": 20.304108369574152, "park_accessibility": 4.2750748904572369, "clinic_accessibility": 0.0, "restaurant_norm": 0.32888816740655796, "park_norm": 0.21013236718115197, "clinic_norm": 0.0, "user_match_score": 0.18545732042139418, "suitability": 0, "suitability_label": "Most Suitable" }, "geometry": { "type": "Polygon", "coordinates": [ [ [ -84.465487678207012, 33.880688808143972 ], [ -84.460650378252041, 33.88268761952105 ], [ -84.460388073760782, 33.887484964860469 ], [ -84.464963465355254, 33.890283760130039 ], [ -84.469801271290663, 33.888285011270646 ], [ -84.470063179621889, 33.883487404629207 ], [ -84.465487678207012, 33.880688808143972 ] ] ] } },
{ "type": "Feature", "properties": { "hex_id": "8844c1a22dfffff", "lat": 33.646151235014344, "lon": -84.544341406588131, "restaurant_accessibility": 0.0, "park_accessibility": 0.24464020604352663, "clinic_accessibility": 0.38197246146520558, "restaurant_norm": 0.0, "park_norm": 0.012024777792398588, "clinic_norm": 0.052052611733315747, "user_match_score": 0.022023522472566157, "suitability": 2, "suitability_label": "Less Suitable" }, "geometry": { "type": "Polygon", "coordinates": [ [ [ -84.544599570284745, 33.641345839733162 ], [ -84.539770269807264, 33.643357455328363 ], [ -84.539511897194657, 33.648162661468497 ], [ -84.544083220309645, 33.650956513602708 ], [ -84.548913024080818, 33.648944958923131 ], [ -84.549171001414322, 33.644139491198906 ], [ -84.544599570284745, 33.641345839733162 ] ] ] } },
{ "type": "Feature", "properties": { "hex_id": "8844c1a83dfffff", "lat": 33.746351520549133, "lon": -84.359549892630213, "restaurant_accessibility": 24.648170128475591, "park_accessibility": 10.393199118044629, "clinic_accessibility": 3.297637136455716, "restaurant_norm": 0.39925375475374414, "park_norm": 0.51085597076550782, "clinic_norm": 0.44937958313240456, "user_match_score": 0.43046430770638472, "suitability": 0, "suitability_label": "Most Suitable" }, "geometry": { "type": "Polygon", "coordinates": [ [ [ -84.359816103584208, 33.741553921132045 ], [ -84.354989055610289, 33.743552527648482 ], [ -84.354722636079316, 33.748349936731451 ], [ -84.359283658401182, 33.751149002073198 ], [ -84.364111211564705, 33.749150458768305 ], [ -84.364377237187497, 33.744352786915158 ], [ -84.359816103584208, 33.741553921132045 ] ] ] } },
{ "type": "Feature", "properties": { "hex_id": "8844c1ae09fffff", "lat": 33.790258545545598, "lon": -84.536585981830839, "restaurant_accessibility": 0.11186667886421071, "park_accessibility": 1.3884220528559919, "clinic_accessibility": 0.52584329298946486, "restaurant_norm": 0.0018120286956624357, "park_norm": 0.068244982857350589, "clinic_norm": 0.07165835112184421, "user_match_score": 0.036393853082303959, "suitability": 1, "suitability_label": "Okay" }, "geometry": { "type": "Polygon", "coordinates": [ [ [ -84.536844824270077, 33.785456678692029 ], [ -84.532009248526833, 33.7874626099171 ], [ -84.531750196634263, 33.792264286931847 ], [ -84.536327116720898, 33.795060293801399 ], [ -84.541163197166526, 33.793054424033315 ], [ -84.541421852794045, 33.788252485943936 ], [ -84.536844824270077, 33.785456678692029 ] ] ] } },
{ "type": "Feature", "properties": { "hex_id": "8844c1ad01fffff", "lat": 33.839108915572105, "lon": -84.429955166619962, "restaurant_accessibility": 2.5194108113108982, "park_accessibility": 0.56446673245444967, "clinic_accessibility": 1.2420669747884416, "restaurant_norm": 0.040809691792129135, "park_norm": 0.027745181950011959, "clinic_norm": 0.16926044808946561, "user_match_score": 0.090883543326852001, "suitability": 0, "suitability_label": "Most Suitable" }, "geometry": { "type": "Polygon", "coordinates": [ [ [ -84.430218637504737, 33.834311350808981 ], [ -84.425384756014026, 33.836310091826064 ], [ -84.425121075905651, 33.841107466106301 ], [ -84.429691672667133, 33.843906361167519 ], [ -84.434526059876049, 33.841907682901066 ], [ -84.434789344576018, 33.837110046827938 ], [ -84.430218637504737, 33.834311350808981 ] ] ] } },
{ "type": "Feature", "properties": { "hex_id": "8844c1a01dfffff", "lat": 33.704591847282153, "lon": -84.550647933029765, "restaurant_accessibility": 0.0, "park_accessibility": 0.1809939405522375, "clinic_accessibility": 0.0, "restaurant_norm": 0.0, "park_norm": 0.0088963786946943072, "clinic_norm": 0.0, "user_match_score": 0.00088963786946943079, "suitability": 2, "suitability_label": "Less Suitable" }, "geometry": { "type": "Polygon", "coordinates": [ [ [ -84.550905972190662, 33.699787595165006 ], [ -84.546073783344468, 33.701797385513061 ], [ -84.54581553501275, 33.706601448242751 ], [ -84.550389871284409, 33.709395981926519 ], [ -84.55522256394552, 33.707386252613745 ], [ -84.555480416491037, 33.702581928587144 ], [ -84.550905972190662, 33.699787595165006 ] ] ] } },
{ "type": "Feature", "properties": { "hex_id": "8844c1aa99fffff", "lat": 33.747520465269133, "lon": -84.458585023008638, "restaurant_accessibility": 0.0, "park_accessibility": 1.7152139498431642, "clinic_accessibility": 0.75045303996970603, "restaurant_norm": 0.0, "park_norm": 0.084307755241248922, "clinic_norm": 0.10226664132746099, "user_match_score": 0.049337432055109293, "suitability": 1, "suitability_label": "Okay" }, "geometry": { "type": "Polygon", "coordinates": [ [ [ -84.458847057430489, 33.742719934290101 ], [ -84.454016295477871, 33.744723498526497 ], [ -84.453754052079972, 33.749523839555394 ], [ -84.458322965659335, 33.752320878270815 ], [ -84.463154232310643, 33.750317376190864 ], [ -84.463416080654753, 33.745516773244198 ], [ -84.458847057430489, 33.742719934290101 ] ] ] } },
{ "type": "Feature", "properties": { "hex_id": "8844c1a915fffff", "lat": 33.742341743302866, "lon": -84.312622544887759, "restaurant_accessibility": 2.9380004731302982, "park_accessibility": 5.6830444566695455, "clinic_accessibility": 0.70445059792115328, "restaurant_norm": 0.047590052902563885, "park_norm": 0.2793381671842412, "clinic_norm": 0.095997741089070901, "user_match_score": 0.090127939605334426, "suitability": 0, "suitability_label": "Most Suitable" }, "geometry": { "type": "Polygon", "coordinates": [ [ [ -84.312890723876563, 33.737545458820257 ], [ -84.308065601531595, 33.739541843926069 ], [ -84.307797214169483, 33.744337937909265 ], [ -84.312354342461163, 33.747137909977894 ], [ -84.317179970191788, 33.74514158857243 ], [ -84.317447964215759, 33.740345231402948 ], [ -84.312890723876563, 33.737545458820257 ] ] ] } },
{ "type": "Feature", "properties": { "hex_id": "8844c1b8a5fffff", "lat": 33.641945944125226, "lon": -84.407753618778912, "restaurant_accessibility": 2.0897294702656897, "park_accessibility": 1.189869398227291, "clinic_accessibility": 0.34773159295073863, "restaurant_norm": 0.033849666448838731, "park_norm": 0.058485542286996449, "clinic_norm": 0.047386498822038721, "user_match_score": 0.041727986981934501, "suitability": 1, "suitability_label": "Okay" }, "geometry": { "type": "Polygon", "coordinates": [ [ [ -84.408017536478923, 33.637144525474625 ], [ -84.403193452117009, 33.639149406349127 ], [ -84.402929326058015, 33.643950635337092 ], [ -84.40748967801855, 33.646747246232188 ], [ -84.412314266334391, 33.644742427720431 ], [ -84.412577998706695, 33.639940935955849 ], [ -84.408017536478923, 33.637144525474625 ] ] ] } },
{ "type": "Feature", "properties": { "hex_id": "8844c1a065fffff", "lat": 33.67943966924048, "lon": -84.509497908037858, "restaurant_accessibility": 0.0, "park_accessibility": 2.6617910197583021, "clinic_accessibility": 0.5381646290144837, "restaurant_norm": 0.0, "park_norm": 0.13083477184735867, "clinic_norm": 0.073337419077910582, "user_match_score": 0.042418444815900104, "suitability": 1, "suitability_label": "Okay" }, "geometry": { "type": "Polygon", "coordinates": [ [ [ -84.509757624758564, 33.674636066353237 ], [ -84.504928088630621, 33.676644703144653 ], [ -84.504668163000389, 33.681448116597771 ], [ -84.509238168598316, 33.684243155017064 ], [ -84.514068208516107, 33.682234579620797 ], [ -84.514327739017091, 33.677430904415246 ], [ -84.509757624758564, 33.674636066353237 ] ] ] } },
{ "type": "Feature", "properties": { "hex_id": "8844c1ad05fffff", "lat": 33.838308514663005, "lon": -84.420550961820169, "restaurant_accessibility": 1.4452951848945395, "park_accessibility": 0.45369847621177373, "clinic_accessibility": 1.2611791941356802, "restaurant_norm": 0.023411049432428586, "park_norm": 0.022300599927657622, "clinic_norm": 0.17186493148396917, "user_match_score": 0.082681557302567724, "suitability": 1, "suitability_label": "Okay" }, "geometry": { "type": "Polygon", "coordinates": [ [ [ -84.420814828039966, 33.833511211743243 ], [ -84.415981330392427, 33.835509506917909 ], [ -84.41571725498963, 33.840306619321559 ], [ -84.420287072499548, 33.843105698432296 ], [ -84.425121075905651, 33.841107466106301 ], [ -84.425384756014026, 33.836310091826064 ], [ -84.420814828039966, 33.833511211743243 ] ] ] } },
{ "type": "Feature", "properties": { "hex_id": "8844c1af43fffff", "lat": 33.77790986552283, "lon": -84.47581936292903, "restaurant_accessibility": 0.0, "park_accessibility": 2.0746724566486305, "clinic_accessibility": 0.72756767975676762, "restaurant_norm": 0.0, "park_norm": 0.10197618652581905, "clinic_norm": 0.099147979932417807, "user_match_score": 0.049856810625549031, "suitability": 1, "suitability_label": "Okay" }, "geometry": { "type": "Polygon", "coordinates": [ [ [ -84.476080744265261, 33.773109519878176 ], [ -84.471247963216598, 33.77511283562103 ], [ -84.470986372716141, 33.77991299124367 ], [ -84.47555795871294, 33.782710092775972 ], [ -84.480391244661135, 33.780706839101271 ], [ -84.480652439683865, 33.775906421831273 ], [ -84.476080744265261, 33.773109519878176 ] ] ] } },
{ "type": "Feature", "properties": { "hex_id": "8844c1169bfffff", "lat": 33.643189856939713, "lon": -84.337000323205615, "restaurant_accessibility": 0.0, "park_accessibility": 0.73023118426932276, "clinic_accessibility": 0.0, "restaurant_norm": 0.0, "park_norm": 0.035892986970246309, "clinic_norm": 0.0, "user_match_score": 0.003589298697024631, "suitability": 2, "suitability_label": "Less Suitable" }, "geometry": { "type": "Polygon", "coordinates": [ [ [ -84.337267225198815, 33.638390586174275 ], [ -84.332445705446062, 33.640391853313673 ], [ -84.332178595371175, 33.645190934132096 ], [ -84.336733397903643, 33.647989011192941 ], [ -84.341555421976963, 33.64598780717651 ], [ -84.341822139168102, 33.641188462981219 ], [ -84.337267225198815, 33.638390586174275 ] ] ] } },
{ "type": "Feature", "properties": { "hex_id": "8844c1a9d5fffff", "lat": 33.774332358715832, "lon": -84.348561977396741, "restaurant_accessibility": 20.445577545200148, "park_accessibility": 13.742526373516176, "clinic_accessibility": 4.3604882070187374, "restaurant_norm": 0.33117970058148294, "park_norm": 0.6754851486607546, "clinic_norm": 0.59421770547802688, "user_match_score": 0.47082544734802767, "suitability": 0, "suitability_label": "Most Suitable" }, "geometry": { "type": "Polygon", "coordinates": [ [ [ -84.348828722077243, 33.769535730322971 ], [ -84.34400080734278, 33.771532749815435 ], [ -84.343733854019064, 33.776329187702778 ], [ -84.348295209390344, 33.779128868853512 ], [ -84.353123629636386, 33.777131912778529 ], [ -84.353390188970309, 33.772335212140362 ], [ -84.348828722077243, 33.769535730322971 ] ] ] } },
{ "type": "Feature", "properties": { "hex_id": "8844c1328dfffff", "lat": 33.879066819159696, "lon": -84.389958819250438, "restaurant_accessibility": 2.4014120591205725, "park_accessibility": 2.7711290779421449, "clinic_accessibility": 0.18769028134509391, "restaurant_norm": 0.038898335102253927, "park_norm": 0.1362090554746343, "clinic_norm": 0.02557715627848452, "user_match_score": 0.043300935609984201, "suitability": 1, "suitability_label": "Okay" }, "geometry": { "type": "Polygon", "coordinates": [ [ [ -84.390224079692274, 33.874271376431217 ], [ -84.385389852594756, 33.876266618292107 ], [ -84.385124382930911, 33.88106187019897 ], [ -84.389693535582154, 33.883862142221929 ], [ -84.394528268983322, 33.88186696366369 ], [ -84.394793343400238, 33.877071449784957 ], [ -84.390224079692274, 33.874271376431217 ] ] ] } },
{ "type": "Feature", "properties": { "hex_id": "8844c116bdfffff", "lat": 33.639997904005234, "lon": -84.299503098277938, "restaurant_accessibility": 0.0, "park_accessibility": 0.0, "clinic_accessibility": 0.0, "restaurant_norm": 0.0, "park_norm": 0.0, "clinic_norm": 0.0, "user_match_score": 0.0, "suitability": 2, "suitability_label": "Less Suitable" }, "geometry": { "type": "Polygon", "coordinates": [ [ [ -84.299771570831481, 33.635199687446317 ], [ -84.294951590164757, 33.63719918119692 ], [ -84.294682909692213, 33.641997207676432 ], [ -84.299234602285907, 33.64479600411957 ], [ -84.304055087428765, 33.642796573882315 ], [ -84.304323375472549, 33.637998283693477 ], [ -84.299771570831481, 33.635199687446317 ] ] ] } },
{ "type": "Feature", "properties": { "hex_id": "8844c1a9c7fffff", "lat": 33.765933367821923, "lon": -84.334879913717074, "restaurant_accessibility": 8.2860671025837824, "park_accessibility": 12.113560453875614, "clinic_accessibility": 2.5806677689933184, "restaurant_norm": 0.13421862092010223, "park_norm": 0.59541673500195125, "clinic_norm": 0.35167586918913979, "user_match_score": 0.26732133163590216, "suitability": 0, "suitability_label": "Most Suitable" }, "geometry": { "type": "Polygon", "coordinates": [ [ [ -84.335147214172977, 33.761136956436133 ], [ -84.33032019010804, 33.763133594888892 ], [ -84.330052681096788, 33.767929815754115 ], [ -84.334612589890966, 33.77072966107302 ], [ -84.339440119455745, 33.768733086157454 ], [ -84.339707234697215, 33.763936602390807 ], [ -84.335147214172977, 33.761136956436133 ] ] ] } },
{ "type": "Feature", "properties": { "hex_id": "8844c1a817fffff", "lat": 33.755547702083682, "lon": -84.38262659067712, "restaurant_accessibility": 41.291870823372101, "park_accessibility": 20.344675824128316, "clinic_accessibility": 6.2442527424513017, "restaurant_norm": 0.66885023841960511, "park_norm": 1.0, "clinic_norm": 0.85092433711249915, "user_match_score": 0.7747948540548022, "suitability": 0, "suitability_label": "Most Suitable" }, "geometry": { "type": "Polygon", "coordinates": [ [ [ -84.38289185133678, 33.750749622907691 ], [ -84.378063529406219, 33.752749055646269 ], [ -84.377798060041172, 33.757546944536422 ], [ -84.382361306819391, 33.760345663229074 ], [ -84.387190133911133, 33.7583462934845 ], [ -84.387455209034272, 33.753548142058328 ], [ -84.38289185133678, 33.750749622907691 ] ] ] } },
{ "type": "Feature", "properties": { "hex_id": "8844c1a93bfffff", "lat": 33.749133914061822, "lon": -84.307528803351786, "restaurant_accessibility": 6.217052600056066, "park_accessibility": 7.909799524000972, "clinic_accessibility": 1.0337497790234129, "restaurant_norm": 0.10070449778364243, "park_norm": 0.38878965643778568, "clinic_norm": 0.14087239606357915, "user_match_score": 0.14558017296103146, "suitability": 0, "suitability_label": "Most Suitable" }, "geometry": { "type": "Polygon", "coordinates": [ [ [ -84.307797214169483, 33.744337937909265 ], [ -84.302971972126926, 33.746333815223998 ], [ -84.302703352929612, 33.751129600826083 ], [ -84.307260369075394, 33.753929772320575 ], [ -84.312086116593704, 33.751933958782153 ], [ -84.312354342461163, 33.747137909977894 ], [ -84.307797214169483, 33.744337937909265 ] ] ] } },
{ "type": "Feature", "properties": { "hex_id": "8844c1af6bfffff", "lat": 33.776321171402017, "lon": -84.457012334896021, "restaurant_accessibility": 0.0, "park_accessibility": 3.8083842255022766, "clinic_accessibility": 0.48937409726835568, "restaurant_norm": 0.0, "park_norm": 0.18719316338211792, "clinic_norm": 0.066688576919234271, "user_match_score": 0.045394747105905506, "suitability": 1, "suitability_label": "Okay" }, "geometry": { "type": "Polygon", "coordinates": [ [ [ -84.45727450692759, 33.77152134923714 ], [ -84.45244249085053, 33.773523773425786 ], [ -84.452180109735636, 33.778323405501837 ], [ -84.456750139918995, 33.781120875209631 ], [ -84.461582660977015, 33.779118513285262 ], [ -84.461844646841513, 33.774318619393981 ], [ -84.45727450692759, 33.77152134923714 ] ] ] } },
{ "type": "Feature", "properties": { "hex_id": "8844c1a8c3fffff", "lat": 33.772338422135135, "lon": -84.410015080173409, "restaurant_accessibility": 11.970300383510828, "park_accessibility": 7.4893921318421821, "clinic_accessibility": 4.0401132486951381, "restaurant_norm": 0.19389623443590126, "park_norm": 0.36812541013604827, "clinic_norm": 0.55055918294808626, "user_match_score": 0.35398433141079, "suitability": 0, "suitability_label": "Most Suitable" }, "geometry": { "type": "Polygon", "coordinates": [ [ [ -84.410279226953264, 33.767539910136819 ], [ -84.405449126847344, 33.769540107119234 ], [ -84.40518477118674, 33.774338428862144 ], [ -84.409750910284416, 33.777136815861766 ], [ -84.414581515573047, 33.775136681633597 ], [ -84.414845476552074, 33.770338097656655 ], [ -84.410279226953264, 33.767539910136819 ] ] ] } },
{ "type": "Feature", "properties": { "hex_id": "8844c1ae49fffff", "lat": 33.769043548473796, "lon": -84.542456248806474, "restaurant_accessibility": 0.17583314052319804, "park_accessibility": 0.13052232948006323, "clinic_accessibility": 0.39807009797312709, "restaurant_norm": 0.0028481644356603323, "park_norm": 0.0064155521871361917, "clinic_norm": 0.054246288261086101, "user_match_score": 0.023764152740978227, "suitability": 2, "suitability_label": "Less Suitable" }, "geometry": { "type": "Polygon", "coordinates": [ [ [ -84.542714791199998, 33.764241018145022 ], [ -84.537879967379723, 33.766248026567553 ], [ -84.537621215593489, 33.771050367178461 ], [ -84.542197683772073, 33.773845960481481 ], [ -84.5470330120623, 33.771839013386298 ], [ -84.547291367674902, 33.767036411665977 ], [ -84.542714791199998, 33.764241018145022 ] ] ] } },
{ "type": "Feature", "properties": { "hex_id": "8844c1ad51fffff", "lat": 33.833909787420161, "lon": -84.453864479913108, "restaurant_accessibility": 0.93034902237240003, "park_accessibility": 0.88966766957651933, "clinic_accessibility": 0.44426277119165974, "restaurant_norm": 0.015069895188062322, "park_norm": 0.043729754028392721, "clinic_norm": 0.060541111910793734, "user_match_score": 0.03612436776118793, "suitability": 2, "suitability_label": "Less Suitable" }, "geometry": { "type": "Polygon", "coordinates": [ [ [ -84.454126927488318, 33.829111389717333 ], [ -84.449292401229982, 33.831111531318456 ], [ -84.449029744356622, 33.835909738656056 ], [ -84.453602009356388, 33.838708066006951 ], [ -84.458437041160906, 33.836707986884527 ], [ -84.458699302390258, 33.831909517937696 ], [ -84.454126927488318, 33.829111389717333 ] ] ] } },
{ "type": "Feature", "properties": { "hex_id": "8844c1aee9fffff", "lat": 33.827455996507354, "lon": -84.548768907529734, "restaurant_accessibility": 0.0, "park_accessibility": 0.92317162043084966, "clinic_accessibility": 0.22489642301326904, "restaurant_norm": 0.0, "park_norm": 0.045376570676834739, "clinic_norm": 0.030647356467575049, "user_match_score": 0.016796599654713494, "suitability": 2, "suitability_label": "Less Suitable" }, "geometry": { "type": "Polygon", "coordinates": [ [ [ -84.549027325200186, 33.822654629343653 ], [ -84.544189606363034, 33.824659806518426 ], [ -84.543930979044163, 33.829460983720558 ], [ -84.548510467215792, 33.832257244572652 ], [ -84.55334869104594, 33.830252128841174 ], [ -84.553606921682359, 33.825450690819586 ], [ -84.549027325200186, 33.822654629343653 ] ] ] } },
{ "type": "Feature", "properties": { "hex_id": "8844c1ad11fffff", "lat": 33.855101375984617, "lon": -84.447978886838769, "restaurant_accessibility": 0.25975900691584186, "park_accessibility": 0.90718913906198306, "clinic_accessibility": 0.46216475026650516, "restaurant_norm": 0.0042076047958805518, "park_norm": 0.04459098522405934, "clinic_norm": 0.06298067198396344, "user_match_score": 0.031755169713931587, "suitability": 2, "suitability_label": "Less Suitable" }, "geometry": { "type": "Polygon", "coordinates": [ [ [ -84.448241635727896, 33.850303645582059 ], [ -84.443406359190504, 33.852302707255205 ], [ -84.443143400942859, 33.857100247172603 ], [ -84.447716114938174, 33.859898986995574 ], [ -84.45255189725431, 33.857899987930168 ], [ -84.452814459767126, 33.85310218643923 ], [ -84.448241635727896, 33.850303645582059 ] ] ] } },
{ "type": "Feature", "properties": { "hex_id": "8844c1ac05fffff", "lat": 33.843898079535748, "lon": -84.486404805101472, "restaurant_accessibility": 5.2055505187671081, "park_accessibility": 1.2703779372522663, "clinic_accessibility": 0.66477721673384016, "restaurant_norm": 0.08432007647403425, "park_norm": 0.062442771181717593, "clinic_norm": 0.090591322261992305, "user_match_score": 0.084640844259985804, "suitability": 1, "suitability_label": "Okay" }, "geometry": { "type": "Polygon", "coordinates": [ [ [ -84.486665901583521, 33.839098945472848 ], [ -84.481829721291632, 33.841100363566952 ], [ -84.481568415342792, 33.845899307346933 ], [ -84.486143685748459, 33.848697094327505 ], [ -84.490980371514311, 33.846695738395248 ], [ -84.491241281371344, 33.841896533325787 ], [ -84.486665901583521, 33.839098945472848 ] ] ] } },
{ "type": "Feature", "properties": { "hex_id": "8844c13205fffff", "lat": 33.832688089112835, "lon": -84.354754112474041, "restaurant_accessibility": 6.256640626641623, "park_accessibility": 5.9235593987800215, "clinic_accessibility": 1.3056031948646734, "restaurant_norm": 0.10134574896680085, "park_norm": 0.29116017625381951, "clinic_norm": 0.17791873246406273, "user_match_score": 0.15095638509440745, "suitability": 0, "suitability_label": "Most Suitable" }, "geometry": { "type": "Polygon", "coordinates": [ [ [ -84.355020742844857, 33.827892621437087 ], [ -84.350189937757165, 33.82988779841687 ], [ -84.349923098488318, 33.834683075344628 ], [ -84.354487458773335, 33.83748343775882 ], [ -84.35931876989882, 33.835488324313594 ], [ -84.35958521467218, 33.830692784924693 ], [ -84.355020742844857, 33.827892621437087 ] ] ] } },
{ "type": "Feature", "properties": { "hex_id": "8844c1a999fffff", "lat": 33.789524602530534, "lon": -84.357152946301554, "restaurant_accessibility": 13.623067485316588, "park_accessibility": 10.451723735364126, "clinic_accessibility": 4.582740665501019, "restaurant_norm": 0.22066793666328377, "park_norm": 0.51373262595654745, "clinic_norm": 0.62450476042375858, "user_match_score": 0.41150913509680009, "suitability": 0, "suitability_label": "Most Suitable" }, "geometry": { "type": "Polygon", "coordinates": [ [ [ -84.357419366840617, 33.784728066426325 ], [ -84.352590441032063, 33.786724959105804 ], [ -84.352323811755568, 33.791521304668585 ], [ -84.356886502460029, 33.79432102017298 ], [ -84.361715933882024, 33.792324190867021 ], [ -84.361982168956857, 33.787527582688199 ], [ -84.357419366840617, 33.784728066426325 ] ] ] } },
{ "type": "Feature", "properties": { "hex_id": "8844c1ad1bfffff", "lat": 33.855900670477538, "lon": -84.45738776654764, "restaurant_accessibility": 2.8779477133318707, "park_accessibility": 1.3860055434068945, "clinic_accessibility": 0.43735211583415057, "restaurant_norm": 0.046617311733224608, "park_norm": 0.068126204388232317, "clinic_norm": 0.059599374753179425, "user_match_score": 0.053961026206707313, "suitability": 1, "suitability_label": "Okay" }, "geometry": { "type": "Polygon", "coordinates": [ [ [ -84.457650119661366, 33.851102678534737 ], [ -84.452814459767126, 33.85310218643923 ], [ -84.45255189725431, 33.857899987930168 ], [ -84.457125390455289, 33.860698543011459 ], [ -84.461961556087616, 33.858699097616586 ], [ -84.462223722751631, 33.853901034635982 ], [ -84.457650119661366, 33.851102678534737 ] ] ] } },
{ "type": "Feature", "properties": { "hex_id": "8844c1ac6bfffff", "lat": 33.829500319786447, "lon": -84.487188025946594, "restaurant_accessibility": 1.4037915621899923, "park_accessibility": 1.9128784468126083, "clinic_accessibility": 0.33540300023381686, "restaurant_norm": 0.022738769213884916, "park_norm": 0.094023540278974541, "clinic_norm": 0.045706441973305478, "user_match_score": 0.039054315424162107, "suitability": 1, "suitability_label": "Okay" }, "geometry": { "type": "Polygon", "coordinates": [ [ [ -84.487449053833615, 33.824700828289359 ], [ -84.482613501834493, 33.826702817094279 ], [ -84.482352264534498, 33.831502118377429 ], [ -84.486926975197548, 33.834299692202016 ], [ -84.491763032529235, 33.832297765505608 ], [ -84.492023873836104, 33.827498202881308 ], [ -84.487449053833615, 33.824700828289359 ] ] ] } },
{ "type": "Feature", "properties": { "hex_id": "8844c1aaddfffff", "lat": 33.725520955672884, "lon": -84.455065039676114, "restaurant_accessibility": 0.27597770341540917, "park_accessibility": 2.20795489236406, "clinic_accessibility": 0.43202327573332377, "restaurant_norm": 0.0044703170151208262, "park_norm": 0.1085274059636515, "clinic_norm": 0.058873196631088476, "user_match_score": 0.036637177756360953, "suitability": 1, "suitability_label": "Okay" }, "geometry": { "type": "Polygon", "coordinates": [ [ [ -84.455327168392316, 33.720720025591817 ], [ -84.450497537768015, 33.722724221663967 ], [ -84.450235200176351, 33.72752496188243 ], [ -84.454802888029548, 33.730321768070262 ], [ -84.459633023161288, 33.728317634122398 ], [ -84.459894965903288, 33.723516631867518 ], [ -84.455327168392316, 33.720720025591817 ] ] ] } },
{ "type": "Feature", "properties": { "hex_id": "8844c1305dfffff", "lat": 33.868246676834659, "lon": -84.348054569698689, "restaurant_accessibility": 2.298551559443379, "park_accessibility": 3.5637532278915129, "clinic_accessibility": 0.63586573494170351, "restaurant_norm": 0.037232189481791765, "park_norm": 0.17516883821097723, "clinic_norm": 0.086651461962670692, "user_match_score": 0.070793563347061883, "suitability": 1, "suitability_label": "Okay" }, "geometry": { "type": "Polygon", "coordinates": [ [ [ -84.348321572465849, 33.86345223459913 ], [ -84.343489393064473, 33.865445757740332 ], [ -84.343222181285753, 33.870240009039833 ], [ -84.347787543562433, 33.873040999576396 ], [ -84.352620229375361, 33.871047540152198 ], [ -84.352887046470713, 33.866253026479512 ], [ -84.348321572465849, 33.86345223459913 ] ] ] } },
{ "type": "Feature", "properties": { "hex_id": "8844c1af5bfffff", "lat": 33.787093465257932, "lon": -84.498944041473962, "restaurant_accessibility": 0.79215265006363533, "park_accessibility": 2.0793736624493588, "clinic_accessibility": 0.81453659540335543, "restaurant_norm": 0.01283137523911579, "park_norm": 0.10220726446686704, "clinic_norm": 0.11099951284569222, "user_match_score": 0.061036219204521486, "suitability": 1, "suitability_label": "Okay" }, "geometry": { "type": "Polygon", "coordinates": [ [ [ -84.499204467999704, 33.782292643411267 ], [ -84.494370417973144, 33.784296789219745 ], [ -84.494109782155363, 33.789097421093409 ], [ -84.498683592145966, 33.791894168575318 ], [ -84.503518147040225, 33.789890084616566 ], [ -84.503778387047035, 33.785089191331366 ], [ -84.499204467999704, 33.782292643411267 ] ] ] } },
{ "type": "Feature", "properties": { "hex_id": "8844c13313fffff", "lat": 33.851440328424971, "lon": -84.320670754874939, "restaurant_accessibility": 4.7044218761308487, "park_accessibility": 3.21099584833118, "clinic_accessibility": 1.1229364668906885, "restaurant_norm": 0.076202739927576882, "park_norm": 0.15782978682427631, "clinic_norm": 0.15302615190641652, "user_match_score": 0.11509480940878269, "suitability": 0, "suitability_label": "Most Suitable" }, "geometry": { "type": "Polygon", "coordinates": [ [ [ -84.320938870745579, 33.846646315761902 ], [ -84.316108476102016, 33.848639076354566 ], [ -84.315840151395989, 33.853432898051288 ], [ -84.320402615546399, 33.856234221835159 ], [ -84.325233516577811, 33.854241525199861 ], [ -84.325501447041589, 33.849447440828385 ], [ -84.320938870745579, 33.846646315761902 ] ] ] } },
{ "type": "Feature", "properties": { "hex_id": "8844c1a95bfffff", "lat": 33.722761420084495, "lon": -84.337284776858269, "restaurant_accessibility": 1.0062926308664089, "park_accessibility": 3.5148640414798198, "clinic_accessibility": 0.0, "restaurant_norm": 0.016300038062066279, "park_norm": 0.17276579247880039, "clinic_norm": 0.0, "user_match_score": 0.025426598278913179, "suitability": 2, "suitability_label": "Less Suitable" }, "geometry": { "type": "Polygon", "coordinates": [ [ [ -84.337551867119473, 33.717963948330684 ], [ -84.33272671925171, 33.719962300431085 ], [ -84.332459420595356, 33.724759581871915 ], [ -84.337017663254315, 33.727558774272573 ], [ -84.341843316198336, 33.725560485546808 ], [ -84.342110221377865, 33.720762941050751 ], [ -84.337551867119473, 33.717963948330684 ] ] ] } },
{ "type": "Feature", "properties": { "hex_id": "8844c13259fffff", "lat": 33.82151362647592, "lon": -84.393140412476797, "restaurant_accessibility": 5.3479617870686846, "park_accessibility": 6.8827334237429945, "clinic_accessibility": 2.0350035154537403, "restaurant_norm": 0.086626869769125966, "park_norm": 0.33830636984543305, "clinic_norm": 0.27731645223721246, "user_match_score": 0.18807065276399129, "suitability": 0, "suitability_label": "Most Suitable" }, "geometry": { "type": "Polygon", "coordinates": [ [ [ -84.393405394438361, 33.816716752670658 ], [ -84.388573676609568, 33.818714282606074 ], [ -84.388308485640621, 33.823510965864514 ], [ -84.392875407325249, 33.82631038137179 ], [ -84.397707630891432, 33.824312914525613 ], [ -84.397972427006351, 33.819515969088037 ], [ -84.393405394438361, 33.816716752670658 ] ] ] } },
{ "type": "Feature", "properties": { "hex_id": "8844c1aa45fffff", "lat": 33.663154384984296, "lon": -84.401872591010459, "restaurant_accessibility": 4.4037564452481615, "park_accessibility": 3.6139567698780328, "clinic_accessibility": 0.45951658885717217, "restaurant_norm": 0.071332528403603213, "park_norm": 0.17763648834315479, "clinic_norm": 0.062619798540054936, "user_match_score": 0.078477832452139074, "suitability": 1, "suitability_label": "Okay" }, "geometry": { "type": "Polygon", "coordinates": [ [ [ -84.402136809400119, 33.658353622645144 ], [ -84.397311978802463, 33.660357427688076 ], [ -84.397047551993992, 33.665158000243103 ], [ -84.401608349530591, 33.667955030502597 ], [ -84.406433684313242, 33.665951287953476 ], [ -84.406697717345168, 33.661150452656067 ], [ -84.402136809400119, 33.658353622645144 ] ] ] } },
{ "type": "Feature", "properties": { "hex_id": "8844c1a309fffff", "lat": 33.636203034899275, "lon": -84.51183454100169, "restaurant_accessibility": 0.0, "park_accessibility": 0.0, "clinic_accessibility": 0.6112757448495576, "restaurant_norm": 0.0, "park_norm": 0.0, "clinic_norm": 0.083300505189811441, "user_match_score": 0.033320202075924579, "suitability": 2, "suitability_label": "Less Suitable" }, "geometry": { "type": "Polygon", "coordinates": [ [ [ -84.512094053386292, 33.631398380876838 ], [ -84.507266396640162, 33.633408721524965 ], [ -84.507006675506787, 33.638213186323469 ], [ -84.511575005924939, 33.641007572383302 ], [ -84.516403166038955, 33.638997292966494 ], [ -84.516662492337929, 33.634192566263657 ], [ -84.512094053386292, 33.631398380876838 ] ] ] } },
{ "type": "Feature", "properties": { "hex_id": "8844c1324bfffff", "lat": 33.813115427726814, "lon": -84.379441652443418, "restaurant_accessibility": 7.1459716868931107, "park_accessibility": 8.9578578170193719, "clinic_accessibility": 3.0893844322056889, "restaurant_norm": 0.11575123071955498, "park_norm": 0.44030477037120241, "clinic_norm": 0.42100031957199435, "user_match_score": 0.2703062202256955, "suitability": 0, "suitability_label": "Most Suitable" }, "geometry": { "type": "Polygon", "coordinates": [ [ [ -84.379707191680282, 33.808318769090114 ], [ -84.374876364107536, 33.81031591687784 ], [ -84.374610615951156, 33.815112384952457 ], [ -84.379176089972063, 33.817911967574624 ], [ -84.384007423271257, 33.815914882996296 ], [ -84.384272776793779, 33.811118152591483 ], [ -84.379707191680282, 33.808318769090114 ] ] ] } },
{ "type": "Feature", "properties": { "hex_id": "8844c1b897fffff", "lat": 33.660303916351495, "lon": -84.45390583953737, "restaurant_accessibility": 0.94253014627924125, "park_accessibility": 3.2707464117058267, "clinic_accessibility": 0.42128102093451281, "restaurant_norm": 0.015267206364980419, "park_norm": 0.1607667008302387, "clinic_norm": 0.0574093151354488, "user_match_score": 0.046673999319693599, "suitability": 1, "suitability_label": "Okay" }, "geometry": { "type": "Polygon", "coordinates": [ [ [ -84.454167856168951, 33.655501534896494 ], [ -84.449341234550957, 33.657508069436787 ], [ -84.449079009305052, 33.662310261326283 ], [ -84.45364379999954, 33.665106180987856 ], [ -84.458470925511278, 33.66309970837591 ], [ -84.458732756405723, 33.658297254179139 ], [ -84.454167856168951, 33.655501534896494 ] ] ] } },
{ "type": "Feature", "properties": { "hex_id": "8844c1ae17fffff", "lat": 33.819858510258115, "lon": -84.544448211023408, "restaurant_accessibility": 0.0, "park_accessibility": 0.8222321580564661, "clinic_accessibility": 0.28399738671204527, "restaurant_norm": 0.0, "park_norm": 0.040415102465349566, "clinic_norm": 0.038701234238439998, "user_match_score": 0.019522003941910955, "suitability": 2, "suitability_label": "Less Suitable" }, "geometry": { "type": "Polygon", "coordinates": [ [ [ -84.544706793028254, 33.815057095002949 ], [ -84.539869579134262, 33.817062333643484 ], [ -84.539610787528119, 33.821863558954881 ], [ -84.544189606363034, 33.824659806518426 ], [ -84.549027325200186, 33.822654629343653 ], [ -84.549285720230131, 33.817853143144838 ], [ -84.544706793028254, 33.815057095002949 ] ] ] } },
{ "type": "Feature", "properties": { "hex_id": "8844c1aac5fffff", "lat": 33.716337182686942, "lon": -84.431969264611922, "restaurant_accessibility": 0.0, "park_accessibility": 4.09054119074227, "clinic_accessibility": 0.57530284267616827, "restaurant_norm": 0.0, "park_norm": 0.20106199902634883, "clinic_norm": 0.078398362499813995, "user_match_score": 0.051465544902560487, "suitability": 1, "suitability_label": "Okay" }, "geometry": { "type": "Polygon", "coordinates": [ [ [ -84.432232345543952, 33.711536731637253 ], [ -84.427403984592075, 33.713540099677694 ], [ -84.427140694912481, 33.718340360816079 ], [ -84.431706160672292, 33.721137516190559 ], [ -84.43653502616209, 33.719134210492165 ], [ -84.436797921325009, 33.71433368708233 ], [ -84.432232345543952, 33.711536731637253 ] ] ] } },
{ "type": "Feature", "properties": { "hex_id": "8844c116a3fffff", "lat": 33.639198358336728, "lon": -84.290131698161218, "restaurant_accessibility": 0.0, "park_accessibility": 0.0, "clinic_accessibility": 0.0, "restaurant_norm": 0.0, "park_norm": 0.0, "clinic_norm": 0.0, "user_match_score": 0.0, "suitability": 2, "suitability_label": "Less Suitable" }, "geometry": { "type": "Polygon", "coordinates": [ [ [ -84.290400563070435, 33.634400405537058 ], [ -84.285580967674107, 33.6363994561802 ], [ -84.285311894886604, 33.641197218867404 ], [ -84.289862809781155, 33.643996194708677 ], [ -84.294682909692213, 33.641997207676432 ], [ -84.294951590164757, 33.63719918119692 ], [ -84.290400563070435, 33.634400405537058 ] ] ] } },
{ "type": "Feature", "properties": { "hex_id": "8844c1af0bfffff", "lat": 33.792310191854533, "lon": -84.475035081629215, "restaurant_accessibility": 0.0, "park_accessibility": 3.4986506258261678, "clinic_accessibility": 0.37380774009332107, "restaurant_norm": 0.0, "park_norm": 0.17196885593413333, "clinic_norm": 0.050939978980024649, "user_match_score": 0.037572877185423195, "suitability": 1, "suitability_label": "Okay" }, "geometry": { "type": "Polygon", "coordinates": [ [ [ -84.475296531614006, 33.787510201574314 ], [ -84.470463123018988, 33.789512947181827 ], [ -84.470201463816267, 33.794312747370775 ], [ -84.474773608755569, 33.797110063553362 ], [ -84.479607522391319, 33.795107380067719 ], [ -84.47986878601786, 33.790307318282792 ], [ -84.475296531614006, 33.787510201574314 ] ] ] } },
{ "type": "Feature", "properties": { "hex_id": "8844c10693fffff", "lat": 33.798273346253296, "lon": -84.29063033670468, "restaurant_accessibility": 1.6330546613339838, "park_accessibility": 4.2078321784587978, "clinic_accessibility": 2.731057080303867, "restaurant_norm": 0.026452397961277026, "park_norm": 0.20682719227545546, "clinic_norm": 0.37216990271307698, "user_match_score": 0.18277687929341485, "suitability": 0, "suitability_label": "Most Suitable" }, "geometry": { "type": "Polygon", "coordinates": [ [ [ -84.290899584345269, 33.793479005774266 ], [ -84.286072732980514, 33.795472214687905 ], [ -84.285803276834855, 33.800266364325786 ], [ -84.290361065524451, 33.803067568201541 ], [ -84.295188422917917, 33.801074423399825 ], [ -84.295457485563702, 33.796280010615398 ], [ -84.290899584345269, 33.793479005774266 ] ] ] } },
{ "type": "Feature", "properties": { "hex_id": "8844c1a007fffff", "lat": 33.703021238434033, "lon": -84.531836583193808, "restaurant_accessibility": 0.0, "park_accessibility": 0.90810357469315606, "clinic_accessibility": 0.0, "restaurant_norm": 0.0, "park_norm": 0.044635932395450911, "clinic_norm": 0.0, "user_match_score": 0.0044635932395450913, "suitability": 2, "suitability_label": "Less Suitable" }, "geometry": { "type": "Polygon", "coordinates": [ [ [ -84.532095413667918, 33.69821750909643 ], [ -84.527263985417932, 33.700226407564898 ], [ -84.527004945853321, 33.705029947447649 ], [ -84.531577730069529, 33.707824850332777 ], [ -84.536409662217437, 33.705816013095827 ], [ -84.536668306222197, 33.70101221174744 ], [ -84.532095413667918, 33.69821750909643 ] ] ] } },
{ "type": "Feature", "properties": { "hex_id": "8844c1a93dfffff", "lat": 33.740733455515652, "lon": -84.293859755653116, "restaurant_accessibility": 0.46162157045232288, "park_accessibility": 3.8619533624350213, "clinic_accessibility": 0.97082012502253723, "restaurant_norm": 0.0074773966715479074, "park_norm": 0.18982624229651443, "clinic_norm": 0.13229677039241317, "user_match_score": 0.075640030722390672, "suitability": 1, "suitability_label": "Okay" }, "geometry": { "type": "Polygon", "coordinates": [ [ [ -84.294128721057461, 33.735937697588803 ], [ -84.289304370366423, 33.737933194804988 ], [ -84.289035196670383, 33.742728762166479 ], [ -84.293590766745965, 33.745529095669085 ], [ -84.298415622900322, 33.743533662348625 ], [ -84.298684403486462, 33.738737831634772 ], [ -84.294128721057461, 33.735937697588803 ] ] ] } },
{ "type": "Feature", "properties": { "hex_id": "8844c1b9b3fffff", "lat": 33.660772100288249, "lon": -84.373720005615198, "restaurant_accessibility": 0.0, "park_accessibility": 1.4841512139636044, "clinic_accessibility": 0.0, "restaurant_norm": 0.0, "park_norm": 0.072950349604658501, "clinic_norm": 0.0, "user_match_score": 0.0072950349604658507, "suitability": 2, "suitability_label": "Less Suitable" }, "geometry": { "type": "Polygon", "coordinates": [ [ [ -84.373985404774686, 33.655972126577474 ], [ -84.369161724350604, 33.657974599125723 ], [ -84.368896116893822, 33.662774382952485 ], [ -84.373454583267815, 33.665571957228906 ], [ -84.378278767995994, 33.663569547467787 ], [ -84.37854398201695, 33.658769500648127 ], [ -84.373985404774686, 33.655972126577474 ] ] ] } },
{ "type": "Feature", "properties": { "hex_id": "8844c114d1fffff", "lat": 33.668784755804346, "lon": -84.297891770641684, "restaurant_accessibility": 0.11212421193893075, "park_accessibility": 0.12565479869913332, "clinic_accessibility": 0.0, "restaurant_norm": 0.0018162002445652268, "park_norm": 0.0061762988894671711, "clinic_norm": 0.0, "user_match_score": 0.0015257300112293307, "suitability": 2, "suitability_label": "Less Suitable" }, "geometry": { "type": "Polygon", "coordinates": [ [ [ -84.298160383871945, 33.663987238863449 ], [ -84.293339155425272, 33.665985591789202 ], [ -84.293070334169599, 33.670782918511406 ], [ -84.297623133954588, 33.673582155920535 ], [ -84.302444867159167, 33.671583866617887 ], [ -84.302713295791619, 33.666786276287944 ], [ -84.298160383871945, 33.663987238863449 ] ] ] } },
{ "type": "Feature", "properties": { "hex_id": "8844c1ab29fffff", "lat": 33.677981892824519, "lon": -84.320929756417684, "restaurant_accessibility": 0.44633393939046306, "park_accessibility": 1.0773887724086928, "clinic_accessibility": 0.0, "restaurant_norm": 0.0072297659520696254, "park_norm": 0.052956792318653439, "clinic_norm": 0.0, "user_match_score": 0.0089105622079001558, "suitability": 2, "suitability_label": "Less Suitable" }, "geometry": { "type": "Polygon", "coordinates": [ [ [ -84.321197422839404, 33.67318389242697 ], [ -84.316374919281543, 33.675183068824239 ], [ -84.31610704470603, 33.679980879050945 ], [ -84.320662066615682, 33.682779776259991 ], [ -84.325485074904847, 33.680780663269175 ], [ -84.32575255652381, 33.675982589667832 ], [ -84.321197422839404, 33.67318389242697 ] ] ] } },
{ "type": "Feature", "properties": { "hex_id": "8844c1ae63fffff", "lat": 33.788677268528403, "lon": -84.517762693941989, "restaurant_accessibility": 0.20145986050939951, "park_accessibility": 2.5302589760829415, "clinic_accessibility": 0.57259201320111097, "restaurant_norm": 0.003263268848003438, "park_norm": 0.12436958927023613, "clinic_norm": 0.078028949077707285, "user_match_score": 0.045280172982108249, "suitability": 1, "suitability_label": "Okay" }, "geometry": { "type": "Polygon", "coordinates": [ [ [ -84.518022328651497, 33.783875924009834 ], [ -84.513187515359533, 33.785880962335213 ], [ -84.512927671277296, 33.790682116947821 ], [ -84.517503036495967, 33.793478494483445 ], [ -84.522338354573179, 33.791473517811468 ], [ -84.522597802617355, 33.786672101955673 ], [ -84.518022328651497, 33.783875924009834 ] ] ] } },
{ "type": "Feature", "properties": { "hex_id": "8844c13059fffff", "lat": 33.869053762548113, "lon": -84.357453003492523, "restaurant_accessibility": 0.37774901673757449, "park_accessibility": 4.0056017703386759, "clinic_accessibility": 0.47275114274323082, "restaurant_norm": 0.0061188198759134062, "park_norm": 0.19688697942230785, "clinic_norm": 0.064423313621357226, "user_match_score": 0.048517433328730382, "suitability": 1, "suitability_label": "Okay" }, "geometry": { "type": "Polygon", "coordinates": [ [ [ -84.35771961153543, 33.864259057972411 ], [ -84.352887046470713, 33.866253026479512 ], [ -84.352620229375361, 33.871047540152198 ], [ -84.357186372113176, 33.873848347612707 ], [ -84.36201944354994, 33.871854442724647 ], [ -84.362285865847525, 33.867059666762096 ], [ -84.35771961153543, 33.864259057972411 ] ] ] } },
{ "type": "Feature", "properties": { "hex_id": "8844c1300bfffff", "lat": 33.881820785087001, "lon": -84.337854969522908, "restaurant_accessibility": 1.0970906024530005, "park_accessibility": 2.2235178869985259, "clinic_accessibility": 0.17689545272439861, "restaurant_norm": 0.017770793533608963, "park_norm": 0.10929237242313219, "clinic_norm": 0.024106110379611728, "user_match_score": 0.029457078160962394, "suitability": 2, "suitability_label": "Less Suitable" }, "geometry": { "type": "Polygon", "coordinates": [ [ [ -84.338122437114507, 33.87702696389325 ], [ -84.333290016612182, 33.879019468790034 ], [ -84.333022339996276, 33.883813098946341 ], [ -84.337587478520348, 33.886614486615379 ], [ -84.3424204056154, 33.884622045586781 ], [ -84.342687687564251, 33.879828153026025 ], [ -84.338122437114507, 33.87702696389325 ] ] ] } },
{ "type": "Feature", "properties": { "hex_id": "8844c1a04bfffff", "lat": 33.675764574711856, "lon": -84.552195829331296, "restaurant_accessibility": 0.0, "park_accessibility": 0.35620240733148334, "clinic_accessibility": 0.16709429352392163, "restaurant_norm": 0.0, "park_norm": 0.01750838452333733, "clinic_norm": 0.022770474997830897, "user_match_score": 0.010859028451466093, "suitability": 2, "suitability_label": "Less Suitable" }, "geometry": { "type": "Polygon", "coordinates": [ [ [ -84.552453733047358, 33.670959619092734 ], [ -84.547622798850085, 33.672970545275987 ], [ -84.547364686070651, 33.677775311647565 ], [ -84.551937903048511, 33.680569413239589 ], [ -84.556769340779226, 33.678558547982981 ], [ -84.55702705796962, 33.673753520212912 ], [ -84.552453733047358, 33.670959619092734 ] ] ] } },
{ "type": "Feature", "properties": { "hex_id": "8844c1a8a3fffff", "lat": 33.798725095702636, "lon": -84.380238200462614, "restaurant_accessibility": 16.098047846605091, "park_accessibility": 10.036449073575014, "clinic_accessibility": 4.2883605443591888, "restaurant_norm": 0.26075793916795759, "park_norm": 0.49332066828373922, "clinic_norm": 0.58438863768280558, "user_match_score": 0.41346649148547499, "suitability": 0, "suitability_label": "Most Suitable" }, "geometry": { "type": "Polygon", "coordinates": [ [ [ -84.380503670014193, 33.793928081078136 ], [ -84.375673469092945, 33.795925800414274 ], [ -84.375407790675411, 33.800722624545607 ], [ -84.379972707685653, 33.803521991727685 ], [ -84.384803414191964, 33.801524335547256 ], [ -84.385068698073681, 33.796727249034127 ], [ -84.380503670014193, 33.793928081078136 ] ] ] } },
{ "type": "Feature", "properties": { "hex_id": "8844c1af31fffff", "lat": 33.812714451851519, "lon": -84.459748117701736, "restaurant_accessibility": 2.3521886974652135, "park_accessibility": 3.6344326037324262, "clinic_accessibility": 0.17196695952466351, "restaurant_norm": 0.038101009708114454, "park_norm": 0.17864293514188478, "clinic_norm": 0.023434488813041103, "user_match_score": 0.046288593893462154, "suitability": 1, "suitability_label": "Okay" }, "geometry": { "type": "Polygon", "coordinates": [ [ [ -84.460010264143179, 33.807915388071258 ], [ -84.455176488034255, 33.809916609009107 ], [ -84.454914132355, 33.814715482544308 ], [ -84.459485948308725, 33.817513396791512 ], [ -84.464320229731456, 33.815512238203119 ], [ -84.464582189857452, 33.810713103023225 ], [ -84.460010264143179, 33.807915388071258 ] ] ] } },
{ "type": "Feature", "properties": { "hex_id": "8844c13245fffff", "lat": 33.811509437931498, "lon": -84.36065076067581, "restaurant_accessibility": 9.4272868868249304, "park_accessibility": 7.8743041235234861, "clinic_accessibility": 2.4110398139985785, "restaurant_norm": 0.15270422376536771, "park_norm": 0.38704495424718161, "clinic_norm": 0.32856012402105039, "user_match_score": 0.24648065691582219, "suitability": 0, "suitability_label": "Most Suitable" }, "geometry": { "type": "Polygon", "coordinates": [ [ [ -84.360917088919521, 33.806713304139286 ], [ -84.356087031090325, 33.808709561698187 ], [ -84.355820494008526, 33.813505504862142 ], [ -84.36038440913228, 33.816305452969267 ], [ -84.365214972767262, 33.814309258815555 ], [ -84.36548111544343, 33.809513053154589 ], [ -84.360917088919521, 33.806713304139286 ] ] ] } },
{ "type": "Feature", "properties": { "hex_id": "8844c13333fffff", "lat": 33.856606939342868, "lon": -84.296787785613816, "restaurant_accessibility": 1.7470565598024781, "park_accessibility": 2.924088521589594, "clinic_accessibility": 0.47612459415658109, "restaurant_norm": 0.028299013177552981, "park_norm": 0.14372745709330459, "clinic_norm": 0.064883024659024069, "user_match_score": 0.05447546216171658, "suitability": 1, "suitability_label": "Okay" }, "geometry": { "type": "Polygon", "coordinates": [ [ [ -84.297056922001957, 33.85181376248606 ], [ -84.292227180492247, 33.8538051244809 ], [ -84.291957835344292, 33.858598110254917 ], [ -84.296518625681657, 33.861399996895571 ], [ -84.3013488737476, 33.859408699129425 ], [ -84.301617824890556, 33.854615450498933 ], [ -84.297056922001957, 33.85181376248606 ] ] ] } },
{ "type": "Feature", "properties": { "hex_id": "8844c1a9a5fffff", "lat": 33.784696794832982, "lon": -84.300822361036268, "restaurant_accessibility": 13.633121924539148, "park_accessibility": 8.2709681774971209, "clinic_accessibility": 3.2577872324080728, "restaurant_norm": 0.22083079956915574, "park_norm": 0.40654214640706848, "clinic_norm": 0.44394910896930628, "user_match_score": 0.32864925801300726, "suitability": 0, "suitability_label": "Most Suitable" }, "geometry": { "type": "Polygon", "coordinates": [ [ [ -84.301091144633091, 33.779901835974755 ], [ -84.296264532382196, 33.781896061467251 ], [ -84.295995540292765, 33.786690829586028 ], [ -84.300553553941512, 33.789491635332439 ], [ -84.305380672040897, 33.787497473800286 ], [ -84.305649270613713, 33.782702442566361 ], [ -84.301091144633091, 33.779901835974755 ] ] ] } },
{ "type": "Feature", "properties": { "hex_id": "8844c1aadbfffff", "lat": 33.733910824022523, "lon": -84.468770434935195, "restaurant_accessibility": 0.16451739662742512, "park_accessibility": 1.3235204573489083, "clinic_accessibility": 0.62887168471119292, "restaurant_norm": 0.0026648707787815321, "park_norm": 0.065054880637579068, "clinic_norm": 0.085698360318390926, "user_match_score": 0.042117267580505047, "suitability": 1, "suitability_label": "Okay" }, "geometry": { "type": "Polygon", "coordinates": [ [ [ -84.469032005596759, 33.729109677556082 ], [ -84.464201488241613, 33.731114256932329 ], [ -84.463939708617261, 33.735915213551564 ], [ -84.46850884138793, 33.738711852684666 ], [ -84.473339863260051, 33.736707335312794 ], [ -84.473601247815381, 33.731906116808574 ], [ -84.469032005596759, 33.729109677556082 ] ] ] } },
{ "type": "Feature", "properties": { "hex_id": "8844c1aaa9fffff", "lat": 33.736744702399697, "lon": -84.41669255701828, "restaurant_accessibility": 3.4458448793507537, "park_accessibility": 7.6122757761776905, "clinic_accessibility": 1.4079003424764127, "restaurant_norm": 0.05581617212185469, "park_norm": 0.37416549872717592, "clinic_norm": 0.19185909268174456, "user_match_score": 0.14206827300634275, "suitability": 0, "suitability_label": "Most Suitable" }, "geometry": { "type": "Polygon", "coordinates": [ [ [ -84.416956333351479, 33.731945174205542 ], [ -84.412127607609634, 33.733947019855421 ], [ -84.411863622509301, 33.738746357984049 ], [ -84.416428757614909, 33.74154411278824 ], [ -84.421257988166516, 33.739542329708584 ], [ -84.421521578773607, 33.734742729259601 ], [ -84.416956333351479, 33.731945174205542 ] ] ] } },
{ "type": "Feature", "properties": { "hex_id": "8844c1a0e1fffff", "lat": 33.733414890833352, "lon": -84.549099223687037, "restaurant_accessibility": 0.0, "park_accessibility": 0.25521986582322909, "clinic_accessibility": 0.0, "restaurant_norm": 0.0, "park_norm": 0.012544798847103978, "clinic_norm": 0.0, "user_match_score": 0.001254479884710398, "suitability": 2, "suitability_label": "Less Suitable" }, "geometry": { "type": "Polygon", "coordinates": [ [ [ -84.549357398399081, 33.72861134450568 ], [ -84.544523954259276, 33.73061999817984 ], [ -84.544265570268877, 33.735423354980469 ], [ -84.548841026372727, 33.738218319307194 ], [ -84.553674974609223, 33.736209726776544 ], [ -84.55393296261613, 33.731406108780895 ], [ -84.549357398399081, 33.72861134450568 ] ] ] } },
{ "type": "Feature", "properties": { "hex_id": "8844c1b885fffff", "lat": 33.63671998378792, "lon": -84.431613490458616, "restaurant_accessibility": 10.934083338012359, "park_accessibility": 0.28729347953717954, "clinic_accessibility": 0.34070689842812962, "restaurant_norm": 0.1771114774337115, "park_norm": 0.014121310264204658, "clinic_norm": 0.046429221181844692, "user_match_score": 0.10853955821601409, "suitability": 0, "suitability_label": "Most Suitable" }, "geometry": { "type": "Polygon", "coordinates": [ [ [ -84.431876389165566, 33.631917733676367 ], [ -84.427051661070806, 33.633924009689139 ], [ -84.426788553930564, 33.638726070256503 ], [ -84.431350568777276, 33.641522117408883 ], [ -84.436175800655533, 33.639515903486966 ], [ -84.436438513874492, 33.634713580326874 ], [ -84.431876389165566, 33.631917733676367 ] ] ] } },
{ "type": "Feature", "properties": { "hex_id": "8844c132c3fffff", "lat": 33.873079756021468, "lon": -84.404462654924998, "restaurant_accessibility": 0.27805965129843097, "park_accessibility": 1.658900178425222, "clinic_accessibility": 0.18928784269334395, "restaurant_norm": 0.0045040406345686545, "park_norm": 0.081539769557684702, "clinic_norm": 0.025794861084379766, "user_match_score": 0.020723941706804704, "suitability": 2, "suitability_label": "Less Suitable" }, "geometry": { "type": "Polygon", "coordinates": [ [ [ -84.404727287632298, 33.868283740996041 ], [ -84.399892797277474, 33.870279937785099 ], [ -84.399627955313932, 33.875075762072861 ], [ -84.404197999044996, 33.877875651449202 ], [ -84.409032995572574, 33.875879517789144 ], [ -84.409297442167016, 33.871083431628882 ], [ -84.404727287632298, 33.868283740996041 ] ] ] } },
{ "type": "Feature", "properties": { "hex_id": "8844c1b89dfffff", "lat": 33.645896421784713, "lon": -84.45469182072533, "restaurant_accessibility": 2.8593384845435841, "park_accessibility": 1.1516105094785103, "clinic_accessibility": 0.33763360040258616, "restaurant_norm": 0.046315877410592621, "park_norm": 0.056605006608791808, "clinic_norm": 0.046010413008473396, "user_match_score": 0.047222604569564848, "suitability": 1, "suitability_label": "Okay" }, "geometry": { "type": "Polygon", "coordinates": [ [ [ -84.454953768656111, 33.641093690254991 ], [ -84.450127772774138, 33.643100793351849 ], [ -84.449865616282509, 33.64790333538604 ], [ -84.454429849897267, 33.650699036686397 ], [ -84.459256349532296, 33.648691995463182 ], [ -84.459518111770436, 33.643889191071061 ], [ -84.454953768656111, 33.641093690254991 ] ] ] } },
{ "type": "Feature", "properties": { "hex_id": "8844c1acc5fffff", "lat": 33.875876787437392, "lon": -84.52250357804941, "restaurant_accessibility": 4.3517192187906604, "park_accessibility": 5.1787862769370534, "clinic_accessibility": 2.6967436075059084, "restaurant_norm": 0.070489623719732747, "park_norm": 0.25455241074891605, "clinic_norm": 0.36749389578335617, "user_match_score": 0.20769761124810043, "suitability": 0, "suitability_label": "Most Suitable" }, "geometry": { "type": "Polygon", "coordinates": [ [ [ -84.522763225800318, 33.871077325843558 ], [ -84.517924258999642, 33.873079389339729 ], [ -84.51766440151242, 33.877878660646644 ], [ -84.522243907541323, 33.880676129311986 ], [ -84.527083379933927, 33.878674127690964 ], [ -84.527342840676511, 33.873874595534737 ], [ -84.522763225800318, 33.871077325843558 ] ] ] } },
{ "type": "Feature", "properties": { "hex_id": "8844c1a95dfffff", "lat": 33.714363898870673, "lon": -84.323612049164325, "restaurant_accessibility": 0.0, "park_accessibility": 2.7086196540334027, "clinic_accessibility": 0.0, "restaurant_norm": 0.0, "park_norm": 0.13313653544781687, "clinic_norm": 0.0, "user_match_score": 0.013313653544781687, "suitability": 2, "suitability_label": "Less Suitable" }, "geometry": { "type": "Polygon", "coordinates": [ [ [ -84.3238796944066, 33.709566645614409 ], [ -84.31905543664611, 33.711564617123557 ], [ -84.318787583096423, 33.716361680051911 ], [ -84.323344380535104, 33.71916103468164 ], [ -84.328169143359958, 33.717163126666485 ], [ -84.328436603652506, 33.712365800532567 ], [ -84.3238796944066, 33.709566645614409 ] ] ] } },
{ "type": "Feature", "properties": { "hex_id": "8844c1a111fffff", "lat": 33.70668176112062, "lon": -84.489137007101817, "restaurant_accessibility": 0.0, "park_accessibility": 0.74337828760544911, "clinic_accessibility": 0.0, "restaurant_norm": 0.0, "park_norm": 0.036539205344516698, "clinic_norm": 0.0, "user_match_score": 0.0036539205344516702, "suitability": 2, "suitability_label": "Less Suitable" }, "geometry": { "type": "Polygon", "coordinates": [ [ [ -84.489397650572755, 33.701879385336873 ], [ -84.484567623264127, 33.703885994050907 ], [ -84.484306770856918, 33.708688180193697 ], [ -84.488876340828611, 33.711484019446608 ], [ -84.49370687229073, 33.709477472432518 ], [ -84.49396732959859, 33.704675024470731 ], [ -84.489397650572755, 33.701879385336873 ] ] ] } },
{ "type": "Feature", "properties": { "hex_id": "8844c1ac21fffff", "lat": 33.849900807779321, "lon": -84.471895895625323, "restaurant_accessibility": 2.2389927586049292, "park_accessibility": 0.92726735815633332, "clinic_accessibility": 0.50723782243802829, "restaurant_norm": 0.036267449513695316, "park_norm": 0.045577888100660498, "clinic_norm": 0.069122924010123529, "user_match_score": 0.050340683170963116, "suitability": 1, "suitability_label": "Okay" }, "geometry": { "type": "Polygon", "coordinates": [ [ [ -84.472157620473965, 33.845102244649745 ], [ -84.467321700081342, 33.84710270764166 ], [ -84.467059765799704, 33.851901080403806 ], [ -84.471634147851844, 33.854699251568867 ], [ -84.476470573850605, 33.852698850912702 ], [ -84.476732112161869, 33.847900216760912 ], [ -84.472157620473965, 33.845102244649745 ] ] ] } },
{ "type": "Feature", "properties": { "hex_id": "8844c116bbfffff", "lat": 33.648393754523624, "lon": -84.313160508918514, "restaurant_accessibility": 0.0, "park_accessibility": 0.15344747165363379, "clinic_accessibility": 0.0, "restaurant_norm": 0.0, "park_norm": 0.0075423896148617232, "clinic_norm": 0.0, "user_match_score": 0.00075423896148617232, "suitability": 2, "suitability_label": "Less Suitable" }, "geometry": { "type": "Polygon", "coordinates": [ [ [ -84.313428427811147, 33.643595317210142 ], [ -84.308607557636037, 33.645595190748352 ], [ -84.308339430736751, 33.65039343799716 ], [ -84.312892566631433, 33.653192075272059 ], [ -84.317713941294954, 33.651192265128316 ], [ -84.317981675546179, 33.646393754320123 ], [ -84.313428427811147, 33.643595317210142 ] ] ] } },
{ "type": "Feature", "properties": { "hex_id": "8844c1a821fffff", "lat": 33.737954378122879, "lon": -84.345868827239855, "restaurant_accessibility": 11.297677033809359, "park_accessibility": 6.1918669435890479, "clinic_accessibility": 1.0047692558971579, "restaurant_norm": 0.18300100787329715, "park_norm": 0.30434827259550806, "clinic_norm": 0.13692312728034584, "user_match_score": 0.17670458210833773, "suitability": 0, "suitability_label": "Most Suitable" }, "geometry": { "type": "Polygon", "coordinates": [ [ [ -84.34613559392335, 33.733156996285103 ], [ -84.341309435852125, 33.735155221657969 ], [ -84.34104246067939, 33.739952413146575 ], [ -84.345602037237029, 33.742751642188111 ], [ -84.350428700486376, 33.740753480146388 ], [ -84.350695281970715, 33.735956025736996 ], [ -84.34613559392335, 33.733156996285103 ] ] ] } },
{ "type": "Feature", "properties": { "hex_id": "8844c1a863fffff", "lat": 33.724361713420429, "lon": -84.356054500866335, "restaurant_accessibility": 2.2853494429607406, "park_accessibility": 4.6593596685067427, "clinic_accessibility": 0.81696141849061654, "restaurant_norm": 0.037018340155496335, "park_norm": 0.22902108191770004, "clinic_norm": 0.11132995126054292, "user_match_score": 0.085943258773735348, "suitability": 1, "suitability_label": "Okay" }, "geometry": { "type": "Polygon", "coordinates": [ [ [ -84.356320803978576, 33.719563715705654 ], [ -84.351494886626512, 33.721562956265061 ], [ -84.351228375037735, 33.726360763733069 ], [ -84.355788174476444, 33.729159593535371 ], [ -84.360614596826153, 33.727160416155087 ], [ -84.360880714710291, 33.722362345798409 ], [ -84.356320803978576, 33.719563715705654 ] ] ] } },
{ "type": "Feature", "properties": { "hex_id": "8844c1a8d7fffff", "lat": 33.78753184223563, "lon": -84.41862081355471, "restaurant_accessibility": 12.706307141516897, "park_accessibility": 4.1063431316667458, "clinic_accessibility": 3.2616428549205851, "restaurant_norm": 0.20581815237651824, "park_norm": 0.20183871039108509, "clinic_norm": 0.44447452700825124, "user_match_score": 0.30088275803066811, "suitability": 0, "suitability_label": "Most Suitable" }, "geometry": { "type": "Polygon", "coordinates": [ [ [ -84.418884634850855, 33.782733423092694 ], [ -84.414053524328978, 33.784733494588657 ], [ -84.413789494057909, 33.78953172344027 ], [ -84.418356969173061, 33.792330142900035 ], [ -84.42318858497876, 33.790330134114228 ], [ -84.423452220356282, 33.785531643163601 ], [ -84.418884634850855, 33.782733423092694 ] ] ] } },
{ "type": "Feature", "properties": { "hex_id": "8844c1322bfffff", "lat": 33.839478233219729, "lon": -84.34965623587172, "restaurant_accessibility": 2.6348492953307776, "park_accessibility": 4.7294725069847017, "clinic_accessibility": 1.3596656433793248, "restaurant_norm": 0.04267957697824163, "park_norm": 0.23246733188914498, "clinic_norm": 0.18528599561986975, "user_match_score": 0.11870091992598321, "suitability": 0, "suitability_label": "Most Suitable" }, "geometry": { "type": "Polygon", "coordinates": [ [ [ -84.349923098488318, 33.834683075344628 ], [ -84.345092172781293, 33.836677743622012 ], [ -84.344825101260298, 33.841472710698255 ], [ -84.349389349904357, 33.844273271979127 ], [ -84.354220781739699, 33.842278667312009 ], [ -84.354487458773335, 33.83748343775882 ], [ -84.349923098488318, 33.834683075344628 ] ] ] } },
{ "type": "Feature", "properties": { "hex_id": "8844c1ada5fffff", "lat": 33.896670379599541, "lon": -84.426791715830831, "restaurant_accessibility": 0.0, "park_accessibility": 0.36054639703961966, "clinic_accessibility": 0.0, "restaurant_norm": 0.0, "park_norm": 0.017721904254282585, "clinic_norm": 0.0, "user_match_score": 0.0017721904254282585, "suitability": 2, "suitability_label": "Less Suitable" }, "geometry": { "type": "Polygon", "coordinates": [ [ [ -84.427055463731605, 33.891874249013469 ], [ -84.422219070375348, 33.893870702723838 ], [ -84.421955113035963, 33.898666642552335 ], [ -84.426527944825779, 33.901466390260985 ], [ -84.431364844466628, 33.899469999513961 ], [ -84.431628406003767, 33.894673798100108 ], [ -84.427055463731605, 33.891874249013469 ] ] ] } },
{ "type": "Feature", "properties": { "hex_id": "8844c1aa13fffff", "lat": 33.708739721033425, "lon": -84.427667251249218, "restaurant_accessibility": 0.0, "park_accessibility": 3.7532166083443488, "clinic_accessibility": 0.66439543414370927, "restaurant_norm": 0.0, "park_norm": 0.18448151451462896, "clinic_norm": 0.090539295524634342, "user_match_score": 0.054663869661316637, "suitability": 1, "suitability_label": "Okay" }, "geometry": { "type": "Polygon", "coordinates": [ [ [ -84.427930494886951, 33.703939224946659 ], [ -84.423102638422634, 33.705942655350938 ], [ -84.422839186084317, 33.71074296154449 ], [ -84.427403984592075, 33.713540099677694 ], [ -84.432232345543952, 33.711536731637253 ], [ -84.432495403471378, 33.706736163104871 ], [ -84.427930494886951, 33.703939224946659 ] ] ] } },
{ "type": "Feature", "properties": { "hex_id": "8844c1ab25fffff", "lat": 33.683977900719711, "lon": -84.306461886729593, "restaurant_accessibility": 1.4546347622654574, "park_accessibility": 1.5632403303024032, "clinic_accessibility": 0.0, "restaurant_norm": 0.0235623329278652, "park_norm": 0.076837809745212857, "clinic_norm": 0.0, "user_match_score": 0.019464947438453888, "suitability": 2, "suitability_label": "Less Suitable" }, "geometry": { "type": "Polygon", "coordinates": [ [ [ -84.306730177578331, 33.679180470919036 ], [ -84.301907939564742, 33.681178696619966 ], [ -84.301639440596659, 33.685975936165484 ], [ -84.306193572447313, 33.688775213488789 ], [ -84.311016315320998, 33.686777051368097 ], [ -84.311284421454673, 33.681979548348771 ], [ -84.306730177578331, 33.679180470919036 ] ] ] } },
{ "type": "Feature", "properties": { "hex_id": "8844c1ac31fffff", "lat": 33.865891364927805, "lon": -84.489936503495883, "restaurant_accessibility": 1.9954079791353585, "park_accessibility": 2.8895473893893255, "clinic_accessibility": 0.94582265507375807, "restaurant_norm": 0.032321836622467529, "park_norm": 0.14202965996451952, "clinic_norm": 0.12889028503331729, "user_match_score": 0.081919998321012627, "suitability": 1, "suitability_label": "Okay" }, "geometry": { "type": "Polygon", "coordinates": [ [ [ -84.490197504795034, 33.861092637482813 ], [ -84.485360190433454, 33.863093422444159 ], [ -84.485098979566516, 33.867891959519618 ], [ -84.489675479328739, 33.870689972808783 ], [ -84.494513299355972, 33.868689250039978 ], [ -84.494774113926113, 33.86389045179471 ], [ -84.490197504795034, 33.861092637482813 ] ] ] } },
{ "type": "Feature", "properties": { "hex_id": "8844c1a897fffff", "lat": 33.808723453199079, "lon": -84.412733141909769, "restaurant_accessibility": 6.5001017069693843, "park_accessibility": 5.571345370375461, "clinic_accessibility": 3.2264660448775508, "restaurant_norm": 0.10528935816580443, "park_norm": 0.27384783215704889, "clinic_norm": 0.43968087034472381, "user_match_score": 0.25590181043649662, "suitability": 0, "suitability_label": "Most Suitable" }, "geometry": { "type": "Polygon", "coordinates": [ [ [ -84.412997264612443, 33.803925698732925 ], [ -84.408165405488887, 33.805924690975345 ], [ -84.407901073751191, 33.81072225502998 ], [ -84.412468996091647, 33.813521088910882 ], [ -84.417301360731088, 33.811522159508144 ], [ -84.417565297484927, 33.806724333389944 ], [ -84.412997264612443, 33.803925698732925 ] ] ] } },
{ "type": "Feature", "properties": { "hex_id": "8844c1aa1dfffff", "lat": 33.693544715251747, "lon": -84.419065713852632, "restaurant_accessibility": 0.48481670041770486, "park_accessibility": 4.1430123885628554, "clinic_accessibility": 0.91466009649207902, "restaurant_norm": 0.0078531139228655237, "park_norm": 0.2036411110394464, "clinic_norm": 0.12464366328407739, "user_match_score": 0.074148133379008357, "suitability": 1, "suitability_label": "Okay" }, "geometry": { "type": "Polygon", "coordinates": [ [ [ -84.419329282689901, 33.688744129658005 ], [ -84.414502435049499, 33.690747684855211 ], [ -84.414238657605608, 33.69554808059204 ], [ -84.418802121972305, 33.698345183610179 ], [ -84.423629473999469, 33.69634169082029 ], [ -84.423892857244027, 33.691541032610004 ], [ -84.419329282689901, 33.688744129658005 ] ] ] } },
{ "type": "Feature", "properties": { "hex_id": "8844c1a327fffff", "lat": 33.655070645643711, "lon": -84.477780292707195, "restaurant_accessibility": 0.0, "park_accessibility": 1.7343229290763129, "clinic_accessibility": 0.47898589861307239, "restaurant_norm": 0.0, "park_norm": 0.085247017159125527, "clinic_norm": 0.065272943789197055, "user_match_score": 0.034633879231591377, "suitability": 2, "suitability_label": "Less Suitable" }, "geometry": { "type": "Polygon", "coordinates": [ [ [ -84.478041288915662, 33.650267433489461 ], [ -84.473214026165095, 33.652275364464366 ], [ -84.472952821268308, 33.657078387171886 ], [ -84.477519273678695, 33.659873741032406 ], [ -84.482347040151211, 33.657865871713739 ], [ -84.482607850462344, 33.653062586883429 ], [ -84.478041288915662, 33.650267433489461 ] ] ] } },
{ "type": "Feature", "properties": { "hex_id": "8844c1a9e7fffff", "lat": 33.771116974028054, "lon": -84.311012978653835, "restaurant_accessibility": 8.6235605201308889, "park_accessibility": 10.734269265988285, "clinic_accessibility": 2.8292770787472072, "restaurant_norm": 0.13968537619881097, "park_norm": 0.52762056071975794, "clinic_norm": 0.38555465674431438, "user_match_score": 0.27682660686910704, "suitability": 0, "suitability_label": "Most Suitable" }, "geometry": { "type": "Polygon", "coordinates": [ [ [ -84.311281298315421, 33.766321397338565 ], [ -84.306454925463669, 33.768316639102345 ], [ -84.306186397322023, 33.773112025154276 ], [ -84.310744635536054, 33.775912432530973 ], [ -84.315571514055989, 33.773917254575792 ], [ -84.315839648664394, 33.76912160544029 ], [ -84.311281298315421, 33.766321397338565 ] ] ] } },
{ "type": "Feature", "properties": { "hex_id": "8844c1ac53fffff", "lat": 33.847078224297157, "lon": -84.524061123301678, "restaurant_accessibility": 0.40648552431671398, "park_accessibility": 2.2880291672920539, "clinic_accessibility": 1.3212733948181523, "restaurant_norm": 0.0065842969677087984, "park_norm": 0.11246328951471933, "clinic_norm": 0.18005416084241499, "user_match_score": 0.086560141772292334, "suitability": 1, "suitability_label": "Okay" }, "geometry": { "type": "Polygon", "coordinates": [ [ [ -84.524320634572177, 33.842278045714828 ], [ -84.519482925811801, 33.844281250450251 ], [ -84.519223204912848, 33.849081238883493 ], [ -84.523801589291907, 33.851878283539413 ], [ -84.528639803361258, 33.849875140572905 ], [ -84.528899127713416, 33.845074891186826 ], [ -84.524320634572177, 33.842278045714828 ] ] ] } },
{ "type": "Feature", "properties": { "hex_id": "8844c1b993fffff", "lat": 33.655556738352374, "lon": -84.397576382505946, "restaurant_accessibility": 4.1439793043931754, "park_accessibility": 2.4353255269344323, "clinic_accessibility": 0.38129988546298554, "restaurant_norm": 0.067124629872193656, "park_norm": 0.119703334080467, "clinic_norm": 0.05196095764555661, "user_match_score": 0.066317031402366167, "suitability": 1, "suitability_label": "Okay" }, "geometry": { "type": "Polygon", "coordinates": [ [ [ -84.397840763107467, 33.650755932299454 ], [ -84.393016436644345, 33.652759799857733 ], [ -84.392751847670937, 33.657560416144769 ], [ -84.397311978802463, 33.660357427688076 ], [ -84.402136809400119, 33.658353622645144 ], [ -84.402401004702583, 33.653552743548573 ], [ -84.397840763107467, 33.650755932299454 ] ] ] } },
{ "type": "Feature", "properties": { "hex_id": "8844c1acc9fffff", "lat": 33.86986925564301, "lon": -84.537021623934109, "restaurant_accessibility": 2.5299263777971603, "park_accessibility": 2.5643174079854187, "clinic_accessibility": 1.7488207961622733, "restaurant_norm": 0.040980024087837873, "park_norm": 0.12604366027519581, "clinic_norm": 0.2383174157231098, "user_match_score": 0.12842134436068242, "suitability": 0, "suitability_label": "Most Suitable" }, "geometry": { "type": "Polygon", "coordinates": [ [ [ -84.537280642408902, 33.865069223357786 ], [ -84.53244141757169, 33.867072242854121 ], [ -84.532182189326988, 33.87187208493711 ], [ -84.536762582756083, 33.874669168277833 ], [ -84.541602313052124, 33.872666210482677 ], [ -84.541861144431067, 33.86786610765089 ], [ -84.537280642408902, 33.865069223357786 ] ] ] } },
{ "type": "Feature", "properties": { "hex_id": "8844c1ab03fffff", "lat": 33.687176841928576, "lon": -84.343977904705881, "restaurant_accessibility": 0.0, "park_accessibility": 1.1631767054553219, "clinic_accessibility": 0.0, "restaurant_norm": 0.0, "park_norm": 0.057173518787447142, "clinic_norm": 0.0, "user_match_score": 0.0057173518787447149, "suitability": 2, "suitability_label": "Less Suitable" }, "geometry": { "type": "Polygon", "coordinates": [ [ [ -84.344244623370884, 33.682378358863623 ], [ -84.339420845606384, 33.68437835952853 ], [ -84.339153918659235, 33.689176652470628 ], [ -84.343711162737222, 33.691975207893989 ], [ -84.348535445205798, 33.689975270418671 ], [ -84.348801978863094, 33.685176714335384 ], [ -84.344244623370884, 33.682378358863623 ] ] ] } },
{ "type": "Feature", "properties": { "hex_id": "8844c1a911fffff", "lat": 33.743144949843575, "lon": -84.322005686477581, "restaurant_accessibility": 3.3854627811026754, "park_accessibility": 6.183536993956908, "clinic_accessibility": 0.60260665314794726, "restaurant_norm": 0.054838096292298341, "park_norm": 0.3039388313390266, "clinic_norm": 0.082119140274933833, "user_match_score": 0.09066058739002536, "suitability": 0, "suitability_label": "Most Suitable" }, "geometry": { "type": "Polygon", "coordinates": [ [ [ -84.322273472087474, 33.738348402207677 ], [ -84.317447964215759, 33.740345231402948 ], [ -84.317179970191788, 33.74514158857243 ], [ -84.321737877462425, 33.747941379654776 ], [ -84.326563890680802, 33.745944614062147 ], [ -84.326831491252577, 33.741147993789504 ], [ -84.322273472087474, 33.738348402207677 ] ] ] } },
{ "type": "Feature", "properties": { "hex_id": "8844c1a9e9fffff", "lat": 33.757533885550409, "lon": -84.321202189203973, "restaurant_accessibility": 6.1241636700501374, "park_accessibility": 10.436401777114673, "clinic_accessibility": 2.0701981190057039, "restaurant_norm": 0.099199872738999481, "park_norm": 0.51297950713657192, "clinic_norm": 0.28211253367923866, "user_match_score": 0.2137429005548524, "suitability": 0, "suitability_label": "Most Suitable" }, "geometry": { "type": "Polygon", "coordinates": [ [ [ -84.321470045038907, 33.75273769157814 ], [ -84.316643911871495, 33.754733949305006 ], [ -84.316375847569091, 33.759529952741751 ], [ -84.32093430995458, 33.762329961508456 ], [ -84.325760948609926, 33.760333767438368 ], [ -84.326028619362532, 33.755537500949778 ], [ -84.321470045038907, 33.75273769157814 ] ] ] } },
{ "type": "Feature", "properties": { "hex_id": "8844c1ac37fffff", "lat": 33.872690377008112, "lon": -84.484837745813593, "restaurant_accessibility": 3.5433318027800929, "park_accessibility": 3.1124115824675953, "clinic_accessibility": 0.6638300077897773, "restaurant_norm": 0.057395275966711248, "park_norm": 0.15298408337263092, "clinic_norm": 0.090462243062914699, "user_match_score": 0.080180943545784589, "suitability": 1, "suitability_label": "Okay" }, "geometry": { "type": "Polygon", "coordinates": [ [ [ -84.485098979566516, 33.867891959519618 ], [ -84.480261542204616, 33.86989223557174 ], [ -84.480000098877198, 33.87469046263962 ], [ -84.484576489171715, 33.877488674846497 ], [ -84.489414432290573, 33.875488461062567 ], [ -84.489675479328739, 33.870689972808783 ], [ -84.485098979566516, 33.867891959519618 ] ] ] } },
{ "type": "Feature", "properties": { "hex_id": "8844c1aa9dfffff", "lat": 33.746726745053913, "lon": -84.449185620297769, "restaurant_accessibility": 1.0650780827150181, "park_accessibility": 2.1981036643225673, "clinic_accessibility": 0.5431204148390778, "restaurant_norm": 0.017252251238667887, "park_norm": 0.10804318944790789, "clinic_norm": 0.074012759897957012, "user_match_score": 0.049035548523307534, "suitability": 1, "suitability_label": "Okay" }, "geometry": { "type": "Polygon", "coordinates": [ [ [ -84.449448049700237, 33.741926476043126 ], [ -84.444617670294605, 33.743929594846584 ], [ -84.444355031956547, 33.748729673873846 ], [ -84.448923167935121, 33.751526896104401 ], [ -84.453754052079972, 33.749523839555394 ], [ -84.454016295477871, 33.744723498526497 ], [ -84.449448049700237, 33.741926476043126 ] ] ] } },
{ "type": "Feature", "properties": { "hex_id": "8844c1a1ebfffff", "lat": 33.728686088665292, "lon": -84.492664815155848, "restaurant_accessibility": 0.37550293373179616, "park_accessibility": 1.1002052603459427, "clinic_accessibility": 0.63216388306978644, "restaurant_norm": 0.0060824375778007539, "park_norm": 0.054078289074585527, "clinic_norm": 0.0861469987418301, "user_match_score": 0.042907847193090973, "suitability": 1, "suitability_label": "Okay" }, "geometry": { "type": "Polygon", "coordinates": [ [ [ -84.492925363631059, 33.723884111076153 ], [ -84.488094205165623, 33.725890089043432 ], [ -84.487833447653571, 33.730691876903876 ], [ -84.492404243881381, 33.733487948502685 ], [ -84.497235906691216, 33.731482032267621 ], [ -84.497496268899724, 33.726679982706706 ], [ -84.492925363631059, 33.723884111076153 ] ] ] } },
{ "type": "Feature", "properties": { "hex_id": "8844c1a10bfffff", "lat": 33.691485591406533, "lon": -84.480520729261073, "restaurant_accessibility": 0.0, "park_accessibility": 1.2220716204737074, "clinic_accessibility": 0.17419521095881774, "restaurant_norm": 0.0, "park_norm": 0.060068375187593732, "clinic_norm": 0.023738139778614178, "user_match_score": 0.015502093430205045, "suitability": 2, "suitability_label": "Less Suitable" }, "geometry": { "type": "Polygon", "coordinates": [ [ [ -84.48078169927112, 33.686683125550715 ], [ -84.475952680119462, 33.688689857730125 ], [ -84.475691501267036, 33.693492133981231 ], [ -84.480259736424927, 33.696287940011963 ], [ -84.485089259630072, 33.694281269576145 ], [ -84.485350043594764, 33.689478731371125 ], [ -84.48078169927112, 33.686683125550715 ] ] ] } },
{ "type": "Feature", "properties": { "hex_id": "8844c1ad5dfffff", "lat": 33.826313204904984, "lon": -84.449555035106954, "restaurant_accessibility": 2.0986693669960124, "park_accessibility": 1.4498797577326163, "clinic_accessibility": 0.78002417126485901, "restaurant_norm": 0.033994475873558201, "park_norm": 0.071265807834258649, "clinic_norm": 0.10629639417905946, "user_match_score": 0.066642376391828753, "suitability": 1, "suitability_label": "Okay" }, "geometry": { "type": "Polygon", "coordinates": [ [ [ -84.449817645990535, 33.821514759478823 ], [ -84.444983625228019, 33.82351496358099 ], [ -84.444720805093411, 33.82831321865973 ], [ -84.449292401229982, 33.831111531318456 ], [ -84.454126927488318, 33.829111389717333 ], [ -84.45438935208503, 33.824312872961627 ], [ -84.449817645990535, 33.821514759478823 ] ] ] } },
{ "type": "Feature", "properties": { "hex_id": "8844c1ae23fffff", "lat": 33.809885548898841, "lon": -84.511888067374244, "restaurant_accessibility": 0.66768614385144787, "park_accessibility": 2.8104322987451882, "clinic_accessibility": 0.53476930029612479, "restaurant_norm": 0.010815253162415021, "park_norm": 0.13814092311129775, "clinic_norm": 0.072874726749762697, "user_match_score": 0.048371609592242362, "suitability": 1, "suitability_label": "Okay" }, "geometry": { "type": "Polygon", "coordinates": [ [ [ -84.512148002492069, 33.80508486901261 ], [ -84.5073124377124, 33.807088829338696 ], [ -84.507052293161323, 33.811889319198286 ], [ -84.51162810949009, 33.814686109945221 ], [ -84.516464179287482, 33.812682211402006 ], [ -84.516723927709236, 33.807881460334229 ], [ -84.512148002492069, 33.80508486901261 ] ] ] } },
{ "type": "Feature", "properties": { "hex_id": "8844c1ae43fffff", "lat": 33.783450429279924, "lon": -84.541680485768836, "restaurant_accessibility": 0.0, "park_accessibility": 0.84688351301914955, "clinic_accessibility": 0.44637569358418411, "restaurant_norm": 0.0, "park_norm": 0.041626788273262397, "clinic_norm": 0.060829046618177653, "user_match_score": 0.028494297474597301, "suitability": 2, "suitability_label": "Less Suitable" }, "geometry": { "type": "Polygon", "coordinates": [ [ [ -84.541939096093841, 33.778648254104645 ], [ -84.537103644041636, 33.780654693304079 ], [ -84.536844824270077, 33.785456678692029 ], [ -84.541421852794045, 33.788252485943936 ], [ -84.546257809457273, 33.786246108125574 ], [ -84.546516232956435, 33.781443861679477 ], [ -84.541939096093841, 33.778648254104645 ] ] ] } },
{ "type": "Feature", "properties": { "hex_id": "8844c1a8b3fffff", "lat": 33.814718904764021, "lon": -84.398237199949122, "restaurant_accessibility": 6.0326236408387777, "park_accessibility": 6.9369820605533681, "clinic_accessibility": 2.402229401964818, "restaurant_norm": 0.097717097336914763, "park_norm": 0.34097284815549961, "clinic_norm": 0.32735950093150956, "user_match_score": 0.21389963385661118, "suitability": 0, "suitability_label": "Most Suitable" }, "geometry": { "type": "Polygon", "coordinates": [ [ [ -84.3985019497228, 33.80992172161671 ], [ -84.393670353212954, 33.81191976001913 ], [ -84.393405394438361, 33.816716752670658 ], [ -84.397972427006351, 33.819515969088037 ], [ -84.402804529162893, 33.817517993699077 ], [ -84.403069093075516, 33.812720738884373 ], [ -84.3985019497228, 33.80992172161671 ] ] ] } },
{ "type": "Feature", "properties": { "hex_id": "8844c1a197fffff", "lat": 33.766675159285391, "lon": -84.514226664203775, "restaurant_accessibility": 0.12123161849514968, "park_accessibility": 1.301888225575351, "clinic_accessibility": 1.1261174688357682, "restaurant_norm": 0.0019637230117599599, "park_norm": 0.063991593517127535, "clinic_norm": 0.15345963723814704, "user_match_score": 0.068764875752851548, "suitability": 1, "suitability_label": "Okay" }, "geometry": { "type": "Polygon", "coordinates": [ [ [ -84.514486394558531, 33.761873412689837 ], [ -84.509652713871361, 33.763879082216299 ], [ -84.509392774244688, 33.768680638993182 ], [ -84.513966911109478, 33.771476787611064 ], [ -84.518801096390831, 33.769471179706493 ], [ -84.519060640184136, 33.76466936156735 ], [ -84.514486394558531, 33.761873412689837 ] ] ] } },
{ "type": "Feature", "properties": { "hex_id": "8844c1ac17fffff", "lat": 33.86748441993425, "lon": -84.508767069332862, "restaurant_accessibility": 1.4501638670953987, "park_accessibility": 4.7403035617044154, "clinic_accessibility": 1.551791005851715, "restaurant_norm": 0.023489912879056215, "park_norm": 0.232999709736467, "clinic_norm": 0.2114675346201855, "user_match_score": 0.11963194126124901, "suitability": 0, "suitability_label": "Most Suitable" }, "geometry": { "type": "Polygon", "coordinates": [ [ [ -84.509027277843614, 33.86268517030058 ], [ -84.504189198680095, 33.864686848787485 ], [ -84.503928780520624, 33.869485908118463 ], [ -84.508506838019969, 33.87228354996936 ], [ -84.513345422766747, 33.870281933478516 ], [ -84.513605444401719, 33.865482613145964 ], [ -84.509027277843614, 33.86268517030058 ] ] ] } },
{ "type": "Feature", "properties": { "hex_id": "8844c1aab5fffff", "lat": 33.758739552413466, "lon": -84.420203395154701, "restaurant_accessibility": 0.78529293850263671, "park_accessibility": 7.1851317973355169, "clinic_accessibility": 2.3643096448590053, "restaurant_norm": 0.012720260881214944, "park_norm": 0.35317012959302679, "clinic_norm": 0.32219205407924395, "user_match_score": 0.17055396503160775, "suitability": 0, "suitability_label": "Most Suitable" }, "geometry": { "type": "Polygon", "coordinates": [ [ [ -84.420467078001209, 33.753940423727521 ], [ -84.41563722095357, 33.755941636487101 ], [ -84.41537332923933, 33.760740575020129 ], [ -84.419939689240792, 33.763538563000395 ], [ -84.424770051289798, 33.761537412843197 ], [ -84.4250335483068, 33.756738212108452 ], [ -84.420467078001209, 33.753940423727521 ] ] ] } },
{ "type": "Feature", "properties": { "hex_id": "8844c1149bfffff", "lat": 33.690773058656248, "lon": -84.301370918177227, "restaurant_accessibility": 0.73916924475684787, "park_accessibility": 2.0184080473340948, "clinic_accessibility": 0.0, "restaurant_norm": 0.011973144246790086, "park_norm": 0.099210627133233031, "clinic_norm": 0.0, "user_match_score": 0.015907634836718348, "suitability": 2, "suitability_label": "Less Suitable" }, "geometry": { "type": "Polygon", "coordinates": [ [ [ -84.301639440596659, 33.685975936165484 ], [ -84.296817083121724, 33.687973654687802 ], [ -84.296548352576693, 33.692770586872157 ], [ -84.301102372303447, 33.695570064028963 ], [ -84.305925234728363, 33.693572409162996 ], [ -84.306193572447313, 33.688775213488789 ], [ -84.301639440596659, 33.685975936165484 ] ] ] } },
{ "type": "Feature", "properties": { "hex_id": "8844c1a1ddfffff", "lat": 33.731053327235628, "lon": -84.520876810698255, "restaurant_accessibility": 0.4181091279590663, "park_accessibility": 1.4394969256339254, "clinic_accessibility": 0.2092876778070816, "restaurant_norm": 0.0067725773704238488, "park_norm": 0.070755461432652336, "clinic_norm": 0.028520302724628879, "user_match_score": 0.021869955918328708, "suitability": 2, "suitability_label": "Less Suitable" }, "geometry": { "type": "Polygon", "coordinates": [ [ [ -84.521136172801803, 33.726250564898137 ], [ -84.516303870584551, 33.728257880289654 ], [ -84.516044299323312, 33.733060452999148 ], [ -84.520617425893889, 33.735855971770313 ], [ -84.525450232332147, 33.733848717816763 ], [ -84.525709407949734, 33.729045883659275 ], [ -84.521136172801803, 33.726250564898137 ] ] ] } },
{ "type": "Feature", "properties": { "hex_id": "8844c1adedfffff", "lat": 33.868693140437728, "lon": -84.437781597811224, "restaurant_accessibility": 0.3968729544164088, "park_accessibility": 1.5483596164768099, "clinic_accessibility": 0.25062383426833185, "restaurant_norm": 0.0064285915094323695, "park_norm": 0.076106379372262639, "clinic_norm": 0.034153313268298784, "user_match_score": 0.024486258999261962, "suitability": 2, "suitability_label": "Less Suitable" }, "geometry": { "type": "Polygon", "coordinates": [ [ [ -84.438044811503715, 33.863896029971599 ], [ -84.433209290518462, 33.865894073885741 ], [ -84.432945867454251, 33.87069099376469 ], [ -84.437518361065386, 33.873490131340205 ], [ -84.442354388011481, 33.871492150185162 ], [ -84.442617415356352, 33.866694968700671 ], [ -84.438044811503715, 33.863896029971599 ] ] ] } },
{ "type": "Feature", "properties": { "hex_id": "8844c13221fffff", "lat": 33.838672093946926, "lon": -84.340261335419214, "restaurant_accessibility": 3.8857780299380753, "park_accessibility": 3.9330112251567693, "clinic_accessibility": 1.6600052757382771, "restaurant_norm": 0.062942257397033519, "park_norm": 0.19331894295864419, "clinic_norm": 0.22621424005754215, "user_match_score": 0.14128871901739803, "suitability": 0, "suitability_label": "Most Suitable" }, "geometry": { "type": "Polygon", "coordinates": [ [ [ -84.340528592449701, 33.833877198599041 ], [ -84.335698052362446, 33.835871421805329 ], [ -84.335430586468377, 33.840666126321388 ], [ -84.339994055005306, 33.843466870196394 ], [ -84.344825101260298, 33.841472710698255 ], [ -84.345092172781293, 33.836677743622012 ], [ -84.340528592449701, 33.833877198599041 ] ] ] } },
{ "type": "Feature", "properties": { "hex_id": "8844c1ac61fffff", "lat": 33.828704487614786, "lon": -84.477778036368122, "restaurant_accessibility": 0.54947900704832686, "park_accessibility": 1.5936305830070383, "clinic_accessibility": 0.29137508726970801, "restaurant_norm": 0.0089005210357971341, "park_norm": 0.078331579071760346, "clinic_norm": 0.039706617142588621, "user_match_score": 0.028166065282110051, "suitability": 2, "suitability_label": "Less Suitable" }, "geometry": { "type": "Polygon", "coordinates": [ [ [ -84.478039460174983, 33.82390525750948 ], [ -84.473204290680414, 33.825906799994506 ], [ -84.472942657501022, 33.830705839852484 ], [ -84.477516589666379, 33.833503598655803 ], [ -84.482352264534498, 33.831502118377429 ], [ -84.482613501834493, 33.826702817094279 ], [ -84.478039460174983, 33.82390525750948 ] ] ] } },
{ "type": "Feature", "properties": { "hex_id": "8844c1ad23fffff", "lat": 33.851897891870323, "lon": -84.410354997027056, "restaurant_accessibility": 0.1126989796401848, "park_accessibility": 0.61743796863285094, "clinic_accessibility": 0.30534267103838714, "restaurant_norm": 0.0018255103946348153, "park_norm": 0.030348872303022089, "clinic_norm": 0.041610024555716614, "user_match_score": 0.020591652249906264, "suitability": 2, "suitability_label": "Less Suitable" }, "geometry": { "type": "Polygon", "coordinates": [ [ [ -84.410619327877754, 33.84710120846664 ], [ -84.405785586794963, 33.849098486178583 ], [ -84.405521046748234, 33.853894978964178 ], [ -84.410090643033669, 33.856694455951462 ], [ -84.414924890056753, 33.854697241239613 ], [ -84.415189034824806, 33.849900486545515 ], [ -84.410619327877754, 33.84710120846664 ] ] ] } },
{ "type": "Feature", "properties": { "hex_id": "8844c1b891fffff", "lat": 33.653494683187056, "lon": -84.458994564411725, "restaurant_accessibility": 0.37629813473554602, "park_accessibility": 2.0920353179658906, "clinic_accessibility": 0.52589074028417193, "restaurant_norm": 0.0060953183306061845, "park_norm": 0.10282962166862275, "clinic_norm": 0.071664816916785848, "user_match_score": 0.041996548098879705, "suitability": 1, "suitability_label": "Okay" }, "geometry": { "type": "Polygon", "coordinates": [ [ [ -84.459256349532296, 33.648691995463182 ], [ -84.454429849897267, 33.650699036686397 ], [ -84.454167856168951, 33.655501534896494 ], [ -84.458732756405723, 33.658297254179139 ], [ -84.463559759843903, 33.656290274808001 ], [ -84.4638213592131, 33.651487514307227 ], [ -84.459256349532296, 33.648691995463182 ] ] ] } },
{ "type": "Feature", "properties": { "hex_id": "8844c1a157fffff", "lat": 33.692274281649965, "lon": -84.489918869119819, "restaurant_accessibility": 0.0, "park_accessibility": 1.1625736364448138, "clinic_accessibility": 0.36195342739399683, "restaurant_norm": 0.0, "park_norm": 0.057143876191235655, "clinic_norm": 0.049324553789589956, "user_match_score": 0.025444209134959549, "suitability": 2, "suitability_label": "Less Suitable" }, "geometry": { "type": "Polygon", "coordinates": [ [ [ -84.490179444201871, 33.68747155387377 ], [ -84.485350043594764, 33.689478731371125 ], [ -84.485089259630072, 33.694281269576145 ], [ -84.489658271244423, 33.69707689215884 ], [ -84.494488175864191, 33.695069776307072 ], [ -84.494748564827844, 33.690266976232195 ], [ -84.490179444201871, 33.68747155387377 ] ] ] } },
{ "type": "Feature", "properties": { "hex_id": "8844c1ad47fffff", "lat": 33.824715864032186, "lon": -84.430745510082161, "restaurant_accessibility": 1.4676098450402195, "park_accessibility": 1.693810720986306, "clinic_accessibility": 1.249634471132903, "restaurant_norm": 0.023772504737336754, "park_norm": 0.08325572428032918, "clinic_norm": 0.17029169507387007, "user_match_score": 0.088328502826249322, "suitability": 1, "suitability_label": "Okay" }, "geometry": { "type": "Polygon", "coordinates": [ [ [ -84.431008911780893, 33.819917942144805 ], [ -84.426175657853605, 33.821917254472737 ], [ -84.425912046984976, 33.826714985946126 ], [ -84.430482085324442, 33.829513666941288 ], [ -84.435315844828509, 33.827514417310539 ], [ -84.435579060387084, 33.822716423992588 ], [ -84.431008911780893, 33.819917942144805 ] ] ] } },
{ "type": "Feature", "properties": { "hex_id": "8844c1a963fffff", "lat": 33.718749748658261, "lon": -84.290380830006256, "restaurant_accessibility": 0.0, "park_accessibility": 2.8970714715541468, "clinic_accessibility": 0.23785560123278851, "restaurant_norm": 0.0, "park_norm": 0.14239949049069078, "clinic_norm": 0.032413345224083706, "user_match_score": 0.027205287138702561, "suitability": 2, "suitability_label": "Less Suitable" }, "geometry": { "type": "Polygon", "coordinates": [ [ [ -84.290649886145488, 33.713953593262353 ], [ -84.285826665493801, 33.715949725899321 ], [ -84.285557401163231, 33.720745690817196 ], [ -84.290111750361802, 33.723545786573681 ], [ -84.294935476284365, 33.721549717799746 ], [ -84.295204347708179, 33.716753489411211 ], [ -84.290649886145488, 33.713953593262353 ] ] ] } },
{ "type": "Feature", "properties": { "hex_id": "8844c13251fffff", "lat": 33.828307530190614, "lon": -84.388043271463815, "restaurant_accessibility": 8.7072929836893298, "park_accessibility": 8.2404857841742611, "clinic_accessibility": 1.7863433981565708, "restaurant_norm": 0.14104168379877627, "park_norm": 0.40504384810109556, "clinic_norm": 0.24343074097525189, "user_match_score": 0.20839752309959844, "suitability": 0, "suitability_label": "Most Suitable" }, "geometry": { "type": "Polygon", "coordinates": [ [ [ -84.388308485640621, 33.823510965864514 ], [ -84.383476646564176, 33.825507987255634 ], [ -84.383211223373522, 33.830304360983931 ], [ -84.387778034076121, 33.833103975521254 ], [ -84.392610378980663, 33.831107017295139 ], [ -84.392875407325249, 33.82631038137179 ], [ -84.388308485640621, 33.823510965864514 ] ] ] } },
{ "type": "Feature", "properties": { "hex_id": "8844c1aa39fffff", "lat": 33.699553859374014, "lon": -84.404584806809353, "restaurant_accessibility": 0.74373579384710209, "park_accessibility": 3.7136273283974583, "clinic_accessibility": 0.69937183707034967, "restaurant_norm": 0.012047113708257126, "park_norm": 0.18253558623889116, "clinic_norm": 0.095305642068007512, "user_match_score": 0.062399372305220691, "suitability": 1, "suitability_label": "Okay" }, "geometry": { "type": "Polygon", "coordinates": [ [ [ -84.40484900143251, 33.694753843435855 ], [ -84.400022415588197, 33.696756446822228 ], [ -84.399758012392439, 33.701556272818642 ], [ -84.404320589089707, 33.704353758007194 ], [ -84.409147679451252, 33.702351217202157 ], [ -84.409411688569136, 33.697551128632291 ], [ -84.40484900143251, 33.694753843435855 ] ] ] } },
{ "type": "Feature", "properties": { "hex_id": "8844c1ad15fffff", "lat": 33.854301450600786, "lon": -84.43857116974074, "restaurant_accessibility": 2.6991549205005927, "park_accessibility": 0.724324274183062, "clinic_accessibility": 0.38059228068524198, "restaurant_norm": 0.043721206525871796, "park_norm": 0.035602645156136141, "clinic_norm": 0.051864530074272448, "user_match_score": 0.04616667980825849, "suitability": 1, "suitability_label": "Okay" }, "geometry": { "type": "Polygon", "coordinates": [ [ [ -84.438834314291299, 33.849503981822316 ], [ -84.433999421313629, 33.851502597360501 ], [ -84.433736067445111, 33.856299875620536 ], [ -84.438308002145888, 33.859098800004922 ], [ -84.443143400942859, 33.857100247172603 ], [ -84.443406359190504, 33.852302707255205 ], [ -84.438834314291299, 33.849503981822316 ] ] ] } },
{ "type": "Feature", "properties": { "hex_id": "8844c13151fffff", "lat": 33.870174194451934, "lon": -84.286588795613653, "restaurant_accessibility": 0.22402046020510583, "park_accessibility": 1.9954644063409301, "clinic_accessibility": 0.17322048698469247, "restaurant_norm": 0.0036287079086337777, "park_norm": 0.098082880434710848, "clinic_norm": 0.023605311018190783, "user_match_score": 0.021064766405064286, "suitability": 2, "suitability_label": "Less Suitable" }, "geometry": { "type": "Polygon", "coordinates": [ [ [ -84.286858396672287, 33.8653816385509 ], [ -84.28202841586122, 33.867371982444439 ], [ -84.28175860603028, 33.872164347161451 ], [ -84.286319170969193, 33.874966630877402 ], [ -84.291149658517014, 33.872976351363747 ], [ -84.291419074359752, 33.868183723759266 ], [ -84.286858396672287, 33.8653816385509 ] ] ] } },
{ "type": "Feature", "properties": { "hex_id": "8844c132e7fffff", "lat": 33.877455635080487, "lon": -84.371153772846156, "restaurant_accessibility": 2.3573898960667168, "park_accessibility": 2.6503720419828332, "clinic_accessibility": 0.23872194941740593, "restaurant_norm": 0.038185259291756812, "park_norm": 0.13027349587156128, "clinic_norm": 0.032531405268273209, "user_match_score": 0.045132541340343821, "suitability": 1, "suitability_label": "Okay" }, "geometry": { "type": "Polygon", "coordinates": [ [ [ -84.371419823520512, 33.872660716480034 ], [ -84.366586366661622, 33.87465506692886 ], [ -84.366320106846786, 33.879449794641573 ], [ -84.370887698879855, 33.882250434049354 ], [ -84.375721662122146, 33.880256147099217 ], [ -84.375987526918635, 33.875461157247713 ], [ -84.371419823520512, 33.872660716480034 ] ] ] } },
{ "type": "Feature", "properties": { "hex_id": "8844c1a129fffff", "lat": 33.689115749667835, "lon": -84.452333258611844, "restaurant_accessibility": 0.83758281325093265, "park_accessibility": 4.9304252763495766, "clinic_accessibility": 0.49926245128399294, "restaurant_norm": 0.013567257989724083, "park_norm": 0.24234474508078452, "clinic_norm": 0.068036094617979229, "user_match_score": 0.058232541350132186, "suitability": 1, "suitability_label": "Okay" }, "geometry": { "type": "Polygon", "coordinates": [ [ [ -84.452595412725842, 33.684314070077029 ], [ -84.447767539154412, 33.68631946687497 ], [ -84.447505176319083, 33.691120956760592 ], [ -84.452071081573635, 33.693917312059099 ], [ -84.456899459320411, 33.691911977298624 ], [ -84.457161427608185, 33.687110225207284 ], [ -84.452595412725842, 33.684314070077029 ] ] ] } },
{ "type": "Feature", "properties": { "hex_id": "8844c1b9bbfffff", "lat": 33.65396933708162, "lon": -84.378809172867776, "restaurant_accessibility": 0.24751167864368503, "park_accessibility": 1.3485085829144139, "clinic_accessibility": 0.0, "restaurant_norm": 0.0040092212334143376, "park_norm": 0.06628311970029592, "clinic_norm": 0.0, "user_match_score": 0.0086329225867367611, "suitability": 2, "suitability_label": "Less Suitable" }, "geometry": { "type": "Polygon", "coordinates": [ [ [ -84.379074340551526, 33.649169056831703 ], [ -84.374250780749335, 33.651172036160048 ], [ -84.373985404774686, 33.655972126577474 ], [ -84.37854398201695, 33.658769500648127 ], [ -84.383368046033056, 33.656766584030642 ], [ -84.38363302856385, 33.65196623063666 ], [ -84.379074340551526, 33.649169056831703 ] ] ] } },
{ "type": "Feature", "properties": { "hex_id": "8844c1a829fffff", "lat": 33.731158453578139, "lon": -84.350961840153474, "restaurant_accessibility": 7.0850004489766789, "park_accessibility": 5.9372281242242826, "clinic_accessibility": 1.1577813759138664, "restaurant_norm": 0.11476361194123455, "park_norm": 0.29183203387211837, "clinic_norm": 0.15777457935406228, "user_match_score": 0.14967484109945403, "suitability": 0, "suitability_label": "Most Suitable" }, "geometry": { "type": "Polygon", "coordinates": [ [ [ -84.351228375037735, 33.726360763733069 ], [ -84.346402337290513, 33.728359496738015 ], [ -84.34613559392335, 33.733156996285103 ], [ -84.350695281970715, 33.735956025736996 ], [ -84.355521824805805, 33.733957355987187 ], [ -84.355788174476444, 33.729159593535371 ], [ -84.351228375037735, 33.726360763733069 ] ] ] } },
{ "type": "Feature", "properties": { "hex_id": "8844c1aad5fffff", "lat": 33.732325584394026, "lon": -84.449972839636501, "restaurant_accessibility": 0.88691311129510253, "park_accessibility": 3.4607681486984605, "clinic_accessibility": 0.45386974617675618, "restaurant_norm": 0.014366315551181858, "park_norm": 0.17010682198209662, "clinic_norm": 0.061850285187088822, "user_match_score": 0.048933954048636125, "suitability": 1, "suitability_label": "Okay" }, "geometry": { "type": "Polygon", "coordinates": [ [ [ -84.450235200176351, 33.72752496188243 ], [ -84.44540544747035, 33.729528650497592 ], [ -84.445142878048514, 33.734329083095119 ], [ -84.449710456145482, 33.73712608913538 ], [ -84.454540713449646, 33.735122462720561 ], [ -84.454802888029548, 33.730321768070262 ], [ -84.450235200176351, 33.72752496188243 ] ] ] } },
{ "type": "Feature", "properties": { "hex_id": "8844c1321bfffff", "lat": 33.850292370001185, "lon": -84.391550033611324, "restaurant_accessibility": 5.5439196799126007, "park_accessibility": 4.1882917167227163, "clinic_accessibility": 0.44153884436393975, "restaurant_norm": 0.089801017143302825, "park_norm": 0.20586672173736476, "clinic_norm": 0.060169913670456224, "user_match_score": 0.089555146213570386, "suitability": 1, "suitability_label": "Okay" }, "geometry": { "type": "Polygon", "coordinates": [ [ [ -84.391815154758376, 33.845496210598952 ], [ -84.38698218261716, 33.84749259690939 ], [ -84.386716852355462, 33.852288565627227 ], [ -84.39128488925607, 33.855088410115421 ], [ -84.396118367417714, 33.85309208700113 ], [ -84.396383302629005, 33.848295856207635 ], [ -84.391815154758376, 33.845496210598952 ] ] ] } },
{ "type": "Feature", "properties": { "hex_id": "8844c1a017fffff", "lat": 33.719003898542788, "lon": -84.549873680028426, "restaurant_accessibility": 0.0, "park_accessibility": 0.12984543255223507, "clinic_accessibility": 0.0, "restaurant_norm": 0.0, "park_norm": 0.0063822807340209071, "clinic_norm": 0.0, "user_match_score": 0.00063822807340209074, "suitability": 2, "suitability_label": "Less Suitable" }, "geometry": { "type": "Polygon", "coordinates": [ [ [ -84.55013178695161, 33.714199999034577 ], [ -84.545298970539221, 33.7162092211504 ], [ -84.545040654391485, 33.721012931201322 ], [ -84.549615550511916, 33.723807680387658 ], [ -84.554448870880051, 33.721798519361293 ], [ -84.554706791142991, 33.716994548064356 ], [ -84.55013178695161, 33.714199999034577 ] ] ] } },
{ "type": "Feature", "properties": { "hex_id": "8844c1aae3fffff", "lat": 33.729943011028141, "lon": -84.421785146328332, "restaurant_accessibility": 2.9474638749274793, "park_accessibility": 6.4430160258161306, "clinic_accessibility": 0.59580726806660844, "restaurant_norm": 0.04774334211959598, "park_norm": 0.31669298058683548, "clinic_norm": 0.081192566274529171, "user_match_score": 0.088017995628293211, "suitability": 1, "suitability_label": "Okay" }, "geometry": { "type": "Polygon", "coordinates": [ [ [ -84.422048690833776, 33.725143175077548 ], [ -84.417220086617533, 33.727145528269119 ], [ -84.416956333351479, 33.731945174205542 ], [ -84.421521578773607, 33.734742729259601 ], [ -84.42635068770899, 33.732740438562232 ], [ -84.426614046473944, 33.72794053032171 ], [ -84.422048690833776, 33.725143175077548 ] ] ] } },
{ "type": "Feature", "properties": { "hex_id": "8844c1ad09fffff", "lat": 33.832312291610044, "lon": -84.435052606225824, "restaurant_accessibility": 0.54483886813139959, "park_accessibility": 0.89336133283233843, "clinic_accessibility": 1.0232870270505852, "restaurant_norm": 0.0088253595582713871, "park_norm": 0.043911308322388334, "clinic_norm": 0.13944660331398012, "user_match_score": 0.064582451936966573, "suitability": 1, "suitability_label": "Okay" }, "geometry": { "type": "Polygon", "coordinates": [ [ [ -84.435315844828509, 33.827514417310539 ], [ -84.430482085324442, 33.829513666941288 ], [ -84.430218637504737, 33.834311350808981 ], [ -84.434789344576018, 33.837110046827938 ], [ -84.439623609707354, 33.835110859872074 ], [ -84.439886662110879, 33.830312914227534 ], [ -84.435315844828509, 33.827514417310539 ] ] ] } },
{ "type": "Feature", "properties": { "hex_id": "8844c1a859fffff", "lat": 33.720754402889327, "lon": -84.398700168435738, "restaurant_accessibility": 0.36093384589321864, "park_accessibility": 6.1700995129227998, "clinic_accessibility": 1.6390553592019432, "restaurant_norm": 0.0058464459000181837, "park_norm": 0.30327834005618337, "clinic_norm": 0.223359327776358, "user_match_score": 0.12259478806617063, "suitability": 0, "suitability_label": "Most Suitable" }, "geometry": { "type": "Polygon", "coordinates": [ [ [ -84.398964664107012, 33.715955046585627 ], [ -84.394137331308343, 33.717956572685708 ], [ -84.393872627004527, 33.722755738926757 ], [ -84.398435649638046, 33.725553641611491 ], [ -84.403263487185413, 33.723552178223194 ], [ -84.40352779732136, 33.718752749443432 ], [ -84.398964664107012, 33.715955046585627 ] ] ] } },
{ "type": "Feature", "properties": { "hex_id": "8844c1ab01fffff", "lat": 33.679579949527074, "lon": -84.339687749235154, "restaurant_accessibility": 0.0, "park_accessibility": 1.1034149334155181, "clinic_accessibility": 0.0, "restaurant_norm": 0.0, "park_norm": 0.054236053842985958, "clinic_norm": 0.0, "user_match_score": 0.0054236053842985962, "suitability": 2, "suitability_label": "Less Suitable" }, "geometry": { "type": "Polygon", "coordinates": [ [ [ -84.339954629548544, 33.674781422529591 ], [ -84.335131356437216, 33.676781486405638 ], [ -84.334864267888619, 33.681579823298485 ], [ -84.339420845606384, 33.68437835952853 ], [ -84.344244623370884, 33.682378358863623 ], [ -84.344511318735258, 33.677579758762505 ], [ -84.339954629548544, 33.674781422529591 ] ] ] } },
{ "type": "Feature", "properties": { "hex_id": "8844c1a8c5fffff", "lat": 33.763943310855808, "lon": -84.396318666342395, "restaurant_accessibility": 32.910401751655456, "park_accessibility": 15.307134033863361, "clinic_accessibility": 5.8862438204845855, "restaurant_norm": 0.533086285972308, "park_norm": 0.7523901666552707, "clinic_norm": 0.80213731372156305, "user_match_score": 0.66263708514030628, "suitability": 0, "suitability_label": "Most Suitable" }, "geometry": { "type": "Polygon", "coordinates": [ [ [ -84.396583370260331, 33.759145015065009 ], [ -84.391754159126762, 33.761144829768575 ], [ -84.391489246415745, 33.765942935288706 ], [ -84.3960539392708, 33.768741488495465 ], [ -84.400883655576465, 33.766741736666077 ], [ -84.40114817382576, 33.761943368760832 ], [ -84.396583370260331, 33.759145015065009 ] ] ] } },
{ "type": "Feature", "properties": { "hex_id": "8844c1a88dfffff", "lat": 33.77833748906837, "lon": -84.395524415654577, "restaurant_accessibility": 38.702688074731356, "park_accessibility": 11.536551860160461, "clinic_accessibility": 5.8058334298631795, "restaurant_norm": 0.62691037315779508, "park_norm": 0.56705508408634242, "clinic_norm": 0.79117953203676594, "user_match_score": 0.68663250780223817, "suitability": 0, "suitability_label": "Most Suitable" }, "geometry": { "type": "Polygon", "coordinates": [ [ [ -84.395789189042546, 33.77353954792072 ], [ -84.390959351476212, 33.775538791743124 ], [ -84.390694369241629, 33.780336542550934 ], [ -84.395259619103896, 33.783135311875178 ], [ -84.400089961983539, 33.78113613098089 ], [ -84.400354549658388, 33.776338117839337 ], [ -84.395789189042546, 33.77353954792072 ] ] ] } },
{ "type": "Feature", "properties": { "hex_id": "8844c1aabdfffff", "lat": 33.751938893297805, "lon": -84.425297022274265, "restaurant_accessibility": 1.7089736908336339, "park_accessibility": 5.9338678424598932, "clinic_accessibility": 1.2990373972831981, "restaurant_norm": 0.02768214270204291, "park_norm": 0.29166686624824284, "clinic_norm": 0.17702399018102721, "user_match_score": 0.11381735404825663, "suitability": 0, "suitability_label": "Most Suitable" }, "geometry": { "type": "Polygon", "coordinates": [ [ [ -84.425560473195191, 33.747139456474542 ], [ -84.420730737783344, 33.74914117700586 ], [ -84.420467078001209, 33.753940423727521 ], [ -84.4250335483068, 33.756738212108452 ], [ -84.429863788629348, 33.754736554103538 ], [ -84.430127053706414, 33.74993704519639 ], [ -84.425560473195191, 33.747139456474542 ] ] ] } },
{ "type": "Feature", "properties": { "hex_id": "8844c1a1e9fffff", "lat": 33.721088183471466, "lon": -84.488354939863498, "restaurant_accessibility": 0.0, "park_accessibility": 0.80070128895053472, "clinic_accessibility": 0.40184945627040558, "restaurant_norm": 0.0, "park_norm": 0.039356797614878751, "clinic_norm": 0.054761313530956882, "user_match_score": 0.025840205173870631, "suitability": 2, "suitability_label": "Less Suitable" }, "geometry": { "type": "Polygon", "coordinates": [ [ [ -84.488615651750166, 33.716286160251364 ], [ -84.483784997579136, 33.718292199972822 ], [ -84.483524076702594, 33.723094033482262 ], [ -84.488094205165623, 33.725890089043432 ], [ -84.492925363631059, 33.723884111076153 ], [ -84.493185889309927, 33.719082015798683 ], [ -84.488615651750166, 33.716286160251364 ] ] ] } },
{ "type": "Feature", "properties": { "hex_id": "8844c1a891fffff", "lat": 33.801926388540402, "lon": -84.417829211141196, "restaurant_accessibility": 9.4061042070543799, "park_accessibility": 4.1647761080770476, "clinic_accessibility": 3.1662842323497746, "restaurant_norm": 0.15236110440234579, "park_norm": 0.20471086116485174, "clinic_norm": 0.43147970183927936, "user_match_score": 0.26924351905336985, "suitability": 0, "suitability_label": "Most Suitable" }, "geometry": { "type": "Polygon", "coordinates": [ [ [ -84.418093101702894, 33.797128325022697 ], [ -84.413261364202668, 33.79912782557561 ], [ -84.412997264612443, 33.803925698732925 ], [ -84.417565297484927, 33.806724333389944 ], [ -84.422397540410287, 33.804724895600884 ], [ -84.422661245008797, 33.799926760396076 ], [ -84.418093101702894, 33.797128325022697 ] ] ] } },
{ "type": "Feature", "properties": { "hex_id": "8844c1adc3fffff", "lat": 33.878689678205866, "lon": -84.470325065007273, "restaurant_accessibility": 20.602214473171898, "park_accessibility": 4.8888133398698557, "clinic_accessibility": 0.19630141346251828, "restaurant_norm": 0.33371692266733521, "park_norm": 0.24029939735249237, "clinic_norm": 0.026750622855036155, "user_match_score": 0.20158865021093131, "suitability": 0, "suitability_label": "Most Suitable" }, "geometry": { "type": "Polygon", "coordinates": [ [ [ -84.47058692744983, 33.873891832063656 ], [ -84.465749750190199, 33.87589115250681 ], [ -84.465487678207012, 33.880688808143972 ], [ -84.470063179621889, 33.883487404629207 ], [ -84.474900862770724, 33.881488146628136 ], [ -84.475162538586218, 33.876690229704963 ], [ -84.47058692744983, 33.873891832063656 ] ] ] } },
{ "type": "Feature", "properties": { "hex_id": "8844c1a80dfffff", "lat": 33.725160921435588, "lon": -84.365441107136533, "restaurant_accessibility": 2.3821072781304622, "park_accessibility": 5.7533181963259503, "clinic_accessibility": 1.4948094245408525, "restaurant_norm": 0.038585634149005642, "park_norm": 0.28279232591667286, "clinic_norm": 0.20370247188098364, "user_match_score": 0.12905303841856358, "suitability": 0, "suitability_label": "Most Suitable" }, "geometry": { "type": "Polygon", "coordinates": [ [ [ -84.365707016503464, 33.720362660865298 ], [ -84.360880714710291, 33.722362345798409 ], [ -84.360614596826153, 33.727160416155087 ], [ -84.365175174524509, 33.729959064389 ], [ -84.370001981275891, 33.72795944253722 ], [ -84.37026770534149, 33.723161109375226 ], [ -84.365707016503464, 33.720362660865298 ] ] ] } },
{ "type": "Feature", "properties": { "hex_id": "8844c1aa8dfffff", "lat": 33.730737830306076, "lon": -84.43117988375819, "restaurant_accessibility": 2.1518610688298487, "park_accessibility": 4.8528337831914552, "clinic_accessibility": 0.18591113151944247, "restaurant_norm": 0.034856080875804024, "park_norm": 0.23853089747618914, "clinic_norm": 0.025334705828693477, "user_match_score": 0.051415012516998322, "suitability": 1, "suitability_label": "Okay" }, "geometry": { "type": "Polygon", "coordinates": [ [ [ -84.431443033722047, 33.725937732084724 ], [ -84.426614046473944, 33.72794053032171 ], [ -84.42635068770899, 33.732740438562232 ], [ -84.430916710777694, 33.735537810791257 ], [ -84.435746202704749, 33.733535074950559 ], [ -84.436009166854959, 33.728734904489649 ], [ -84.431443033722047, 33.725937732084724 ] ] ] } },
{ "type": "Feature", "properties": { "hex_id": "8844c1ab69fffff", "lat": 33.656789126506794, "lon": -84.326822249404643, "restaurant_accessibility": 0.0, "park_accessibility": 0.22899500241173057, "clinic_accessibility": 0.0, "restaurant_norm": 0.0, "park_norm": 0.011255770521550792, "clinic_norm": 0.0, "user_match_score": 0.0011255770521550793, "suitability": 2, "suitability_label": "Less Suitable" }, "geometry": { "type": "Polygon", "coordinates": [ [ [ -84.327089614241331, 33.651990468844417 ], [ -84.322267854784101, 33.653990722482646 ], [ -84.322000281853121, 33.658789190095142 ], [ -84.326554861217588, 33.66158766748368 ], [ -84.33137712517528, 33.659587477120958 ], [ -84.331644305238839, 33.654788746099122 ], [ -84.327089614241331, 33.651990468844417 ] ] ] } },
{ "type": "Feature", "properties": { "hex_id": "8844c1a91bfffff", "lat": 33.743947531114436, "lon": -84.331389992333783, "restaurant_accessibility": 3.4721737672813817, "park_accessibility": 6.7890835319017411, "clinic_accessibility": 1.0624218953864071, "restaurant_norm": 0.056242650327336143, "park_norm": 0.33370320523122049, "clinic_norm": 0.1447796372685877, "user_match_score": 0.11940350059422521, "suitability": 0, "suitability_label": "Most Suitable" }, "geometry": { "type": "Polygon", "coordinates": [ [ [ -84.331657384450693, 33.739150720408404 ], [ -84.326831491252577, 33.741147993789504 ], [ -84.326563890680802, 33.745944614062147 ], [ -84.331122576844123, 33.748744223978704 ], [ -84.335948975349837, 33.746747014102489 ], [ -84.336216182355344, 33.741950130809833 ], [ -84.331657384450693, 33.739150720408404 ] ] ] } },
{ "type": "Feature", "properties": { "hex_id": "8844c1aa41fffff", "lat": 33.663947228305226, "lon": -84.41125910635941, "restaurant_accessibility": 6.4460247600069058, "park_accessibility": 4.5439053511826391, "clinic_accessibility": 0.57146598427858009, "restaurant_norm": 0.1044134138661728, "park_norm": 0.22334616636130775, "clinic_norm": 0.077875501506957948, "user_match_score": 0.10569152417200034, "suitability": 0, "suitability_label": "Most Suitable" }, "geometry": { "type": "Polygon", "coordinates": [ [ [ -84.411522930932051, 33.659146203257016 ], [ -84.406697717345168, 33.661150452656067 ], [ -84.406433684313242, 33.665951287953476 ], [ -84.410995258729159, 33.66874813651566 ], [ -84.415820976461134, 33.666743949512622 ], [ -84.416084615602983, 33.661942851556439 ], [ -84.411522930932051, 33.659146203257016 ] ] ] } },
{ "type": "Feature", "properties": { "hex_id": "8844c13369fffff", "lat": 33.805060395409946, "lon": -84.28553379713172, "restaurant_accessibility": 0.17909663757988081, "park_accessibility": 2.3546519893482696, "clinic_accessibility": 2.2003409407362753, "restaurant_norm": 0.002901026917812835, "park_norm": 0.11573799502647797, "clinic_norm": 0.29984751316816349, "user_match_score": 0.13296331822881963, "suitability": 0, "suitability_label": "Most Suitable" }, "geometry": { "type": "Polygon", "coordinates": [ [ [ -84.285803276834855, 33.800266364325786 ], [ -84.280976306020222, 33.802259064834907 ], [ -84.280706617805762, 33.807052905027092 ], [ -84.285264293868039, 33.809854307877337 ], [ -84.290091770801482, 33.807861671555941 ], [ -84.290361065524451, 33.803067568201541 ], [ -84.285803276834855, 33.800266364325786 ] ] ] } },
{ "type": "Feature", "properties": { "hex_id": "8844c1323bfffff", "lat": 33.85547496079387, "lon": -84.367651172883754, "restaurant_accessibility": 9.4169651039138547, "park_accessibility": 4.0664088169761232, "clinic_accessibility": 0.7663322431709142, "restaurant_norm": 0.15253703039719799, "park_norm": 0.19987582265397694, "clinic_norm": 0.10443055124833941, "user_match_score": 0.13802831796333245, "suitability": 0, "suitability_label": "Most Suitable" }, "geometry": { "type": "Polygon", "coordinates": [ [ [ -84.367917316195232, 33.850679635754155 ], [ -84.363084992841152, 33.852674622196943 ], [ -84.362818640490062, 33.857469756435236 ], [ -84.367385006277686, 33.860270166494239 ], [ -84.372217835822525, 33.858275243519238 ], [ -84.372483793359635, 33.853479847022541 ], [ -84.367917316195232, 33.850679635754155 ] ] ] } },
{ "type": "Feature", "properties": { "hex_id": "8844c132dbfffff", "lat": 33.882281628319483, "lon": -84.427582890232259, "restaurant_accessibility": 0.0, "park_accessibility": 0.87501601906506665, "clinic_accessibility": 0.18743503547019388, "restaurant_norm": 0.0, "park_norm": 0.043009582783684261, "clinic_norm": 0.025542373104923428, "user_match_score": 0.014517907520337797, "suitability": 2, "suitability_label": "Less Suitable" }, "geometry": { "type": "Polygon", "coordinates": [ [ [ -84.427846568838234, 33.877485138337654 ], [ -84.423010803690289, 33.879482164183692 ], [ -84.422746915699477, 33.884278463476484 ], [ -84.427319188531072, 33.887077998565765 ], [ -84.432155459821942, 33.885081035630051 ], [ -84.432418952109018, 33.88028447469992 ], [ -84.427846568838234, 33.877485138337654 ] ] ] } },
{ "type": "Feature", "properties": { "hex_id": "8844c1a139fffff", "lat": 33.705102180378312, "lon": -84.470339515723595, "restaurant_accessibility": 0.0, "park_accessibility": 1.1941507304525587, "clinic_accessibility": 0.0, "restaurant_norm": 0.0, "park_norm": 0.0586959822203863, "clinic_norm": 0.0, "user_match_score": 0.0058695982220386307, "suitability": 2, "suitability_label": "Less Suitable" }, "geometry": { "type": "Polygon", "coordinates": [ [ [ -84.470600949133697, 33.700300328417583 ], [ -84.465771685180215, 33.702306046389964 ], [ -84.465510042914474, 33.70710770864271 ], [ -84.470078059445697, 33.709903914915216 ], [ -84.474907827634269, 33.707898258838782 ], [ -84.475169075027438, 33.703096334599024 ], [ -84.470600949133697, 33.700300328417583 ] ] ] } },
{ "type": "Feature", "properties": { "hex_id": "8844c1ae1dfffff", "lat": 33.80545390776124, "lon": -84.545223889083204, "restaurant_accessibility": 0.1246035518519807, "park_accessibility": 0.70045192847588589, "clinic_accessibility": 0.33088547364040521, "restaurant_norm": 0.0020183419569586086, "park_norm": 0.034429249919291714, "clinic_norm": 0.045090824143528482, "user_match_score": 0.022488425627819868, "suitability": 2, "suitability_label": "Less Suitable" }, "geometry": { "type": "Polygon", "coordinates": [ [ [ -84.545482403139275, 33.800652135901345 ], [ -84.540645817941467, 33.802657944234731 ], [ -84.540387094337987, 33.807459526220093 ], [ -84.54496535238053, 33.810255560816209 ], [ -84.549802442380283, 33.808249813895131 ], [ -84.550060769506416, 33.803447970970879 ], [ -84.545482403139275, 33.800652135901345 ] ] ] } },
{ "type": "Feature", "properties": { "hex_id": "8844c1ad81fffff", "lat": 33.892282190372192, "lon": -84.460125746287773, "restaurant_accessibility": 10.209418212220156, "park_accessibility": 3.0490813896989772, "clinic_accessibility": 0.0, "restaurant_norm": 0.16537327249178035, "park_norm": 0.14987122016871052, "clinic_norm": 0.0, "user_match_score": 0.097673758262761229, "suitability": 0, "suitability_label": "Most Suitable" }, "geometry": { "type": "Polygon", "coordinates": [ [ [ -84.460388073760782, 33.887484964860469 ], [ -84.455550651181767, 33.889483267094128 ], [ -84.455288114154854, 33.894280301998869 ], [ -84.459863395830041, 33.897079295993152 ], [ -84.4647013244807, 33.895081056352765 ], [ -84.464963465355254, 33.890283760130039 ], [ -84.460388073760782, 33.887484964860469 ] ] ] } },
{ "type": "Feature", "properties": { "hex_id": "8844c1ab27fffff", "lat": 33.691574437315687, "lon": -84.310748185768446, "restaurant_accessibility": 1.1826272927577159, "park_accessibility": 2.703186874706315, "clinic_accessibility": 0.0, "restaurant_norm": 0.019156326195683214, "park_norm": 0.13286949853978, "clinic_norm": 0.0, "user_match_score": 0.022865112951819609, "suitability": 2, "suitability_label": "Less Suitable" }, "geometry": { "type": "Polygon", "coordinates": [ [ [ -84.311016315320998, 33.686777051368097 ], [ -84.306193572447313, 33.688775213488789 ], [ -84.305925234728363, 33.693572409162996 ], [ -84.310480032793933, 33.696371706128232 ], [ -84.315303280578831, 33.69437360756627 ], [ -84.315571225357715, 33.689576148485273 ], [ -84.311016315320998, 33.686777051368097 ] ] ] } },
{ "type": "Feature", "properties": { "hex_id": "8844c1aa8bfffff", "lat": 33.739129397899241, "lon": -84.444880285657604, "restaurant_accessibility": 1.7540242748177546, "park_accessibility": 3.3914567949739696, "clinic_accessibility": 0.45069140838664967, "restaurant_norm": 0.028411876987215236, "park_norm": 0.16669996731782671, "clinic_norm": 0.061417162908296456, "user_match_score": 0.055442800388708871, "suitability": 1, "suitability_label": "Okay" }, "geometry": { "type": "Polygon", "coordinates": [ [ [ -84.445142878048514, 33.734329083095119 ], [ -84.440313003331809, 33.736332264174983 ], [ -84.440050202052319, 33.7411323890136 ], [ -84.444617670294605, 33.743929594846584 ], [ -84.449448049700237, 33.741926476043126 ], [ -84.449710456145482, 33.73712608913538 ], [ -84.445142878048514, 33.734329083095119 ] ] ] } },
{ "type": "Feature", "properties": { "hex_id": "8844c1a19dfffff", "lat": 33.752269564942658, "lon": -84.515005787061341, "restaurant_accessibility": 0.0, "park_accessibility": 1.3516201089054425, "clinic_accessibility": 0.77468724682980183, "restaurant_norm": 0.0, "park_norm": 0.066436060254273122, "clinic_norm": 0.10556911437882868, "user_match_score": 0.048871251776958793, "suitability": 1, "suitability_label": "Okay" }, "geometry": { "type": "Polygon", "coordinates": [ [ [ -84.51526544921532, 33.747467463917801 ], [ -84.510432396236382, 33.749473702761307 ], [ -84.510172524864217, 33.754275614036978 ], [ -84.514746102176744, 33.757071547887797 ], [ -84.519579659608823, 33.755065370612307 ], [ -84.519839135246173, 33.750263197923182 ], [ -84.51526544921532, 33.747467463917801 ] ] ] } },
{ "type": "Feature", "properties": { "hex_id": "8844c1a1b7fffff", "lat": 33.771898580530163, "lon": -84.490318852553472, "restaurant_accessibility": 0.12347665358795692, "park_accessibility": 1.8649477658912565, "clinic_accessibility": 0.8161710436971259, "restaurant_norm": 0.0020000883356637283, "park_norm": 0.091667607879967861, "clinic_norm": 0.11122224435389431, "user_match_score": 0.054655702697386385, "suitability": 1, "suitability_label": "Okay" }, "geometry": { "type": "Polygon", "coordinates": [ [ [ -84.490579606329604, 33.767097664989137 ], [ -84.485746565888235, 33.769101934563665 ], [ -84.485485602914153, 33.773902660167529 ], [ -84.490058075951197, 33.776699377749019 ], [ -84.494891621160136, 33.774695170068597 ], [ -84.495152188535329, 33.769894182917753 ], [ -84.490579606329604, 33.767097664989137 ] ] ] } },
{ "type": "Feature", "properties": { "hex_id": "8844c1ae4bfffff", "lat": 33.776641496745263, "lon": -84.546774633823787, "restaurant_accessibility": 0.0, "park_accessibility": 0.27106693312568153, "clinic_accessibility": 0.39071038493661492, "restaurant_norm": 0.0, "park_norm": 0.01332372830459173, "clinic_norm": 0.053243356574103513, "user_match_score": 0.022629715460100577, "suitability": 2, "suitability_label": "Less Suitable" }, "geometry": { "type": "Polygon", "coordinates": [ [ [ -84.5470330120623, 33.771839013386298 ], [ -84.542197683772073, 33.773845960481481 ], [ -84.541939096093841, 33.778648254104645 ], [ -84.546516232956435, 33.781443861679477 ], [ -84.551352065766309, 33.779436975889411 ], [ -84.551610257164853, 33.77463442122464 ], [ -84.5470330120623, 33.771839013386298 ] ] ] } },
{ "type": "Feature", "properties": { "hex_id": "8844c1a021fffff", "lat": 33.701448108298912, "lon": -84.513029859442995, "restaurant_accessibility": 0.0, "park_accessibility": 1.8286842559135421, "clinic_accessibility": 0.0, "restaurant_norm": 0.0, "park_norm": 0.089885150872975064, "clinic_norm": 0.0, "user_match_score": 0.0089885150872975068, "suitability": 2, "suitability_label": "Less Suitable" }, "geometry": { "type": "Polygon", "coordinates": [ [ [ -84.513289480777601, 33.696644902078042 ], [ -84.508458813936812, 33.698652909047624 ], [ -84.508198983592123, 33.703455925746383 ], [ -84.512770215392578, 33.706251197114817 ], [ -84.517601386213855, 33.704243251572933 ], [ -84.517860821225113, 33.699439973240061 ], [ -84.513289480777601, 33.696644902078042 ] ] ] } },
{ "type": "Feature", "properties": { "hex_id": "8844c1320bfffff", "lat": 33.834297068501364, "lon": -84.373547390771591, "restaurant_accessibility": 18.126998202911562, "park_accessibility": 8.7503991441691049, "clinic_accessibility": 0.76042713319651356, "restaurant_norm": 0.29362309888334154, "park_norm": 0.4301075730973965, "clinic_norm": 0.10362584298334843, "user_match_score": 0.23127264394474981, "suitability": 0, "suitability_label": "Most Suitable" }, "geometry": { "type": "Polygon", "coordinates": [ [ [ -84.373813231955666, 33.829501076052765 ], [ -84.368981656556286, 33.831497143462478 ], [ -84.368715606392655, 33.836292945229197 ], [ -84.373281526322998, 33.839092941885703 ], [ -84.37811360768093, 33.837096937814664 ], [ -84.378379263120664, 33.832300873753553 ], [ -84.373813231955666, 33.829501076052765 ] ] ] } },
{ "type": "Feature", "properties": { "hex_id": "8844c1adcbfffff", "lat": 33.871892193085884, "lon": -84.475424191476833, "restaurant_accessibility": 11.599878348427284, "park_accessibility": 3.4857144465300554, "clinic_accessibility": 0.57528034319525534, "restaurant_norm": 0.18789609780994659, "park_norm": 0.1713330050900137, "clinic_norm": 0.078395296423428101, "user_match_score": 0.14243946798334592, "suitability": 0, "suitability_label": "Most Suitable" }, "geometry": { "type": "Polygon", "coordinates": [ [ [ -84.475685821445595, 33.867094036833976 ], [ -84.470848766952571, 33.869093866265736 ], [ -84.47058692744983, 33.873891832063656 ], [ -84.475162538586218, 33.876690229704963 ], [ -84.480000098877198, 33.87469046263962 ], [ -84.480261542204616, 33.86989223557174 ], [ -84.475685821445595, 33.867094036833976 ] ] ] } },
{ "type": "Feature", "properties": { "hex_id": "8844c1a061fffff", "lat": 33.680225686726985, "lon": -84.518898334320482, "restaurant_accessibility": 0.0, "park_accessibility": 2.0162124727324335, "clinic_accessibility": 0.49311520791636898, "restaurant_norm": 0.0, "park_norm": 0.099102708254572042, "clinic_norm": 0.067198390059337171, "user_match_score": 0.03678962684919207, "suitability": 1, "suitability_label": "Okay" }, "geometry": { "type": "Polygon", "coordinates": [ [ [ -84.519157655871751, 33.675421822120946 ], [ -84.514327739017091, 33.677430904415246 ], [ -84.514068208516107, 33.682234579620797 ], [ -84.518638990083161, 33.68502943420544 ], [ -84.523469410686516, 33.683020413208254 ], [ -84.523728545945062, 33.678216476334477 ], [ -84.519157655871751, 33.675421822120946 ] ] ] } },
{ "type": "Feature", "properties": { "hex_id": "8844c1ad45fffff", "lat": 33.817119404061273, "lon": -84.426439245648339, "restaurant_accessibility": 3.8307575733706658, "park_accessibility": 2.8953625519543906, "clinic_accessibility": 1.438585469700415, "restaurant_norm": 0.06205103002565858, "park_norm": 0.14231549212106676, "clinic_norm": 0.19604065332947174, "user_match_score": 0.12367332555672467, "suitability": 0, "suitability_label": "Most Suitable" }, "geometry": { "type": "Polygon", "coordinates": [ [ [ -84.42670281037222, 33.812321434774908 ], [ -84.421870061971163, 33.814320809822298 ], [ -84.421606288124536, 33.81911858871252 ], [ -84.426175657853605, 33.821917254472737 ], [ -84.431008911780893, 33.819917942144805 ], [ -84.431272290423621, 33.815119901342335 ], [ -84.42670281037222, 33.812321434774908 ] ] ] } },
{ "type": "Feature", "properties": { "hex_id": "8844c1aa9bfffff", "lat": 33.755117861119977, "lon": -84.46289236105396, "restaurant_accessibility": 0.0, "park_accessibility": 1.3754557790401216, "clinic_accessibility": 0.95971359762664987, "restaurant_norm": 0.0, "park_norm": 0.067607652780039024, "clinic_norm": 0.13078324830229718, "user_match_score": 0.059074064598922782, "suitability": 1, "suitability_label": "Okay" }, "geometry": { "type": "Polygon", "coordinates": [ [ [ -84.463154232310643, 33.750317376190864 ], [ -84.458322965659335, 33.752320878270815 ], [ -84.458060885379581, 33.757121173231774 ], [ -84.462630466881691, 33.759918227968171 ], [ -84.467462238281911, 33.757914788022653 ], [ -84.467723923401962, 33.753114231211455 ], [ -84.463154232310643, 33.750317376190864 ] ] ] } },
{ "type": "Feature", "properties": { "hex_id": "8844c1aee3fffff", "lat": 33.841859383154862, "lon": -84.547993518645526, "restaurant_accessibility": 0.0, "park_accessibility": 1.7539707531334234, "clinic_accessibility": 0.9040723145785744, "restaurant_norm": 0.0, "park_norm": 0.08621276486761488, "clinic_norm": 0.12320083230367991, "user_match_score": 0.057901609408233454, "suitability": 1, "suitability_label": "Okay" }, "geometry": { "type": "Polygon", "coordinates": [ [ [ -84.548252004255374, 33.837058373476232 ], [ -84.543413656419048, 33.839062980697157 ], [ -84.543154961106879, 33.84386380034509 ], [ -84.547735010383292, 33.846660273545233 ], [ -84.552573863353928, 33.844655727820907 ], [ -84.55283216188468, 33.839854647405126 ], [ -84.548252004255374, 33.837058373476232 ] ] ] } },
{ "type": "Feature", "properties": { "hex_id": "8844c1a307fffff", "lat": 33.649831221810267, "lon": -84.50165896799102, "restaurant_accessibility": 3.7542260984033051, "park_accessibility": 0.60317941416451359, "clinic_accessibility": 1.0773651776895599, "restaurant_norm": 0.060811364826242387, "park_norm": 0.029648022872360381, "clinic_norm": 0.14681600624860169, "user_match_score": 0.092096887199797917, "suitability": 0, "suitability_label": "Most Suitable" }, "geometry": { "type": "Polygon", "coordinates": [ [ [ -84.501918943320661, 33.645027179498193 ], [ -84.497091040962914, 33.647036507198401 ], [ -84.496830856871128, 33.65184036018276 ], [ -84.501398969927578, 33.654635147409969 ], [ -84.50622737583484, 33.652625881093776 ], [ -84.506487165107103, 33.647821766171482 ], [ -84.501918943320661, 33.645027179498193 ] ] ] } },
{ "type": "Feature", "properties": { "hex_id": "8844c1ab2bfffff", "lat": 33.685578619868302, "lon": -84.32521756992027, "restaurant_accessibility": 0.38345410129650503, "park_accessibility": 1.4855620831844507, "clinic_accessibility": 0.0, "restaurant_norm": 0.0062112314593886905, "park_norm": 0.073019697931122021, "clinic_norm": 0.0, "user_match_score": 0.010407585522806549, "suitability": 2, "suitability_label": "Less Suitable" }, "geometry": { "type": "Polygon", "coordinates": [ [ [ -84.325485074904847, 33.680780663269175 ], [ -84.320662066615682, 33.682779776259991 ], [ -84.320394353430316, 33.687577542670049 ], [ -84.32495004156705, 33.690376459401861 ], [ -84.329773554638493, 33.688377409795997 ], [ -84.330040874761693, 33.683579380078328 ], [ -84.325485074904847, 33.680780663269175 ] ] ] } },
{ "type": "Feature", "properties": { "hex_id": "8844c1a85dfffff", "lat": 33.719957781407082, "lon": -84.389310086018881, "restaurant_accessibility": 1.8270409380461177, "park_accessibility": 7.1605068497735074, "clinic_accessibility": 1.7394215012743088, "restaurant_norm": 0.02959460888177623, "park_norm": 0.35195974178567696, "clinic_norm": 0.23703654367936766, "user_match_score": 0.1448078960912029, "suitability": 0, "suitability_label": "Most Suitable" }, "geometry": { "type": "Polygon", "coordinates": [ [ [ -84.389574975784825, 33.715158687692366 ], [ -84.384748026662706, 33.717159769132522 ], [ -84.384482928304763, 33.721958672751313 ], [ -84.389045173093876, 33.724756757557259 ], [ -84.393872627004527, 33.722755738926757 ], [ -84.394137331308343, 33.717956572685708 ], [ -84.389574975784825, 33.715158687692366 ] ] ] } },
{ "type": "Feature", "properties": { "hex_id": "8844c1a18bfffff", "lat": 33.74467167344617, "lon": -84.510692244862966, "restaurant_accessibility": 0.0, "park_accessibility": 1.1559916725346719, "clinic_accessibility": 0.70150583225578655, "restaurant_norm": 0.0, "park_norm": 0.056820353517930841, "clinic_norm": 0.095596448432430273, "user_match_score": 0.043920614724765196, "suitability": 1, "suitability_label": "Okay" }, "geometry": { "type": "Polygon", "coordinates": [ [ [ -84.510952070746967, 33.739869526154962 ], [ -84.506119522171232, 33.741875826588561 ], [ -84.505859487116069, 33.746677784148581 ], [ -84.510432396236382, 33.749473702761307 ], [ -84.51526544921532, 33.747467463917801 ], [ -84.515525088641681, 33.742665244876655 ], [ -84.510952070746967, 33.739869526154962 ] ] ] } },
{ "type": "Feature", "properties": { "hex_id": "8844c1aa09fffff", "lat": 33.678349602169398, "lon": -84.410467494283779, "restaurant_accessibility": 0.99176420266683996, "park_accessibility": 3.3184691183876951, "clinic_accessibility": 0.7098643844801884, "restaurant_norm": 0.016064704993562062, "park_norm": 0.16311241069037175, "clinic_norm": 0.096735495137317051, "user_match_score": 0.063037791620745035, "suitability": 1, "suitability_label": "Okay" }, "geometry": { "type": "Polygon", "coordinates": [ [ [ -84.410731388038286, 33.673548927824854 ], [ -84.405905549020162, 33.675552607901722 ], [ -84.405641446752952, 33.680353092425676 ], [ -84.410203577462639, 33.683150159485812 ], [ -84.415029920766671, 33.681146541859597 ], [ -84.415293629045991, 33.676345794727652 ], [ -84.410731388038286, 33.673548927824854 ] ] ] } },
{ "type": "Feature", "properties": { "hex_id": "8844c1af6dfffff", "lat": 33.767928809515283, "lon": -84.443304248793552, "restaurant_accessibility": 0.0, "park_accessibility": 4.2154656136713546, "clinic_accessibility": 0.61074787686700904, "restaurant_norm": 0.0, "park_norm": 0.20720239782203409, "clinic_norm": 0.083228570927753251, "user_match_score": 0.054011668153304715, "suitability": 1, "suitability_label": "Okay" }, "geometry": { "type": "Polygon", "coordinates": [ [ [ -84.443566979061927, 33.763129202801679 ], [ -84.438735850745744, 33.765131243741479 ], [ -84.438472911481554, 33.769930660350816 ], [ -84.443041495535084, 33.772728297992195 ], [ -84.447873128822408, 33.770726319436783 ], [ -84.448135673055916, 33.765926640860762 ], [ -84.443566979061927, 33.763129202801679 ] ] ] } },
{ "type": "Feature", "properties": { "hex_id": "8844c13247fffff", "lat": 33.819105345681891, "lon": -84.364948806806083, "restaurant_accessibility": 8.6584216465291899, "park_accessibility": 7.9933468458904526, "clinic_accessibility": 1.4750036251363796, "restaurant_norm": 0.14025006053590044, "park_norm": 0.39289625035020354, "clinic_norm": 0.20100347210881583, "user_match_score": 0.18981604414649692, "suitability": 0, "suitability_label": "Most Suitable" }, "geometry": { "type": "Polygon", "coordinates": [ [ [ -84.365214972767262, 33.814309258815555 ], [ -84.36038440913228, 33.816305452969267 ], [ -84.360118034285847, 33.821101349189433 ], [ -84.364682617556838, 33.823901313690492 ], [ -84.369513687048567, 33.821905182919885 ], [ -84.369779667383284, 33.817109024270188 ], [ -84.365214972767262, 33.814309258815555 ] ] ] } },
{ "type": "Feature", "properties": { "hex_id": "8844c13001fffff", "lat": 33.881011655515145, "lon": -84.328457684679378, "restaurant_accessibility": 2.9018694120592077, "park_accessibility": 2.6007961788465535, "clinic_accessibility": 0.17437039186799536, "restaurant_norm": 0.047004798024790857, "park_norm": 0.12783669798080877, "clinic_norm": 0.023762012242648716, "user_match_score": 0.04579087370753579, "suitability": 1, "suitability_label": "Okay" }, "geometry": { "type": "Polygon", "coordinates": [ [ [ -84.328725546864419, 33.876218096776128 ], [ -84.323893512550868, 33.878210156402055 ], [ -84.32362544138239, 33.883003524070723 ], [ -84.328189799050691, 33.885805094606155 ], [ -84.333022339996276, 33.883813098946341 ], [ -84.333290016612182, 33.879019468790034 ], [ -84.328725546864419, 33.876218096776128 ] ] ] } },
{ "type": "Feature", "properties": { "hex_id": "8844c1329dfffff", "lat": 33.895062665421335, "lon": -84.407974977586079, "restaurant_accessibility": 0.0, "park_accessibility": 0.39829953701495513, "clinic_accessibility": 0.0, "restaurant_norm": 0.0, "park_norm": 0.019577580909034741, "clinic_norm": 0.0, "user_match_score": 0.001957758090903474, "suitability": 2, "suitability_label": "Less Suitable" }, "geometry": { "type": "Polygon", "coordinates": [ [ [ -84.408239516830065, 33.890267058190659 ], [ -84.403403892338332, 33.892262619516075 ], [ -84.403139143737135, 33.897058035922839 ], [ -84.407710415172119, 33.899858152762057 ], [ -84.412546546029091, 33.897862654596224 ], [ -84.412810899056481, 33.893066976436764 ], [ -84.408239516830065, 33.890267058190659 ] ] ] } },
{ "type": "Feature", "properties": { "hex_id": "8844c1ae01fffff", "lat": 33.797065845325719, "lon": -84.531491122053069, "restaurant_accessibility": 0.23166478888571695, "park_accessibility": 2.5085530876659612, "clinic_accessibility": 0.67200811911953873, "restaurant_norm": 0.0037525315804275623, "park_norm": 0.12330268171149107, "clinic_norm": 0.091576700508687089, "user_match_score": 0.050837214164837732, "suitability": 1, "suitability_label": "Okay" }, "geometry": { "type": "Polygon", "coordinates": [ [ [ -84.531750196634263, 33.792264286931847 ], [ -84.526914497270951, 33.794269710104032 ], [ -84.526655213229674, 33.799071078607618 ], [ -84.531232024780309, 33.801867285035371 ], [ -84.536068228937339, 33.799861923396094 ], [ -84.536327116720898, 33.795060293801399 ], [ -84.531750196634263, 33.792264286931847 ] ] ] } },
{ "type": "Feature", "properties": { "hex_id": "8844c1a893fffff", "lat": 33.809522912097371, "lon": -84.422133812732085, "restaurant_accessibility": 6.9980642433964588, "park_accessibility": 3.8185554309006737, "clinic_accessibility": 2.1768373916219841, "restaurant_norm": 0.11335540977770571, "park_norm": 0.18769310771577669, "clinic_norm": 0.29664460918993374, "user_match_score": 0.19410485933640403, "suitability": 0, "suitability_label": "Most Suitable" }, "geometry": { "type": "Polygon", "coordinates": [ [ [ -84.422397540410287, 33.804724895600884 ], [ -84.417565297484927, 33.806724333389944 ], [ -84.417301360731088, 33.811522159508144 ], [ -84.421870061971163, 33.814320809822298 ], [ -84.42670281037222, 33.812321434774908 ], [ -84.426966352028245, 33.807523346676824 ], [ -84.422397540410287, 33.804724895600884 ] ] ] } },
{ "type": "Feature", "properties": { "hex_id": "8844c1aa6bfffff", "lat": 33.669958455953996, "lon": -84.396783102077521, "restaurant_accessibility": 1.5915590110601421, "park_accessibility": 2.7410662842888214, "clinic_accessibility": 0.44281303066965538, "restaurant_norm": 0.025780246881037621, "park_norm": 0.13473138171304652, "clinic_norm": 0.060343551122729377, "user_match_score": 0.050500682060915222, "suitability": 1, "suitability_label": "Okay" }, "geometry": { "type": "Polygon", "coordinates": [ [ [ -84.397047551993992, 33.665158000243103 ], [ -84.392222600361833, 33.667161298433903 ], [ -84.391957942020085, 33.671961564309129 ], [ -84.396518629050021, 33.674758794757352 ], [ -84.401344084957515, 33.672755559136597 ], [ -84.401608349530591, 33.667955030502597 ], [ -84.397047551993992, 33.665158000243103 ] ] ] } },
{ "type": "Feature", "properties": { "hex_id": "8844c13243fffff", "lat": 33.819908734215218, "lon": -84.374344844542392, "restaurant_accessibility": 7.3027645480846815, "park_accessibility": 8.9260008507985873, "clinic_accessibility": 1.669189619206831, "restaurant_norm": 0.11829097862875154, "park_norm": 0.43873890780862462, "clinic_norm": 0.22746581998233628, "user_match_score": 0.19400570808817275, "suitability": 0, "suitability_label": "Most Suitable" }, "geometry": { "type": "Polygon", "coordinates": [ [ [ -84.374610615951156, 33.815112384952457 ], [ -84.369779667383284, 33.817109024270188 ], [ -84.369513687048567, 33.821905182919885 ], [ -84.374079049878262, 33.824704964603015 ], [ -84.378910504263189, 33.822708388570426 ], [ -84.379176089972063, 33.817911967574624 ], [ -84.374610615951156, 33.815112384952457 ] ] ] } },
{ "type": "Feature", "properties": { "hex_id": "8844c1335bfffff", "lat": 33.823481071887365, "lon": -84.33167048449539, "restaurant_accessibility": 6.2812368827605916, "park_accessibility": 4.2485782039123361, "clinic_accessibility": 2.6722615759779451, "restaurant_norm": 0.10174416181275235, "park_norm": 0.20882997795785077, "clinic_norm": 0.36415765087009833, "user_match_score": 0.21741813905020058, "suitability": 0, "suitability_label": "Most Suitable" }, "geometry": { "type": "Polygon", "coordinates": [ [ [ -84.33193806559558, 33.81868608228465 ], [ -84.327108537690407, 33.820680432973752 ], [ -84.326840747820995, 33.825475231780338 ], [ -84.331402879988275, 33.82827594259804 ], [ -84.336232913958952, 33.826281655661411 ], [ -84.336500309667485, 33.821486594159644 ], [ -84.33193806559558, 33.81868608228465 ] ] ] } },
{ "type": "Feature", "properties": { "hex_id": "8844c1aee5fffff", "lat": 33.833470002728816, "lon": -84.534255379340948, "restaurant_accessibility": 0.12469349561412442, "park_accessibility": 1.9696517122612482, "clinic_accessibility": 0.59249640942048942, "restaurant_norm": 0.0020197988758521969, "park_norm": 0.096814111430828825, "clinic_norm": 0.080741384953893519, "user_match_score": 0.04298786456256639, "suitability": 1, "suitability_label": "Okay" }, "geometry": { "type": "Polygon", "coordinates": [ [ [ -84.534514425923163, 33.82866920553478 ], [ -84.529676964453841, 33.830673427379175 ], [ -84.52941770825673, 33.835474034526705 ], [ -84.53399631006134, 33.838270680755315 ], [ -84.538834276656772, 33.836266520528298 ], [ -84.539093136292337, 33.831465652460579 ], [ -84.534514425923163, 33.82866920553478 ] ] ] } },
{ "type": "Feature", "properties": { "hex_id": "8844c1a959fffff", "lat": 33.715164901464647, "lon": -84.332993994550563, "restaurant_accessibility": 0.12575774117059435, "park_accessibility": 2.9475599287672947, "clinic_accessibility": 0.0, "restaurant_norm": 0.0020370376417397193, "park_norm": 0.14488114503508365, "clinic_norm": 0.0, "user_match_score": 0.015506633324378225, "suitability": 2, "suitability_label": "Less Suitable" }, "geometry": { "type": "Polygon", "coordinates": [ [ [ -84.333261246494999, 33.710367385035894 ], [ -84.328436603652506, 33.712365800532567 ], [ -84.328169143359958, 33.717163126666485 ], [ -84.33272671925171, 33.719962300431085 ], [ -84.337551867119473, 33.717963948330684 ], [ -84.337818934040953, 33.713166359074407 ], [ -84.333261246494999, 33.710367385035894 ] ] ] } },
{ "type": "Feature", "properties": { "hex_id": "8844c1af27fffff", "lat": 33.803523261799796, "lon": -84.436631692240482, "restaurant_accessibility": 3.5973448689682122, "park_accessibility": 3.6879541092448798, "clinic_accessibility": 1.2087958516425059, "restaurant_norm": 0.058270185518575122, "park_norm": 0.18127367283341281, "clinic_norm": 0.16472648548806881, "user_match_score": 0.11315305423785638, "suitability": 0, "suitability_label": "Most Suitable" }, "geometry": { "type": "Polygon", "coordinates": [ [ [ -84.436894792623704, 33.798724674337322 ], [ -84.432062288046055, 33.800725066076225 ], [ -84.431798978553189, 33.805523463244853 ], [ -84.436368568828257, 33.808321730559754 ], [ -84.441201578750395, 33.806321401388672 ], [ -84.441464493023759, 33.801522742339998 ], [ -84.436894792623704, 33.798724674337322 ] ] ] } },
{ "type": "Feature", "properties": { "hex_id": "8844c1aea9fffff", "lat": 33.848664500681743, "lon": -84.542896243124332, "restaurant_accessibility": 0.0, "park_accessibility": 1.922419733125059, "clinic_accessibility": 0.87745199681932806, "restaurant_norm": 0.0, "park_norm": 0.094492522257106373, "clinic_norm": 0.11957319627142694, "user_match_score": 0.057278530734281415, "suitability": 1, "suitability_label": "Okay" }, "geometry": { "type": "Polygon", "coordinates": [ [ [ -84.543154961106879, 33.84386380034509 ], [ -84.538316489335472, 33.845867898977204 ], [ -84.538057561643782, 33.850668409231858 ], [ -84.542637502468452, 33.853465081643883 ], [ -84.547476479465715, 33.85146104458412 ], [ -84.547735010383292, 33.846660273545233 ], [ -84.543154961106879, 33.84386380034509 ] ] ] } },
{ "type": "Feature", "properties": { "hex_id": "8844c13159fffff", "lat": 33.863390976702021, "lon": -84.291688466634483, "restaurant_accessibility": 0.84800274865186509, "park_accessibility": 3.026511108176213, "clinic_accessibility": 0.38993036623080907, "restaurant_norm": 0.013736041242656418, "park_norm": 0.14876182517427192, "clinic_norm": 0.053137060924720071, "user_match_score": 0.042999027508643428, "suitability": 1, "suitability_label": "Okay" }, "geometry": { "type": "Polygon", "coordinates": [ [ [ -84.291957835344292, 33.858598110254917 ], [ -84.287127974148149, 33.860588963237227 ], [ -84.286858396672287, 33.8653816385509 ], [ -84.291419074359752, 33.868183723759266 ], [ -84.296249442202395, 33.866192935081251 ], [ -84.296518625681657, 33.861399996895571 ], [ -84.291957835344292, 33.858598110254917 ] ] ] } },
{ "type": "Feature", "properties": { "hex_id": "8844c1a02bfffff", "lat": 33.702234988390011, "lon": -84.522432642911099, "restaurant_accessibility": 0.0, "park_accessibility": 1.7544177405635593, "clinic_accessibility": 0.0, "restaurant_norm": 0.0, "park_norm": 0.086234735600105278, "clinic_norm": 0.0, "user_match_score": 0.0086234735600105288, "suitability": 2, "suitability_label": "Less Suitable" }, "geometry": { "type": "Polygon", "coordinates": [ [ [ -84.522691868872059, 33.697431520568649 ], [ -84.517860821225113, 33.699439973240061 ], [ -84.517601386213855, 33.704243251572933 ], [ -84.522173394267128, 33.707038338789445 ], [ -84.527004945853321, 33.705029947447649 ], [ -84.527263985417932, 33.700226407564898 ], [ -84.522691868872059, 33.697431520568649 ] ] ] } },
{ "type": "Feature", "properties": { "hex_id": "8844c1aaebfffff", "lat": 33.723140504385199, "lon": -84.426877382207437, "restaurant_accessibility": 0.89715748921213156, "park_accessibility": 5.1921754375048863, "clinic_accessibility": 0.5514789274782983, "restaurant_norm": 0.014532255104794601, "park_norm": 0.25521052694027624, "clinic_norm": 0.075151801208444238, "user_match_score": 0.062847900729802619, "suitability": 1, "suitability_label": "Okay" }, "geometry": { "type": "Polygon", "coordinates": [ [ [ -84.427140694912481, 33.718340360816079 ], [ -84.422312212292908, 33.720343221471182 ], [ -84.422048690833776, 33.725143175077548 ], [ -84.426614046473944, 33.72794053032171 ], [ -84.431443033722047, 33.725937732084724 ], [ -84.431706160672292, 33.721137516190559 ], [ -84.427140694912481, 33.718340360816079 ] ] ] } },
{ "type": "Feature", "properties": { "hex_id": "8844c106d1fffff", "lat": 33.769505527624773, "lon": -84.292245469560882, "restaurant_accessibility": 17.683430802188536, "park_accessibility": 5.9604447566523362, "clinic_accessibility": 2.5012143277390022, "restaurant_norm": 0.28643814562709835, "park_norm": 0.29297319889380524, "clinic_norm": 0.340848494062089, "user_match_score": 0.30885579032776533, "suitability": 0, "suitability_label": "Most Suitable" }, "geometry": { "type": "Polygon", "coordinates": [ [ [ -84.292514576028054, 33.764710477285654 ], [ -84.287688975320236, 33.76670483076439 ], [ -84.287419660454731, 33.77149969040007 ], [ -84.291976339572486, 33.774300459811627 ], [ -84.296802446026192, 33.772306170336947 ], [ -84.297071367586895, 33.767511047451627 ], [ -84.292514576028054, 33.764710477285654 ] ] ] } },
{ "type": "Feature", "properties": { "hex_id": "8844c1ab2dfffff", "lat": 33.677181928321019, "lon": -84.311552504172568, "restaurant_accessibility": 0.75894904525983464, "park_accessibility": 1.1084924315705109, "clinic_accessibility": 0.0, "restaurant_norm": 0.012293539618046228, "park_norm": 0.05448562764789127, "clinic_norm": 0.0, "user_match_score": 0.011595332573812241, "suitability": 2, "suitability_label": "Less Suitable" }, "geometry": { "type": "Polygon", "coordinates": [ [ [ -84.311820563477639, 33.672384191348144 ], [ -84.306998444996523, 33.674382924150066 ], [ -84.306730177578331, 33.679180470919036 ], [ -84.311284421454673, 33.681979548348771 ], [ -84.31610704470603, 33.679980879050945 ], [ -84.316374919281543, 33.675183068824239 ], [ -84.311820563477639, 33.672384191348144 ] ] ] } },
{ "type": "Feature", "properties": { "hex_id": "8844c1aa17fffff", "lat": 33.707945768367473, "lon": -84.41827486907043, "restaurant_accessibility": 0.31025243259792845, "park_accessibility": 4.1122335946761241, "clinic_accessibility": 0.69219615653502675, "restaurant_norm": 0.0050255028259928187, "park_norm": 0.20212824378352148, "clinic_norm": 0.094327789079876587, "user_match_score": 0.060456691423299194, "suitability": 1, "suitability_label": "Okay" }, "geometry": { "type": "Polygon", "coordinates": [ [ [ -84.418538507045923, 33.703145534669879 ], [ -84.413711033532181, 33.705148520226665 ], [ -84.413447186896619, 33.709948563997713 ], [ -84.418011208042884, 33.71274588463956 ], [ -84.422839186084317, 33.71074296154449 ], [ -84.423102638422634, 33.705942655350938 ], [ -84.418538507045923, 33.703145534669879 ] ] ] } },
{ "type": "Feature", "properties": { "hex_id": "8844c1a837fffff", "lat": 33.760743611189284, "lon": -84.358751120105737, "restaurant_accessibility": 34.131043005898825, "park_accessibility": 15.32751385857876, "clinic_accessibility": 3.9502792305484338, "restaurant_norm": 0.55285836647255426, "park_norm": 0.75339189432552578, "clinic_norm": 0.53831721333305949, "user_match_score": 0.56709525800205351, "suitability": 0, "suitability_label": "Most Suitable" }, "geometry": { "type": "Polygon", "coordinates": [ [ [ -84.359017400894032, 33.75594636564098 ], [ -84.354189727135648, 33.75794440108583 ], [ -84.353923237716899, 33.762741456230806 ], [ -84.358484816033268, 33.765540738654884 ], [ -84.363312995122499, 33.763542766475695 ], [ -84.363579090535254, 33.758745448611798 ], [ -84.359017400894032, 33.75594636564098 ] ] ] } },
{ "type": "Feature", "properties": { "hex_id": "8844c13285fffff", "lat": 33.885857002416756, "lon": -84.384858890022727, "restaurant_accessibility": 2.4643016783745324, "park_accessibility": 1.5662262542418537, "clinic_accessibility": 0.17783620239254538, "restaurant_norm": 0.039917028031234036, "park_norm": 0.076984576592975029, "clinic_norm": 0.024234309352455088, "user_match_score": 0.037350695415896557, "suitability": 1, "suitability_label": "Okay" }, "geometry": { "type": "Polygon", "coordinates": [ [ [ -84.385124382930911, 33.88106187019897 ], [ -84.38029003450815, 33.883056602904745 ], [ -84.380024332371491, 33.887851544250125 ], [ -84.38459337386719, 33.890652014882455 ], [ -84.389428228684423, 33.888657345554925 ], [ -84.389693535582154, 33.883862142221929 ], [ -84.385124382930911, 33.88106187019897 ] ] ] } },
{ "type": "Feature", "properties": { "hex_id": "8844c1ac45fffff", "lat": 33.822698521198504, "lon": -84.492284692298867, "restaurant_accessibility": 0.55331663840378931, "park_accessibility": 2.0745249124883487, "clinic_accessibility": 0.45593396376372747, "restaurant_norm": 0.0089626834080966892, "park_norm": 0.10196893430113101, "clinic_norm": 0.062131582734497183, "user_match_score": 0.039530868227960321, "suitability": 1, "suitability_label": "Okay" }, "geometry": { "type": "Polygon", "coordinates": [ [ [ -84.492545487920566, 33.817898720520411 ], [ -84.487710058861609, 33.819901217773975 ], [ -84.487449053833615, 33.824700828289359 ], [ -84.492023873836104, 33.827498202881308 ], [ -84.496859808136435, 33.825495767660463 ], [ -84.497120417163742, 33.820695895820158 ], [ -84.492545487920566, 33.817898720520411 ] ] ] } },
{ "type": "Feature", "properties": { "hex_id": "8844c1aa35fffff", "lat": 33.705560147822737, "lon": -84.390104685851682, "restaurant_accessibility": 0.0, "park_accessibility": 4.7728049152682219, "clinic_accessibility": 0.631615432629692, "restaurant_norm": 0.0, "park_norm": 0.23459724581149557, "clinic_norm": 0.086072259642305249, "user_match_score": 0.05788862843807166, "suitability": 1, "suitability_label": "Okay" }, "geometry": { "type": "Polygon", "coordinates": [ [ [ -84.390369506158606, 33.700760701794486 ], [ -84.385543182705575, 33.702762353383406 ], [ -84.385278153860099, 33.70756160938523 ], [ -84.38983984239475, 33.710359476476476 ], [ -84.394666670495297, 33.708357887642848 ], [ -84.394931305384503, 33.70355836896772 ], [ -84.390369506158606, 33.700760701794486 ] ] ] } },
{ "type": "Feature", "properties": { "hex_id": "8844c1ad4dfffff", "lat": 33.81032174168795, "lon": -84.431535646013387, "restaurant_accessibility": 5.0438476445332538, "park_accessibility": 3.1220181495838104, "clinic_accessibility": 1.3691454423219367, "restaurant_norm": 0.081700795636721585, "park_norm": 0.15345627409217152, "clinic_norm": 0.18657783820919377, "user_match_score": 0.13082716051125545, "suitability": 0, "suitability_label": "Most Suitable" }, "geometry": { "type": "Polygon", "coordinates": [ [ [ -84.431798978553189, 33.805523463244853 ], [ -84.426966352028245, 33.807523346676824 ], [ -84.42670281037222, 33.812321434774908 ], [ -84.431272290423621, 33.815119901342335 ], [ -84.436105422383946, 33.813120080554015 ], [ -84.436368568828257, 33.808321730559754 ], [ -84.431798978553189, 33.805523463244853 ] ] ] } },
{ "type": "Feature", "properties": { "hex_id": "8844c1aac1fffff", "lat": 33.717130587288565, "lon": -84.44136397861061, "restaurant_accessibility": 0.0, "park_accessibility": 2.8997274554021391, "clinic_accessibility": 0.37056910349031369, "restaurant_norm": 0.0, "park_norm": 0.1425300398231526, "clinic_norm": 0.050498639588710953, "user_match_score": 0.034452459817799638, "suitability": 2, "suitability_label": "Less Suitable" }, "geometry": { "type": "Polygon", "coordinates": [ [ [ -84.44162666498552, 33.712329874000794 ], [ -84.436797921325009, 33.71433368708233 ], [ -84.43653502616209, 33.719134210492165 ], [ -84.441101269260784, 33.72193118301324 ], [ -84.445930517418887, 33.719927432175815 ], [ -84.446193017951558, 33.715126646578298 ], [ -84.44162666498552, 33.712329874000794 ] ] ] } },
{ "type": "Feature", "properties": { "hex_id": "8844c1ac25fffff", "lat": 33.849102852269439, "lon": -84.462485866454955, "restaurant_accessibility": 1.4684278858203419, "park_accessibility": 0.58493609277499181, "clinic_accessibility": 0.45862961885343312, "restaurant_norm": 0.02378575545133715, "park_norm": 0.028751310555721468, "clinic_norm": 0.062498928294470665, "user_match_score": 0.03976758009902899, "suitability": 1, "suitability_label": "Okay" }, "geometry": { "type": "Polygon", "coordinates": [ [ [ -84.462747987200615, 33.844304550580112 ], [ -84.457912449799494, 33.8463045672462 ], [ -84.457650119661366, 33.851102678534737 ], [ -84.462223722751631, 33.853901034635982 ], [ -84.467059765799704, 33.851901080403806 ], [ -84.467321700081342, 33.84710270764166 ], [ -84.462747987200615, 33.844304550580112 ] ] ] } },
{ "type": "Feature", "properties": { "hex_id": "8844c1328bfffff", "lat": 33.88746708325953, "lon": -84.40366861775469, "restaurant_accessibility": 0.12585339287080832, "park_accessibility": 0.77754282692637333, "clinic_accessibility": 0.0, "restaurant_norm": 0.002038587018438271, "park_norm": 0.038218491837762561, "clinic_norm": 0.0, "user_match_score": 0.0048411426929953916, "suitability": 2, "suitability_label": "Less Suitable" }, "geometry": { "type": "Polygon", "coordinates": [ [ [ -84.403933319989235, 33.882671427216231 ], [ -84.399098201811924, 33.884667051723753 ], [ -84.398833290267405, 33.889462516960826 ], [ -84.403403892338332, 33.892262619516075 ], [ -84.408239516830065, 33.890267058190659 ], [ -84.408504032907132, 33.885471331133061 ], [ -84.403933319989235, 33.882671427216231 ] ] ] } },
{ "type": "Feature", "properties": { "hex_id": "8844c13231fffff", "lat": 33.854669290539675, "lon": -84.358252757624186, "restaurant_accessibility": 6.1312510018272954, "park_accessibility": 4.395622998242958, "clinic_accessibility": 0.94002395275120432, "restaurant_norm": 0.099314674114049498, "park_norm": 0.21605765735671495, "clinic_norm": 0.12810007728013229, "user_match_score": 0.12250313370474916, "suitability": 0, "suitability_label": "Most Suitable" }, "geometry": { "type": "Polygon", "coordinates": [ [ [ -84.358519295676118, 33.849874227808691 ], [ -84.353687357661414, 33.85186876888779 ], [ -84.353420610610669, 33.856663640784312 ], [ -84.35798619624498, 33.859464233948586 ], [ -84.362818640490062, 33.857469756435236 ], [ -84.363084992841152, 33.852674622196943 ], [ -84.358519295676118, 33.849874227808691 ] ] ] } },
{ "type": "Feature", "properties": { "hex_id": "8844c1acedfffff", "lat": 33.874284847827937, "lon": -84.503668339541036, "restaurant_accessibility": 1.9611673404710035, "park_accessibility": 4.9687362545637184, "clinic_accessibility": 1.4186964328235068, "restaurant_norm": 0.031767203013536194, "park_norm": 0.2442278411077414, "clinic_norm": 0.19333031052011818, "user_match_score": 0.11763850982558952, "suitability": 0, "suitability_label": "Most Suitable" }, "geometry": { "type": "Polygon", "coordinates": [ [ [ -84.503928780520624, 33.869485908118463 ], [ -84.499090578031712, 33.871487077700181 ], [ -84.498829927396685, 33.876285827055824 ], [ -84.503407875738347, 33.879083667852719 ], [ -84.508246583901936, 33.877082560342728 ], [ -84.508506838019969, 33.87228354996936 ], [ -84.503928780520624, 33.869485908118463 ] ] ] } },
{ "type": "Feature", "properties": { "hex_id": "8844c1a323fffff", "lat": 33.655857685133356, "lon": -84.487174892884966, "restaurant_accessibility": 1.0128783615520232, "park_accessibility": 1.3242425948825671, "clinic_accessibility": 0.64233824263563455, "restaurant_norm": 0.016406714447790779, "park_norm": 0.065090375798077152, "clinic_norm": 0.087533491333690622, "user_match_score": 0.049725791337179359, "suitability": 1, "suitability_label": "Okay" }, "geometry": { "type": "Polygon", "coordinates": [ [ [ -84.487435494467505, 33.651054210889882 ], [ -84.482607850462344, 33.653062586883429 ], [ -84.482347040151211, 33.657865871713739 ], [ -84.486914268515079, 33.660661042594384 ], [ -84.491742416201433, 33.658652728159147 ], [ -84.492002831813693, 33.653849181290077 ], [ -84.487435494467505, 33.651054210889882 ] ] ] } },
{ "type": "Feature", "properties": { "hex_id": "8844c1a803fffff", "lat": 33.740354367285342, "lon": -84.374032190056624, "restaurant_accessibility": 14.404981860441303, "park_accessibility": 12.704876627291409, "clinic_accessibility": 3.8096786962240339, "restaurant_norm": 0.23333347120549353, "park_norm": 0.62448164508100534, "clinic_norm": 0.51915712782686552, "user_match_score": 0.38677775124159353, "suitability": 0, "suitability_label": "Most Suitable" }, "geometry": { "type": "Polygon", "coordinates": [ [ [ -84.374297775211033, 33.735556197034562 ], [ -84.369470463450682, 33.737555755826776 ], [ -84.369204669685004, 33.742353735827784 ], [ -84.373766581680627, 33.745152419712348 ], [ -84.378594398500709, 33.743152923957879 ], [ -84.378859798236206, 33.738354681286125 ], [ -84.374297775211033, 33.735556197034562 ] ] ] } },
{ "type": "Feature", "properties": { "hex_id": "8844c132ebfffff", "lat": 33.871471246759178, "lon": -84.385655299017316, "restaurant_accessibility": 4.4680979171299962, "park_accessibility": 2.9687243271120485, "clinic_accessibility": 0.22818829951968331, "restaurant_norm": 0.072374738600194138, "park_norm": 0.14592143678156866, "clinic_norm": 0.031095951031186057, "user_match_score": 0.063217893390728364, "suitability": 1, "suitability_label": "Okay" }, "geometry": { "type": "Polygon", "coordinates": [ [ [ -84.385920722201618, 33.866675755663188 ], [ -84.381087001356931, 33.868671060849152 ], [ -84.380821368997829, 33.873466361141254 ], [ -84.385389852594756, 33.876266618292107 ], [ -84.390224079692274, 33.874271376431217 ], [ -84.390489316910717, 33.869475814099523 ], [ -84.385920722201618, 33.866675755663188 ] ] ] } },
{ "type": "Feature", "properties": { "hex_id": "8844c1a155fffff", "lat": 33.684676075938988, "lon": -84.485610804751275, "restaurant_accessibility": 0.0, "park_accessibility": 1.32387451695234, "clinic_accessibility": 0.39753044029472884, "restaurant_norm": 0.0, "park_norm": 0.065072283697057254, "clinic_norm": 0.054172747379382706, "user_match_score": 0.028176327321458809, "suitability": 2, "suitability_label": "Less Suitable" }, "geometry": { "type": "Polygon", "coordinates": [ [ [ -84.485871543102562, 33.679873303343243 ], [ -84.481042646458121, 33.68188054250799 ], [ -84.48078169927112, 33.686683125550715 ], [ -84.485350043594764, 33.689478731371125 ], [ -84.490179444201871, 33.68747155387377 ], [ -84.490439996493606, 33.682668708893743 ], [ -84.485871543102562, 33.679873303343243 ] ] ] } },
{ "type": "Feature", "properties": { "hex_id": "8844c1a049fffff", "lat": 33.668165661853273, "lon": -84.547880889047818, "restaurant_accessibility": 0.0, "park_accessibility": 0.44771157186761412, "clinic_accessibility": 0.19143456338678397, "restaurant_norm": 0.0, "park_norm": 0.022006326163066137, "clinic_norm": 0.026087401594569626, "user_match_score": 0.012635593254134466, "suitability": 2, "suitability_label": "Less Suitable" }, "geometry": { "type": "Polygon", "coordinates": [ [ [ -84.548138956666818, 33.663360661443001 ], [ -84.543308525953421, 33.665371648574677 ], [ -84.543050249317915, 33.670176459755574 ], [ -84.547622798850085, 33.672970545275987 ], [ -84.552453733047358, 33.670959619092734 ], [ -84.552711614199595, 33.666154546445838 ], [ -84.548138956666818, 33.663360661443001 ] ] ] } },
{ "type": "Feature", "properties": { "hex_id": "8844c1a221fffff", "lat": 33.653750309914308, "lon": -84.548655024180363, "restaurant_accessibility": 0.0, "park_accessibility": 0.3279170268309608, "clinic_accessibility": 0.19574003883409824, "restaurant_norm": 0.0, "park_norm": 0.016118075788755442, "clinic_norm": 0.026674122534939795, "user_match_score": 0.012281456592851464, "suitability": 2, "suitability_label": "Less Suitable" }, "geometry": { "type": "Polygon", "coordinates": [ [ [ -84.548913024080818, 33.648944958923131 ], [ -84.544083220309645, 33.650956513602708 ], [ -84.54382501144633, 33.65576167543464 ], [ -84.548397001710015, 33.658555544108808 ], [ -84.553227308824432, 33.656544050323127 ], [ -84.553485122302959, 33.65173862697457 ], [ -84.548913024080818, 33.648944958923131 ] ] ] } },
{ "type": "Feature", "properties": { "hex_id": "8844c1af51fffff", "lat": 33.786300616966862, "lon": -84.48953645425631, "restaurant_accessibility": 0.43209195540812767, "park_accessibility": 2.6992164291553777, "clinic_accessibility": 0.79368314666622397, "restaurant_norm": 0.0069990727383157586, "park_norm": 0.13267433959081174, "clinic_norm": 0.10815774654073207, "user_match_score": 0.060030068944531882, "suitability": 1, "suitability_label": "Okay" }, "geometry": { "type": "Polygon", "coordinates": [ [ [ -84.489797276519809, 33.78150005658236 ], [ -84.484963608430888, 33.783503756276062 ], [ -84.484702576915723, 33.788304126654069 ], [ -84.489275609157701, 33.791101058839224 ], [ -84.494109782155363, 33.789097421093409 ], [ -84.494370417973144, 33.784296789219745 ], [ -84.489797276519809, 33.78150005658236 ] ] ] } },
{ "type": "Feature", "properties": { "hex_id": "8844c1aa01fffff", "lat": 33.685153459898302, "lon": -84.405377321401289, "restaurant_accessibility": 1.034572998914445, "park_accessibility": 3.2323181054820544, "clinic_accessibility": 0.75317013995743376, "restaurant_norm": 0.016758126555862899, "park_norm": 0.15887783779029793, "clinic_norm": 0.10263690925242938, "user_match_score": 0.065321610757932996, "suitability": 1, "suitability_label": "Okay" }, "geometry": { "type": "Polygon", "coordinates": [ [ [ -84.405641446752952, 33.680353092425676 ], [ -84.400815486519605, 33.682356265497972 ], [ -84.400551152648774, 33.687156443098502 ], [ -84.40511317296216, 33.689953710256162 ], [ -84.409939637571824, 33.687950599710717 ], [ -84.410203577462639, 33.683150159485812 ], [ -84.405641446752952, 33.680353092425676 ] ] ] } },
{ "type": "Feature", "properties": { "hex_id": "8844c1aaa5fffff", "lat": 33.742748716491754, "lon": -84.40220601549521, "restaurant_accessibility": 9.4582272382860815, "park_accessibility": 12.688255526504841, "clinic_accessibility": 3.0662917695120062, "restaurant_norm": 0.15320539896133059, "park_norm": 0.6236646696260878, "clinic_norm": 0.41785340840339386, "user_match_score": 0.3061105298046316, "suitability": 0, "suitability_label": "Most Suitable" }, "geometry": { "type": "Polygon", "coordinates": [ [ [ -84.40247041809576, 33.737949758578829 ], [ -84.397641954456191, 33.739950651655469 ], [ -84.397377343122571, 33.744749419418255 ], [ -84.401941589770956, 33.747547556529703 ], [ -84.406770558350885, 33.745546726197233 ], [ -84.407034775312866, 33.740747696014211 ], [ -84.40247041809576, 33.737949758578829 ] ] ] } },
{ "type": "Feature", "properties": { "hex_id": "8844c13015fffff", "lat": 33.896201530424371, "lon": -84.337052426270034, "restaurant_accessibility": 0.12786642188973044, "park_accessibility": 0.87347430274634152, "clinic_accessibility": 0.0, "restaurant_norm": 0.0020711942825898761, "park_norm": 0.042933802941722034, "clinic_norm": 0.0, "user_match_score": 0.0053289774354671419, "suitability": 2, "suitability_label": "Less Suitable" }, "geometry": { "type": "Polygon", "coordinates": [ [ [ -84.337319964103742, 33.891408068415494 ], [ -84.332486916474863, 33.893400000131585 ], [ -84.332219169563217, 33.898193271034671 ], [ -84.336784865016156, 33.900994872579091 ], [ -84.341618419379529, 33.899003004784284 ], [ -84.34188577152608, 33.894209471528846 ], [ -84.337319964103742, 33.891408068415494 ] ] ] } },
{ "type": "Feature", "properties": { "hex_id": "8844c132c9fffff", "lat": 33.858691352404342, "lon": -84.405256483540882, "restaurant_accessibility": 0.12327587671244303, "park_accessibility": 1.5446410578169785, "clinic_accessibility": 0.41919694944012997, "restaurant_norm": 0.0019968361298813592, "park_norm": 0.075923601396738399, "clinic_norm": 0.057125312032435933, "user_match_score": 0.031440903017588895, "suitability": 2, "suitability_label": "Less Suitable" }, "geometry": { "type": "Polygon", "coordinates": [ [ [ -84.405521046748234, 33.853894978964178 ], [ -84.400687184054746, 33.855891747828956 ], [ -84.400422411644854, 33.860687930600093 ], [ -84.404991897169936, 33.863487606435982 ], [ -84.409826265894537, 33.861490900646984 ], [ -84.410090643033669, 33.856694455951462 ], [ -84.405521046748234, 33.853894978964178 ] ] ] } },
{ "type": "Feature", "properties": { "hex_id": "8844c1a339fffff", "lat": 33.657429879263454, "lon": -84.505967563843683, "restaurant_accessibility": 6.0981982661078025, "park_accessibility": 0.94425356888170098, "clinic_accessibility": 1.2654061342334451, "restaurant_norm": 0.098779282286903469, "park_norm": 0.046412809771185344, "clinic_norm": 0.17244095016051184, "user_match_score": 0.12300730218477501, "suitability": 0, "suitability_label": "Most Suitable" }, "geometry": { "type": "Polygon", "coordinates": [ [ [ -84.50622737583484, 33.652625881093776 ], [ -84.501398969927578, 33.654635147409969 ], [ -84.501138949127395, 33.659438956233714 ], [ -84.505707729130648, 33.662233760616957 ], [ -84.510536638637248, 33.660224555663113 ], [ -84.510796264512223, 33.655420484968822 ], [ -84.50622737583484, 33.652625881093776 ] ] ] } },
{ "type": "Feature", "properties": { "hex_id": "8844c1ade3fffff", "lat": 33.883885248967339, "lon": -84.446401910157789, "restaurant_accessibility": 2.8057092753769113, "park_accessibility": 3.1514964263634306, "clinic_accessibility": 0.16921748095393579, "restaurant_norm": 0.045447185616732784, "park_norm": 0.15490521714904046, "clinic_norm": 0.023059808554778041, "user_match_score": 0.047438037945181651, "suitability": 1, "suitability_label": "Okay" }, "geometry": { "type": "Polygon", "coordinates": [ [ [ -84.446664797160892, 33.879088235861019 ], [ -84.441828264203409, 33.881086154279508 ], [ -84.441565167734211, 33.885882976763227 ], [ -84.446139000125129, 33.888682142303459 ], [ -84.450976039144493, 33.886684286599021 ], [ -84.451238739681784, 33.881887202645515 ], [ -84.446664797160892, 33.879088235861019 ] ] ] } },
{ "type": "Feature", "properties": { "hex_id": "8844c1af29fffff", "lat": 33.789923850339292, "lon": -84.446822722106162, "restaurant_accessibility": 0.13083123783620099, "park_accessibility": 7.3761233992855226, "clinic_accessibility": 0.94611743238153823, "restaurant_norm": 0.0021192186954615893, "park_norm": 0.3625579224289045, "clinic_norm": 0.12893045528195463, "user_match_score": 0.088887583703403106, "suitability": 1, "suitability_label": "Okay" }, "geometry": { "type": "Polygon", "coordinates": [ [ [ -84.447085358258576, 33.785124645250455 ], [ -84.442253097788978, 33.787126053370017 ], [ -84.441990252540052, 33.791925068267432 ], [ -84.446560062966512, 33.794722936898161 ], [ -84.451392828598841, 33.792721591194713 ], [ -84.45165527861279, 33.787922314449567 ], [ -84.447085358258576, 33.785124645250455 ] ] ] } },
{ "type": "Feature", "properties": { "hex_id": "8844c13255fffff", "lat": 33.827504690651104, "lon": -84.378644895313727, "restaurant_accessibility": 11.576086076368943, "park_accessibility": 9.5812313051650229, "clinic_accessibility": 1.5912262571275835, "restaurant_norm": 0.18751070798571615, "park_norm": 0.47094539072487474, "clinic_norm": 0.21684150272090813, "user_match_score": 0.22758649415370882, "suitability": 0, "suitability_label": "Most Suitable" }, "geometry": { "type": "Polygon", "coordinates": [ [ [ -84.378910504263189, 33.822708388570426 ], [ -84.374079049878262, 33.824704964603015 ], [ -84.373813231955666, 33.829501076052765 ], [ -84.378379263120664, 33.832300873753553 ], [ -84.383211223373522, 33.830304360983931 ], [ -84.383476646564176, 33.825507987255634 ], [ -84.378910504263189, 33.822708388570426 ] ] ] } },
{ "type": "Feature", "properties": { "hex_id": "8844c1a029fffff", "lat": 33.694636577525522, "lon": -84.51812023353844, "restaurant_accessibility": 0.0, "park_accessibility": 1.9698183551787163, "clinic_accessibility": 0.36142823650050782, "restaurant_norm": 0.0, "park_norm": 0.096822302414991401, "clinic_norm": 0.049252984343039298, "user_match_score": 0.029383423978714861, "suitability": 2, "suitability_label": "Less Suitable" }, "geometry": { "type": "Polygon", "coordinates": [ [ [ -84.518379623156804, 33.689833064492809 ], [ -84.51354907939934, 33.691841578515728 ], [ -84.513289480777601, 33.696644902078042 ], [ -84.517860821225113, 33.699439973240061 ], [ -84.522691868872059, 33.697431520568649 ], [ -84.522951072152964, 33.692627935388884 ], [ -84.518379623156804, 33.689833064492809 ] ] ] } },
{ "type": "Feature", "properties": { "hex_id": "8844c11693fffff", "lat": 33.649989898415051, "lon": -84.331911461969796, "restaurant_accessibility": 0.0, "park_accessibility": 0.43873933891857853, "clinic_accessibility": 0.0, "restaurant_norm": 0.0, "park_norm": 0.02156531481313867, "clinic_norm": 0.0, "user_match_score": 0.002156531481313867, "suitability": 2, "suitability_label": "Less Suitable" }, "geometry": { "type": "Polygon", "coordinates": [ [ [ -84.332178595371175, 33.645190934132096 ], [ -84.327356955730679, 33.647191694559936 ], [ -84.327089614241331, 33.651990468844417 ], [ -84.331644305238839, 33.654788746099122 ], [ -84.336466449289858, 33.652788048870541 ], [ -84.336733397903643, 33.647989011192941 ], [ -84.332178595371175, 33.645190934132096 ] ] ] } },
{ "type": "Feature", "properties": { "hex_id": "8844c1a8b9fffff", "lat": 33.800326999104819, "lon": -84.399031379774996, "restaurant_accessibility": 11.927266753381367, "park_accessibility": 7.5042212190018027, "clinic_accessibility": 3.7835215167331526, "restaurant_norm": 0.19319917098979894, "park_norm": 0.36885430290818244, "clinic_norm": 0.51559260513102845, "user_match_score": 0.33972205783812914, "suitability": 0, "suitability_label": "Most Suitable" }, "geometry": { "type": "Polygon", "coordinates": [ [ [ -84.399296060059584, 33.795529459866579 ], [ -84.394465090445223, 33.797528069618451 ], [ -84.394200201213351, 33.802325418429866 ], [ -84.398766676330425, 33.805124419709252 ], [ -84.403598151450097, 33.803125872917185 ], [ -84.403862645918139, 33.798328261891015 ], [ -84.399296060059584, 33.795529459866579 ] ] ] } },
{ "type": "Feature", "properties": { "hex_id": "8844c1a331fffff", "lat": 33.664242648217929, "lon": -84.50087890558747, "restaurant_accessibility": 3.0223154633618163, "park_accessibility": 1.2915108925952783, "clinic_accessibility": 0.88433120536559251, "restaurant_norm": 0.048955796333272704, "park_norm": 0.063481517413198407, "clinic_norm": 0.12051064807127045, "user_match_score": 0.079030309136464374, "suitability": 1, "suitability_label": "Okay" }, "geometry": { "type": "Polygon", "coordinates": [ [ [ -84.501138949127395, 33.659438956233714 ], [ -84.496310420429651, 33.661447715880691 ], [ -84.496050168074007, 33.666251218467139 ], [ -84.500618839304849, 33.669046223299041 ], [ -84.505447871692766, 33.667037525090706 ], [ -84.505707729130648, 33.662233760616957 ], [ -84.501138949127395, 33.659438956233714 ] ] ] } },
{ "type": "Feature", "properties": { "hex_id": "8844c1aa23fffff", "lat": 33.697962980047265, "lon": -84.385808188386306, "restaurant_accessibility": 0.0, "park_accessibility": 3.4427864795382792, "clinic_accessibility": 0.56903987039622095, "restaurant_norm": 0.0, "park_norm": 0.16922297063368361, "clinic_norm": 0.077544887191321604, "user_match_score": 0.047940251939897004, "suitability": 1, "suitability_label": "Okay" }, "geometry": { "type": "Polygon", "coordinates": [ [ [ -84.386073170905291, 33.693163489440131 ], [ -84.381247352049158, 33.69516520380602 ], [ -84.380982161038617, 33.699964504404875 ], [ -84.385543182705575, 33.702762353383406 ], [ -84.390369506158606, 33.700760701794486 ], [ -84.39063430331862, 33.695961138455083 ], [ -84.386073170905291, 33.693163489440131 ] ] ] } },
{ "type": "Feature", "properties": { "hex_id": "8844c1ac65fffff", "lat": 33.827908024226495, "lon": -84.468369207840425, "restaurant_accessibility": 0.52025606096679833, "park_accessibility": 1.8672877749340775, "clinic_accessibility": 0.41488632261583835, "restaurant_norm": 0.0084271645599532184, "park_norm": 0.09178262613157577, "clinic_norm": 0.056537889097412364, "user_match_score": 0.03600700053209914, "suitability": 2, "suitability_label": "Less Suitable" }, "geometry": { "type": "Polygon", "coordinates": [ [ [ -84.468631027453341, 33.823109055596959 ], [ -84.463796240666497, 33.825110151858219 ], [ -84.463534211721523, 33.829908930207026 ], [ -84.468107365299772, 33.832706873808931 ], [ -84.472942657501022, 33.830705839852484 ], [ -84.473204290680414, 33.825906799994506 ], [ -84.468631027453341, 33.823109055596959 ] ] ] } },
{ "type": "Feature", "properties": { "hex_id": "8844c13051fffff", "lat": 33.875841934290946, "lon": -84.352353388925735, "restaurant_accessibility": 0.56162565785913199, "park_accessibility": 3.4607420367302826, "clinic_accessibility": 0.23683754580499214, "restaurant_norm": 0.0090972738137363729, "park_norm": 0.17010553850290022, "clinic_norm": 0.032274611547569942, "user_match_score": 0.034469035376186188, "suitability": 2, "suitability_label": "Less Suitable" }, "geometry": { "type": "Polygon", "coordinates": [ [ [ -84.352620229375361, 33.871047540152198 ], [ -84.347787543562433, 33.873040999576396 ], [ -84.347520494053995, 33.877835202761368 ], [ -84.352086525118764, 33.880636208832762 ], [ -84.356919717394362, 33.878642813103212 ], [ -84.357186372113176, 33.873848347612707 ], [ -84.352620229375361, 33.871047540152198 ] ] ] } },
{ "type": "Feature", "properties": { "hex_id": "8844c1aa69fffff", "lat": 33.662360915691302, "lon": -84.392487235577775, "restaurant_accessibility": 1.8267004219143643, "park_accessibility": 2.7215726138181568, "clinic_accessibility": 0.37798804024416477, "restaurant_norm": 0.029589093164242308, "park_norm": 0.13377321110176818, "clinic_norm": 0.051509641881496433, "user_match_score": 0.048775724444896543, "suitability": 1, "suitability_label": "Okay" }, "geometry": { "type": "Polygon", "coordinates": [ [ [ -84.392751847670937, 33.657560416144769 ], [ -84.387927400263592, 33.659563776927165 ], [ -84.387662579792106, 33.664364086656263 ], [ -84.392222600361833, 33.667161298433903 ], [ -84.397047551993992, 33.665158000243103 ], [ -84.397311978802463, 33.660357427688076 ], [ -84.392751847670937, 33.657560416144769 ] ] ] } },
{ "type": "Feature", "properties": { "hex_id": "8844c116b7fffff", "lat": 33.654391854760902, "lon": -84.298697539974228, "restaurant_accessibility": 0.0, "park_accessibility": 0.0, "clinic_accessibility": 0.0, "restaurant_norm": 0.0, "park_norm": 0.0, "clinic_norm": 0.0, "user_match_score": 0.0, "suitability": 2, "suitability_label": "Less Suitable" }, "geometry": { "type": "Polygon", "coordinates": [ [ [ -84.298966082852388, 33.649593987725908 ], [ -84.294145478375455, 33.651592911168549 ], [ -84.293876727525117, 33.65639058805445 ], [ -84.298428973648456, 33.659189605161195 ], [ -84.303250082742352, 33.657190745286833 ], [ -84.303518441066714, 33.652392804742362 ], [ -84.298966082852388, 33.649593987725908 ] ] ] } },
{ "type": "Feature", "properties": { "hex_id": "8844c1ad69fffff", "lat": 33.816319866831819, "lon": -84.417037400876637, "restaurant_accessibility": 4.1148241162009196, "park_accessibility": 4.3459377465265563, "clinic_accessibility": 2.0573532259698553, "restaurant_norm": 0.066652370946048783, "park_norm": 0.21361548269903491, "clinic_norm": 0.28036211893104901, "user_match_score": 0.16683258131534751, "suitability": 0, "suitability_label": "Most Suitable" }, "geometry": { "type": "Polygon", "coordinates": [ [ [ -84.417301360731088, 33.811522159508144 ], [ -84.412468996091647, 33.813521088910882 ], [ -84.412204827155023, 33.818318605805167 ], [ -84.416773417918577, 33.821117455297781 ], [ -84.421606288124536, 33.81911858871252 ], [ -84.421870061971163, 33.814320809822298 ], [ -84.417301360731088, 33.811522159508144 ] ] ] } },
{ "type": "Feature", "properties": { "hex_id": "8844c1a843fffff", "lat": 33.719160533225313, "lon": -84.379921165170686, "restaurant_accessibility": 1.448778131767301, "park_accessibility": 6.3335216988637688, "clinic_accessibility": 1.4094910054541601, "restaurant_norm": 0.023467466586696413, "park_norm": 0.31131101589499688, "clinic_norm": 0.19207585742457875, "user_match_score": 0.1196951778526794, "suitability": 0, "suitability_label": "Most Suitable" }, "geometry": { "type": "Polygon", "coordinates": [ [ [ -84.380186448917598, 33.714361702183126 ], [ -84.375359883673227, 33.716362339059295 ], [ -84.375094391374915, 33.721160979972346 ], [ -84.379655858232141, 33.723959246720014 ], [ -84.384482928304763, 33.721958672751313 ], [ -84.384748026662706, 33.717159769132522 ], [ -84.380186448917598, 33.714361702183126 ] ] ] } },
{ "type": "Feature", "properties": { "hex_id": "8844c1ad2bfffff", "lat": 33.845103612551796, "lon": -84.415453156468104, "restaurant_accessibility": 1.7226383179542575, "park_accessibility": 0.32637187352837238, "clinic_accessibility": 0.76937670361166188, "restaurant_norm": 0.027903483826222996, "park_norm": 0.016042127009038055, "clinic_norm": 0.10484542963159196, "user_match_score": 0.057494126466652098, "suitability": 1, "suitability_label": "Okay" }, "geometry": { "type": "Polygon", "coordinates": [ [ [ -84.41571725498963, 33.840306619321559 ], [ -84.410883635588817, 33.84230440580351 ], [ -84.410619327877754, 33.84710120846664 ], [ -84.415189034824806, 33.849900486545515 ], [ -84.420023160075047, 33.847902762987978 ], [ -84.420287072499548, 33.843105698432296 ], [ -84.41571725498963, 33.840306619321559 ] ] ] } },
{ "type": "Feature", "properties": { "hex_id": "8844c1adcdfffff", "lat": 33.863497041148115, "lon": -84.461699366459911, "restaurant_accessibility": 8.1102263147065994, "park_accessibility": 2.3986544991027805, "clinic_accessibility": 0.40792058742242526, "restaurant_norm": 0.13137033261176589, "park_norm": 0.11790084638547209, "clinic_norm": 0.055588646034001488, "user_match_score": 0.099710709358030752, "suitability": 0, "suitability_label": "Most Suitable" }, "geometry": { "type": "Polygon", "coordinates": [ [ [ -84.461961556087616, 33.858699097616586 ], [ -84.457125390455289, 33.860698543011459 ], [ -84.456862991381328, 33.865496296073381 ], [ -84.461437153865518, 33.868294865167435 ], [ -84.466273825286294, 33.86629548225968 ], [ -84.466535828405185, 33.861497467775955 ], [ -84.461961556087616, 33.858699097616586 ] ] ] } },
{ "type": "Feature", "properties": { "hex_id": "8844c132ddfffff", "lat": 33.873883065758022, "lon": -84.413868079676007, "restaurant_accessibility": 0.11540709668130765, "park_accessibility": 0.88513704261290405, "clinic_accessibility": 0.20879262892171452, "restaurant_norm": 0.0018693767705704383, "park_norm": 0.043507060533407561, "clinic_norm": 0.028452840826144944, "user_match_score": 0.016666530769083955, "suitability": 2, "suitability_label": "Less Suitable" }, "geometry": { "type": "Polygon", "coordinates": [ [ [ -84.414132316973507, 33.869086788893256 ], [ -84.409297442167016, 33.871083431628882 ], [ -84.409032995572574, 33.875879517789144 ], [ -84.413603819238588, 33.878679223007786 ], [ -84.41843920017763, 33.87668264330307 ], [ -84.41870325128879, 33.871886295353946 ], [ -84.414132316973507, 33.869086788893256 ] ] ] } },
{ "type": "Feature", "properties": { "hex_id": "8844c1acddfffff", "lat": 33.885063094702474, "lon": -84.545666128443187, "restaurant_accessibility": 0.7713477114570304, "park_accessibility": 1.0985742846423281, "clinic_accessibility": 1.1965191110471487, "restaurant_norm": 0.012494374568769399, "park_norm": 0.053998121874197884, "clinic_norm": 0.1630534946941527, "user_match_score": 0.076868397349465573, "suitability": 1, "suitability_label": "Okay" }, "geometry": { "type": "Polygon", "coordinates": [ [ [ -84.545924818031423, 33.88026316089455 ], [ -84.541084582226659, 33.882266057011208 ], [ -84.540825682774198, 33.887065800581581 ], [ -84.545407416175848, 33.889862908653178 ], [ -84.550248157539215, 33.887860074192318 ], [ -84.550506659913168, 33.883060070009364 ], [ -84.545924818031423, 33.88026316089455 ] ] ] } },
{ "type": "Feature", "properties": { "hex_id": "8844c1334bfffff", "lat": 33.807483484641942, "lon": -84.313693915265105, "restaurant_accessibility": 6.1025509331703383, "park_accessibility": 5.2473341731174843, "clinic_accessibility": 3.5507059898938209, "restaurant_norm": 0.098849787263899827, "park_norm": 0.25792173925397555, "clinic_norm": 0.4838660870004563, "user_match_score": 0.26876350235752999, "suitability": 0, "suitability_label": "Most Suitable" }, "geometry": { "type": "Polygon", "coordinates": [ [ [ -84.313962214027981, 33.802688664418767 ], [ -84.30913408407784, 33.804682698096101 ], [ -84.30886557668093, 33.809477327525983 ], [ -84.313425593039341, 33.812278186196707 ], [ -84.318254228991705, 33.810284216413798 ], [ -84.318522342554104, 33.805489324070749 ], [ -84.313962214027981, 33.802688664418767 ] ] ] } },
{ "type": "Feature", "properties": { "hex_id": "8844c13055fffff", "lat": 33.875034140822727, "lon": -84.342954946120031, "restaurant_accessibility": 2.388026949734908, "park_accessibility": 2.8296150613020412, "clinic_accessibility": 0.39131853902433666, "restaurant_norm": 0.038681521636906968, "park_norm": 0.13908381169417225, "clinic_norm": 0.05332623168107007, "user_match_score": 0.054579634660298741, "suitability": 1, "suitability_label": "Okay" }, "geometry": { "type": "Polygon", "coordinates": [ [ [ -84.343222181285753, 33.870240009039833 ], [ -84.338389881298184, 33.872233023097102 ], [ -84.338122437114507, 33.87702696389325 ], [ -84.342687687564251, 33.879828153026025 ], [ -84.347520494053995, 33.877835202761368 ], [ -84.347787543562433, 33.873040999576396 ], [ -84.343222181285753, 33.870240009039833 ] ] ] } },
{ "type": "Feature", "properties": { "hex_id": "8844c116b1fffff", "lat": 33.647594747586403, "lon": -84.303786775961186, "restaurant_accessibility": 0.0, "park_accessibility": 0.0, "clinic_accessibility": 0.0, "restaurant_norm": 0.0, "park_norm": 0.0, "clinic_norm": 0.0, "user_match_score": 0.0, "suitability": 2, "suitability_label": "Less Suitable" }, "geometry": { "type": "Polygon", "coordinates": [ [ [ -84.304055087428765, 33.642796573882315 ], [ -84.299234602285907, 33.64479600411957 ], [ -84.298966082852388, 33.649593987725908 ], [ -84.303518441066714, 33.652392804742362 ], [ -84.308339430736751, 33.65039343799716 ], [ -84.308607557636037, 33.645595190748352 ], [ -84.304055087428765, 33.642796573882315 ] ] ] } },
{ "type": "Feature", "properties": { "hex_id": "8844c1a06bfffff", "lat": 33.681011074682779, "lon": -84.528299917054809, "restaurant_accessibility": 0.0, "park_accessibility": 1.386124426784604, "clinic_accessibility": 0.42799582063407438, "restaurant_norm": 0.0, "park_norm": 0.068132047852081892, "clinic_norm": 0.058324362414740955, "user_match_score": 0.030142949751104573, "suitability": 2, "suitability_label": "Less Suitable" }, "geometry": { "type": "Polygon", "coordinates": [ [ [ -84.528558843323495, 33.676206948442179 ], [ -84.523728545945062, 33.678216476334477 ], [ -84.523469410686516, 33.683020413208254 ], [ -84.528040968132899, 33.685815083778905 ], [ -84.532871769218758, 33.683805617085667 ], [ -84.533130509121733, 33.679001418627898 ], [ -84.528558843323495, 33.676206948442179 ] ] ] } },
{ "type": "Feature", "properties": { "hex_id": "8844c1a943fffff", "lat": 33.713562271505701, "lon": -84.314231267360384, "restaurant_accessibility": 0.0, "park_accessibility": 3.0897622922440693, "clinic_accessibility": 0.18309752354526029, "restaurant_norm": 0.0, "park_norm": 0.15187080487071131, "clinic_norm": 0.024951286451055422, "user_match_score": 0.025167595067493304, "suitability": 2, "suitability_label": "Less Suitable" }, "geometry": { "type": "Polygon", "coordinates": [ [ [ -84.314499305786541, 33.708765281505073 ], [ -84.309675433308229, 33.710762809122912 ], [ -84.309407186615388, 33.715559608762597 ], [ -84.313963205514767, 33.718359144078079 ], [ -84.318787583096423, 33.716361680051911 ], [ -84.31905543664611, 33.711564617123557 ], [ -84.314499305786541, 33.708765281505073 ] ] ] } },
{ "type": "Feature", "properties": { "hex_id": "8844c1a031fffff", "lat": 33.717431721559585, "lon": -84.531059955858552, "restaurant_accessibility": 0.0, "park_accessibility": 0.77794295137027547, "clinic_accessibility": 0.0, "restaurant_norm": 0.0, "park_norm": 0.038238159118153807, "clinic_norm": 0.0, "user_match_score": 0.003823815911815381, "suitability": 2, "suitability_label": "Less Suitable" }, "geometry": { "type": "Polygon", "coordinates": [ [ [ -84.531318854292095, 33.712628344729119 ], [ -84.526486798716888, 33.714636674763227 ], [ -84.526227691139141, 33.719439862069031 ], [ -84.530801034765929, 33.722234980760661 ], [ -84.535633594379888, 33.720226712012291 ], [ -84.535892306299246, 33.715423263291768 ], [ -84.531318854292095, 33.712628344729119 ] ] ] } },
{ "type": "Feature", "properties": { "hex_id": "8844c1a305fffff", "lat": 33.642232537541894, "lon": -84.497351202306021, "restaurant_accessibility": 1.4821391737725997, "park_accessibility": 0.16937336894441213, "clinic_accessibility": 0.71175758335458239, "restaurant_norm": 0.024007852392769907, "park_norm": 0.0083251937955943836, "clinic_norm": 0.096993487416563481, "user_match_score": 0.051633840542569788, "suitability": 1, "suitability_label": "Okay" }, "geometry": { "type": "Polygon", "coordinates": [ [ [ -84.497611340903447, 33.637428451276818 ], [ -84.492783942045378, 33.639437840382669 ], [ -84.492523594732674, 33.64424173733827 ], [ -84.497091040962914, 33.647036507198401 ], [ -84.501918943320661, 33.645027179498193 ], [ -84.502178895919485, 33.640223020537327 ], [ -84.497611340903447, 33.637428451276818 ] ] ] } },
{ "type": "Feature", "properties": { "hex_id": "8844c1aacbfffff", "lat": 33.717923363802022, "lon": -84.450759852414464, "restaurant_accessibility": 0.17462449874013425, "park_accessibility": 2.3052195980676951, "clinic_accessibility": 0.6932001474000441, "restaurant_norm": 0.0028285867239062658, "park_norm": 0.11330824919479708, "clinic_norm": 0.094464606133336612, "user_match_score": 0.05053096073476749, "suitability": 1, "suitability_label": "Okay" }, "geometry": { "type": "Polygon", "coordinates": [ [ [ -84.451022144118696, 33.713122388359984 ], [ -84.446193017951558, 33.715126646578298 ], [ -84.445930517418887, 33.719927432175815 ], [ -84.450497537768015, 33.722724221663967 ], [ -84.455327168392316, 33.720720025591817 ], [ -84.455589274181207, 33.715918977890446 ], [ -84.451022144118696, 33.713122388359984 ] ] ] } },
{ "type": "Feature", "properties": { "hex_id": "8844c1ad13fffff", "lat": 33.862697669989295, "lon": -84.452289311744934, "restaurant_accessibility": 2.8277541966510866, "park_accessibility": 2.5143960400104057, "clinic_accessibility": 0.41123177813923373, "restaurant_norm": 0.045804271661907266, "park_norm": 0.12358987981653607, "clinic_norm": 0.056039872606974447, "user_match_score": 0.057677072855397013, "suitability": 1, "suitability_label": "Okay" }, "geometry": { "type": "Polygon", "coordinates": [ [ [ -84.45255189725431, 33.857899987930168 ], [ -84.447716114938174, 33.859898986995574 ], [ -84.447453320023101, 33.864696478551807 ], [ -84.452026703236001, 33.867495232553502 ], [ -84.456862991381328, 33.865496296073381 ], [ -84.457125390455289, 33.860698543011459 ], [ -84.45255189725431, 33.857899987930168 ] ] ] } },
{ "type": "Feature", "properties": { "hex_id": "8844c106d9fffff", "lat": 33.762715806437036, "lon": -84.297340265644181, "restaurant_accessibility": 12.018879599139311, "park_accessibility": 7.4166726419275468, "clinic_accessibility": 2.3287988926616077, "restaurant_norm": 0.19468312588226694, "park_norm": 0.36455103566366703, "clinic_norm": 0.31735289004789269, "user_match_score": 0.26073782252665723, "suitability": 0, "suitability_label": "Most Suitable" }, "geometry": { "type": "Polygon", "coordinates": [ [ [ -84.297609140201104, 33.757920447356291 ], [ -84.292783658977086, 33.759915308857394 ], [ -84.292514576028054, 33.764710477285654 ], [ -84.297071367586895, 33.767511047451627 ], [ -84.30189735446676, 33.765516249878686 ], [ -84.302166044102592, 33.760720818216576 ], [ -84.297609140201104, 33.757920447356291 ] ] ] } },
{ "type": "Feature", "properties": { "hex_id": "8844c1aae5fffff", "lat": 33.721550397396676, "lon": -84.40809141213235, "restaurant_accessibility": 1.4748172241921778, "park_accessibility": 5.8985396245408506, "clinic_accessibility": 1.2436608428366707, "restaurant_norm": 0.023889250652889681, "park_norm": 0.28993038156672513, "clinic_norm": 0.16947764959752815, "user_match_score": 0.10872872332212861, "suitability": 0, "suitability_label": "Most Suitable" }, "geometry": { "type": "Polygon", "coordinates": [ [ [ -84.408355513595225, 33.716750778587524 ], [ -84.40352779732136, 33.718752749443432 ], [ -84.403263487185413, 33.723552178223194 ], [ -84.407827287575699, 33.726349898607253 ], [ -84.412655508558302, 33.724347990365253 ], [ -84.412919424412706, 33.719548299130366 ], [ -84.408355513595225, 33.716750778587524 ] ] ] } },
{ "type": "Feature", "properties": { "hex_id": "8844c132cbfffff", "lat": 33.866287225893821, "lon": -84.409561865606676, "restaurant_accessibility": 0.14456302388957112, "park_accessibility": 1.2266199526553385, "clinic_accessibility": 0.23034580687582545, "restaurant_norm": 0.0023416476673774125, "park_norm": 0.060291938945549357, "clinic_norm": 0.031389961474478888, "user_match_score": 0.019756002318035197, "suitability": 2, "suitability_label": "Less Suitable" }, "geometry": { "type": "Polygon", "coordinates": [ [ [ -84.409826265894537, 33.861490900646984 ], [ -84.404991897169936, 33.863487606435982 ], [ -84.404727287632298, 33.868283740996041 ], [ -84.409297442167016, 33.871083431628882 ], [ -84.414132316973507, 33.869086788893256 ], [ -84.414396531134102, 33.864290392476562 ], [ -84.409826265894537, 33.861490900646984 ] ] ] } },
{ "type": "Feature", "properties": { "hex_id": "8844c1a00bfffff", "lat": 33.696993205350836, "lon": -84.546332009076721, "restaurant_accessibility": 0.0, "park_accessibility": 0.31192121625145547, "clinic_accessibility": 0.0, "restaurant_norm": 0.0, "park_norm": 0.015331835166502092, "clinic_norm": 0.0, "user_match_score": 0.0015331835166502092, "suitability": 2, "suitability_label": "Less Suitable" }, "geometry": { "type": "Polygon", "coordinates": [ [ [ -84.546590212212521, 33.692188907819627 ], [ -84.541758527131648, 33.694198759224911 ], [ -84.54150011487198, 33.699002867386753 ], [ -84.546073783344468, 33.701797385513061 ], [ -84.550905972190662, 33.699787595165006 ], [ -84.551163988770014, 33.694983225638623 ], [ -84.546590212212521, 33.692188907819627 ] ] ] } },
{ "type": "Feature", "properties": { "hex_id": "8844c1a9bbfffff", "lat": 33.802305160091954, "lon": -84.337569658641613, "restaurant_accessibility": 5.5657458028463305, "park_accessibility": 5.9752032411452811, "clinic_accessibility": 3.1571323747821598, "restaurant_norm": 0.090154559069035523, "park_norm": 0.29369862133948715, "clinic_norm": 0.43023254887233947, "user_match_score": 0.24654016121740227, "suitability": 0, "suitability_label": "Most Suitable" }, "geometry": { "type": "Polygon", "coordinates": [ [ [ -84.337836937435426, 33.797509504875315 ], [ -84.333008155988594, 33.79950493621466 ], [ -84.3327406684854, 33.804300400754869 ], [ -84.337302356470971, 33.807100696691812 ], [ -84.342131643751443, 33.805105328975472 ], [ -84.342398737183359, 33.800309601704207 ], [ -84.337836937435426, 33.797509504875315 ] ] ] } },
{ "type": "Feature", "properties": { "hex_id": "8844c1af33fffff", "lat": 33.820311254502506, "lon": -84.464058246668813, "restaurant_accessibility": 2.6751973575915615, "park_accessibility": 2.3192666839252274, "clinic_accessibility": 0.37245645986560549, "restaurant_norm": 0.043333139302369102, "park_norm": 0.11399870432806948, "clinic_norm": 0.050755835691876659, "user_match_score": 0.053368774360742166, "suitability": 1, "suitability_label": "Okay" }, "geometry": { "type": "Polygon", "coordinates": [ [ [ -84.464320229731456, 33.815512238203119 ], [ -84.459485948308725, 33.817513396791512 ], [ -84.459223755961148, 33.822312222828003 ], [ -84.463796240666497, 33.825110151858219 ], [ -84.468631027453341, 33.823109055596959 ], [ -84.46889282414152, 33.818309967983538 ], [ -84.464320229731456, 33.815512238203119 ] ] ] } },
{ "type": "Feature", "properties": { "hex_id": "8844c1a9b1fffff", "lat": 33.801500049859065, "lon": -84.328179462981993, "restaurant_accessibility": 11.468490494654862, "park_accessibility": 5.5994435926584796, "clinic_accessibility": 4.5968612906078716, "restaurant_norm": 0.18576786298869011, "park_norm": 0.2752289415207918, "clinic_norm": 0.62642902327061212, "user_match_score": 0.37097843495466909, "suitability": 0, "suitability_label": "Most Suitable" }, "geometry": { "type": "Polygon", "coordinates": [ [ [ -84.328447135773658, 33.796704657423689 ], [ -84.32361873994202, 33.798699644084522 ], [ -84.323350858481774, 33.803494845810448 ], [ -84.3279117667809, 33.806295323694847 ], [ -84.3327406684854, 33.804300400754869 ], [ -84.333008155988594, 33.79950493621466 ], [ -84.328447135773658, 33.796704657423689 ] ] ] } },
{ "type": "Feature", "properties": { "hex_id": "8844c1a1adfffff", "lat": 33.741508435972484, "lon": -84.473078455833928, "restaurant_accessibility": 0.0, "park_accessibility": 1.1175416353326961, "clinic_accessibility": 1.0450303142953383, "restaurant_norm": 0.0, "park_norm": 0.054930422337195341, "clinic_norm": 0.14240963076474358, "user_match_score": 0.062456894539616968, "suitability": 1, "suitability_label": "Okay" }, "geometry": { "type": "Polygon", "coordinates": [ [ [ -84.473339863260051, 33.736707335312794 ], [ -84.46850884138793, 33.738711852684666 ], [ -84.46824722495198, 33.74351276347911 ], [ -84.472817025533971, 33.74630941872428 ], [ -84.477648551973218, 33.744304963334798 ], [ -84.477909773234217, 33.7395037907229 ], [ -84.473339863260051, 33.736707335312794 ] ] ] } },
{ "type": "Feature", "properties": { "hex_id": "8844c1ab0dfffff", "lat": 33.671983032556916, "lon": -84.335398421655711, "restaurant_accessibility": 0.0, "park_accessibility": 0.633359426153425, "clinic_accessibility": 0.0, "restaurant_norm": 0.0, "park_norm": 0.031131458256133789, "clinic_norm": 0.0, "user_match_score": 0.0031131458256133792, "suitability": 2, "suitability_label": "Less Suitable" }, "geometry": { "type": "Polygon", "coordinates": [ [ [ -84.335665463547187, 33.667184461815687 ], [ -84.330842695038129, 33.669184588924338 ], [ -84.330575444958455, 33.673982969579164 ], [ -84.335131356437216, 33.676781486405638 ], [ -84.339954629548544, 33.674781422529591 ], [ -84.340221486549638, 33.66998277859944 ], [ -84.335665463547187, 33.667184461815687 ] ] ] } },
{ "type": "Feature", "properties": { "hex_id": "8844c1a92bfffff", "lat": 33.733137509710239, "lon": -84.289573520544948, "restaurant_accessibility": 0.14891760592916586, "park_accessibility": 2.488504603530064, "clinic_accessibility": 0.72026527613682001, "restaurant_norm": 0.0024121836633815485, "park_norm": 0.12231724039459772, "clinic_norm": 0.098152857983335312, "user_match_score": 0.052698959064484671, "suitability": 1, "suitability_label": "Okay" }, "geometry": { "type": "Polygon", "coordinates": [ [ [ -84.289842647209056, 33.728341706945407 ], [ -84.285018801930079, 33.730337268079012 ], [ -84.284749467021356, 33.735132880296597 ], [ -84.289304370366423, 33.737933194804988 ], [ -84.294128721057461, 33.735937697588803 ], [ -84.294397662962069, 33.731141821951738 ], [ -84.289842647209056, 33.728341706945407 ] ] ] } },
{ "type": "Feature", "properties": { "hex_id": "8844c1305bfffff", "lat": 33.876649099135932, "lon": -84.361752997930765, "restaurant_accessibility": 0.11357123363524717, "park_accessibility": 2.9065114688536187, "clinic_accessibility": 0.24814913512965317, "restaurant_norm": 0.0018396392602184424, "park_norm": 0.14286349381918206, "clinic_norm": 0.03381607808404416, "user_match_score": 0.028732600245645092, "suitability": 2, "suitability_label": "Less Suitable" }, "geometry": { "type": "Polygon", "coordinates": [ [ [ -84.36201944354994, 33.871854442724647 ], [ -84.357186372113176, 33.873848347612707 ], [ -84.356919717394362, 33.878642813103212 ], [ -84.361486528986944, 33.881443635932953 ], [ -84.366320106846786, 33.879449794641573 ], [ -84.366586366661622, 33.87465506692886 ], [ -84.36201944354994, 33.871854442724647 ] ] ] } },
{ "type": "Feature", "properties": { "hex_id": "8844c1aa55fffff", "lat": 33.679142607018228, "lon": -84.41985635124729, "restaurant_accessibility": 0.33401401117489948, "park_accessibility": 4.5694838021390671, "clinic_accessibility": 1.1278254608028471, "restaurant_norm": 0.0054103954738560275, "park_norm": 0.22460342163426192, "clinic_norm": 0.15369239077845448, "user_match_score": 0.086642496211736003, "suitability": 1, "suitability_label": "Okay" }, "geometry": { "type": "Polygon", "coordinates": [ [ [ -84.42011985097345, 33.674341670099054 ], [ -84.415293629045991, 33.676345794727652 ], [ -84.415029920766671, 33.681146541859597 ], [ -84.419592828487112, 33.683943426892355 ], [ -84.42441955466046, 33.681939364616568 ], [ -84.42468286883836, 33.677138354960285 ], [ -84.42011985097345, 33.674341670099054 ] ] ] } },
{ "type": "Feature", "properties": { "hex_id": "8844c1aa0dfffff", "lat": 33.677555970822858, "lon": -84.401079797288205, "restaurant_accessibility": 0.71954300100436064, "park_accessibility": 3.1886896594385523, "clinic_accessibility": 0.51777023345800721, "restaurant_norm": 0.011655236204568318, "park_norm": 0.15673337275086191, "clinic_norm": 0.070558209421369325, "user_match_score": 0.049724239145918087, "suitability": 1, "suitability_label": "Okay" }, "geometry": { "type": "Polygon", "coordinates": [ [ [ -84.401344084957515, 33.672755559136597 ], [ -84.396518629050021, 33.674758794757352 ], [ -84.396254132908481, 33.679559016589728 ], [ -84.400815486519605, 33.682356265497972 ], [ -84.405641446752952, 33.680353092425676 ], [ -84.405905549020162, 33.675552607901722 ], [ -84.401344084957515, 33.672755559136597 ] ] ] } },
{ "type": "Feature", "properties": { "hex_id": "8844c13315fffff", "lat": 33.843036406647776, "lon": -84.306985367270698, "restaurant_accessibility": 2.4285018181548783, "park_accessibility": 2.411078404571422, "clinic_accessibility": 1.2020220736094969, "restaurant_norm": 0.039337137981065834, "park_norm": 0.11851151748075231, "clinic_norm": 0.16380340104222321, "user_match_score": 0.097041081155497436, "suitability": 0, "suitability_label": "Most Suitable" }, "geometry": { "type": "Polygon", "coordinates": [ [ [ -84.307254039097074, 33.838242609380927 ], [ -84.302424537174616, 33.840234989171677 ], [ -84.302155656600974, 33.845028595457087 ], [ -84.306716671942127, 33.84783008478211 ], [ -84.311546680240227, 33.84583776906878 ], [ -84.311815166792158, 33.841043899958024 ], [ -84.307254039097074, 33.838242609380927 ] ] ] } },
{ "type": "Feature", "properties": { "hex_id": "8844c1b9a5fffff", "lat": 33.636389002296973, "lon": -84.342088833068189, "restaurant_accessibility": 0.0, "park_accessibility": 0.31452353910973063, "clinic_accessibility": 0.0, "restaurant_norm": 0.0, "park_norm": 0.015459746905217972, "clinic_norm": 0.0, "user_match_score": 0.0015459746905217972, "suitability": 2, "suitability_label": "Less Suitable" }, "geometry": { "type": "Polygon", "coordinates": [ [ [ -84.342355503680309, 33.631589425187201 ], [ -84.337534103886284, 33.633591198960048 ], [ -84.337267225198815, 33.638390586174275 ], [ -84.341822139168102, 33.641188462981219 ], [ -84.346644043192711, 33.639186752255071 ], [ -84.346910528988303, 33.63438710168024 ], [ -84.342355503680309, 33.631589425187201 ] ] ] } },
{ "type": "Feature", "properties": { "hex_id": "8844c1a18dfffff", "lat": 33.736283964036559, "lon": -84.496975521698332, "restaurant_accessibility": 0.34910025843474191, "park_accessibility": 1.2389646209657845, "clinic_accessibility": 0.6976748815983661, "restaurant_norm": 0.0056547641564900749, "park_norm": 0.060898715304001108, "clinic_norm": 0.09507439250626408, "user_match_score": 0.04694701061115078, "suitability": 1, "suitability_label": "Okay" }, "geometry": { "type": "Polygon", "coordinates": [ [ [ -84.497235906691216, 33.731482032267621 ], [ -84.492404243881381, 33.733487948502685 ], [ -84.492143649804632, 33.73828969052488 ], [ -84.4967151139181, 33.741085777950097 ], [ -84.501547281122313, 33.739079923425265 ], [ -84.501807479789576, 33.734277919770172 ], [ -84.497235906691216, 33.731482032267621 ] ] ] } },
{ "type": "Feature", "properties": { "hex_id": "8844c13347fffff", "lat": 33.813464060240698, "lon": -84.299209165891583, "restaurant_accessibility": 3.2443461429521858, "park_accessibility": 3.5656250950169093, "clinic_accessibility": 2.5625746709684663, "restaurant_norm": 0.052552273557947844, "park_norm": 0.17526084592550548, "clinic_norm": 0.3492102647240225, "user_match_score": 0.18348632726113345, "suitability": 0, "suitability_label": "Most Suitable" }, "geometry": { "type": "Polygon", "coordinates": [ [ [ -84.299478090521973, 33.808669812481142 ], [ -84.29465022704845, 33.810662893192877 ], [ -84.294381093818643, 33.815456950075387 ], [ -84.298940217744857, 33.818258189263084 ], [ -84.303768587349794, 33.816265172619339 ], [ -84.304037326867729, 33.811470852724888 ], [ -84.299478090521973, 33.808669812481142 ] ] ] } },
{ "type": "Feature", "properties": { "hex_id": "8844c106d3fffff", "lat": 33.777101175029848, "lon": -84.296533500958986, "restaurant_accessibility": 28.050848575416897, "park_accessibility": 7.7860765600724919, "clinic_accessibility": 3.4050617637519154, "restaurant_norm": 0.45437071228364478, "park_norm": 0.3827083128470587, "clinic_norm": 0.46401868144277997, "user_match_score": 0.45106366000364029, "suitability": 0, "suitability_label": "Most Suitable" }, "geometry": { "type": "Polygon", "coordinates": [ [ [ -84.296802446026192, 33.772306170336947 ], [ -84.291976339572486, 33.774300459811627 ], [ -84.29170718605981, 33.779095273783092 ], [ -84.296264532382196, 33.781896061467251 ], [ -84.301091144633091, 33.779901835974755 ], [ -84.301359904735065, 33.775106758820904 ], [ -84.296802446026192, 33.772306170336947 ] ] ] } },
{ "type": "Feature", "properties": { "hex_id": "8844c1aaa1fffff", "lat": 33.743545578283936, "lon": -84.411599614320949, "restaurant_accessibility": 5.0901307562637808, "park_accessibility": 9.921665020315988, "clinic_accessibility": 2.411890935529434, "restaurant_norm": 0.082450494541093863, "park_norm": 0.48767869815596282, "clinic_norm": 0.3286761090803228, "user_match_score": 0.22146356071827233, "suitability": 0, "suitability_label": "Most Suitable" }, "geometry": { "type": "Polygon", "coordinates": [ [ [ -84.411863622509301, 33.738746357984049 ], [ -84.407034775312866, 33.740747696014211 ], [ -84.406770558350885, 33.745546726197233 ], [ -84.411335583041549, 33.748344680691766 ], [ -84.416164935138326, 33.746343405307854 ], [ -84.416428757614909, 33.74154411278824 ], [ -84.411863622509301, 33.738746357984049 ] ] ] } },
{ "type": "Feature", "properties": { "hex_id": "8844c1af69fffff", "lat": 33.768724023032647, "lon": -84.452704849005087, "restaurant_accessibility": 0.0, "park_accessibility": 3.4499619480419317, "clinic_accessibility": 0.52778600096630457, "restaurant_norm": 0.0, "park_norm": 0.16957566578428132, "clinic_norm": 0.071923090165181933, "user_match_score": 0.045726802644500908, "suitability": 1, "suitability_label": "Okay" }, "geometry": { "type": "Polygon", "coordinates": [ [ [ -84.452967184202308, 33.763924154385727 ], [ -84.448135673055916, 33.765926640860762 ], [ -84.447873128822408, 33.770726319436783 ], [ -84.45244249085053, 33.773523773425786 ], [ -84.45727450692759, 33.77152134923714 ], [ -84.4575366560167, 33.766721408778253 ], [ -84.452967184202308, 33.763924154385727 ] ] ] } },
{ "type": "Feature", "properties": { "hex_id": "8844c116b9fffff", "lat": 33.640796826974686, "lon": -84.30887566112618, "restaurant_accessibility": 0.0, "park_accessibility": 0.12749577434181347, "clinic_accessibility": 0.0, "restaurant_norm": 0.0, "park_norm": 0.0062667881977557204, "clinic_norm": 0.0, "user_match_score": 0.00062667881977557206, "suitability": 2, "suitability_label": "Less Suitable" }, "geometry": { "type": "Polygon", "coordinates": [ [ [ -84.309143741210278, 33.63599834673947 ], [ -84.304323375472549, 33.637998283693477 ], [ -84.304055087428765, 33.642796573882315 ], [ -84.308607557636037, 33.645595190748352 ], [ -84.313428427811147, 33.643595317210142 ], [ -84.313696323312399, 33.638796763395014 ], [ -84.309143741210278, 33.63599834673947 ] ] ] } },
{ "type": "Feature", "properties": { "hex_id": "8844c1301dfffff", "lat": 33.889415818442032, "lon": -84.342153100270352, "restaurant_accessibility": 0.26742977217523423, "park_accessibility": 1.7456573897896122, "clinic_accessibility": 0.0, "restaurant_norm": 0.0043318566902679906, "park_norm": 0.085804138875454711, "clinic_norm": 0.0, "user_match_score": 0.010746342232679467, "suitability": 2, "suitability_label": "Less Suitable" }, "geometry": { "type": "Polygon", "coordinates": [ [ [ -84.3424204056154, 33.884622045586781 ], [ -84.337587478520348, 33.886614486615379 ], [ -84.337319964103742, 33.891408068415494 ], [ -84.34188577152608, 33.894209471528846 ], [ -84.346719205265032, 33.892217094346016 ], [ -84.346986324908343, 33.887423250209125 ], [ -84.3424204056154, 33.884622045586781 ] ] ] } },
{ "type": "Feature", "properties": { "hex_id": "8844c1af5dfffff", "lat": 33.778703267426096, "lon": -84.485224617096037, "restaurant_accessibility": 0.17074770366624947, "park_accessibility": 2.1096618681485664, "clinic_accessibility": 0.71819467928947467, "restaurant_norm": 0.0027657899734135735, "park_norm": 0.1036960178862401, "clinic_norm": 0.097870691113667113, "user_match_score": 0.05090077322079764, "suitability": 1, "suitability_label": "Okay" }, "geometry": { "type": "Polygon", "coordinates": [ [ [ -84.485485602914153, 33.773902660167529 ], [ -84.480652439683865, 33.775906421831273 ], [ -84.480391244661135, 33.780706839101271 ], [ -84.484963608430888, 33.783503756276062 ], [ -84.489797276519809, 33.78150005658236 ], [ -84.490058075951197, 33.776699377749019 ], [ -84.485485602914153, 33.773902660167529 ] ] ] } },
{ "type": "Feature", "properties": { "hex_id": "8844c1ab6dfffff", "lat": 33.655990659331323, "lon": -84.317446183663989, "restaurant_accessibility": 0.0, "park_accessibility": 0.16227600341801326, "clinic_accessibility": 0.0, "restaurant_norm": 0.0, "park_norm": 0.0079763376335324869, "clinic_norm": 0.0, "user_match_score": 0.00079763376335324873, "suitability": 2, "suitability_label": "Less Suitable" }, "geometry": { "type": "Polygon", "coordinates": [ [ [ -84.317713941294954, 33.651192265128316 ], [ -84.312892566631433, 33.653192075272059 ], [ -84.312624600946876, 33.657990279392081 ], [ -84.317178402650214, 33.660788936865771 ], [ -84.322000281853121, 33.658789190095142 ], [ -84.322267854784101, 33.653990722482646 ], [ -84.317713941294954, 33.651192265128316 ] ] ] } },
{ "type": "Feature", "properties": { "hex_id": "8844c1a30bfffff", "lat": 33.643801903090683, "lon": -84.516143817062741, "restaurant_accessibility": 1.3107456932241417, "park_accessibility": 0.13376256915053458, "clinic_accessibility": 0.74212634343301731, "restaurant_norm": 0.021231602054809551, "park_norm": 0.0065748193928897728, "clinic_norm": 0.10113193569925202, "user_match_score": 0.05172605724639457, "suitability": 1, "suitability_label": "Okay" }, "geometry": { "type": "Polygon", "coordinates": [ [ [ -84.516403166038955, 33.638997292966494 ], [ -84.511575005924939, 33.641007572383302 ], [ -84.511315448153098, 33.645811993265326 ], [ -84.5158844454063, 33.648606396572625 ], [ -84.520713108937926, 33.646596178365499 ], [ -84.520972271769708, 33.64179149564653 ], [ -84.516403166038955, 33.638997292966494 ] ] ] } },
{ "type": "Feature", "properties": { "hex_id": "8844c1a8a5fffff", "lat": 33.790327043826899, "lon": -84.366545453358597, "restaurant_accessibility": 14.495984688987217, "park_accessibility": 11.614769837039153, "clinic_accessibility": 4.4829382605365033, "restaurant_norm": 0.23480754497246223, "park_norm": 0.57089972518826293, "clinic_norm": 0.61090436678349014, "user_match_score": 0.41885549171845349, "suitability": 0, "suitability_label": "Most Suitable" }, "geometry": { "type": "Polygon", "coordinates": [ [ [ -84.366811479655254, 33.785530245139718 ], [ -84.361982168956857, 33.787527582688199 ], [ -84.361715933882024, 33.792324190867021 ], [ -84.366279403792149, 33.795123724035129 ], [ -84.371109220064454, 33.793126449762305 ], [ -84.371375060823496, 33.788329579050796 ], [ -84.366811479655254, 33.785530245139718 ] ] ] } },
{ "type": "Feature", "properties": { "hex_id": "8844c13005fffff", "lat": 33.880201897888398, "lon": -84.3190615669279, "restaurant_accessibility": 5.865565375772122, "park_accessibility": 2.8616211591514769, "clinic_accessibility": 0.17739387083795319, "restaurant_norm": 0.095011069293337899, "park_norm": 0.14065700451012644, "clinic_norm": 0.024174031413620799, "user_match_score": 0.071240847663129908, "suitability": 1, "suitability_label": "Okay" }, "geometry": { "type": "Polygon", "coordinates": [ [ [ -84.319329823591929, 33.875408601687298 ], [ -84.314498175668348, 33.877400216139449 ], [ -84.314229710061809, 33.88219332123731 ], [ -84.318793286787553, 33.884995074458864 ], [ -84.32362544138239, 33.883003524070723 ], [ -84.323893512550868, 33.878210156402055 ], [ -84.319329823591929, 33.875408601687298 ] ] ] } },
{ "type": "Feature", "properties": { "hex_id": "8844c13119fffff", "lat": 33.884551145050033, "lon": -84.285779850910387, "restaurant_accessibility": 0.21789420735106388, "park_accessibility": 0.84146680055349221, "clinic_accessibility": 0.0, "restaurant_norm": 0.003529474195064049, "park_norm": 0.041360541098203786, "clinic_norm": 0.0, "user_match_score": 0.0059007912073524033, "suitability": 2, "suitability_label": "Less Suitable" }, "geometry": { "type": "Polygon", "coordinates": [ [ [ -84.286049522735794, 33.879758947764401 ], [ -84.281218915554305, 33.881748718037514 ], [ -84.280949034903088, 33.886540724070812 ], [ -84.285510155489888, 33.8893432226714 ], [ -84.290341269549927, 33.887353516831432 ], [ -84.290610756115171, 33.882561247962741 ], [ -84.286049522735794, 33.879758947764401 ] ] ] } },
{ "type": "Feature", "properties": { "hex_id": "8844c1ac01fffff", "lat": 33.844694064034442, "lon": -84.495817143736005, "restaurant_accessibility": 7.0390628442495924, "park_accessibility": 1.75282392688592, "clinic_accessibility": 1.1046139706863962, "restaurant_norm": 0.11401950959708146, "park_norm": 0.086156395021399712, "clinic_norm": 0.15052928661605305, "user_match_score": 0.12583710894710193, "suitability": 0, "suitability_label": "Most Suitable" }, "geometry": { "type": "Polygon", "coordinates": [ [ [ -84.496077844085789, 33.83989466871548 ], [ -84.491241281371344, 33.841896533325787 ], [ -84.490980371514311, 33.846695738395248 ], [ -84.495556420548155, 33.849493340065038 ], [ -84.500393488695494, 33.847491537518358 ], [ -84.50065400234692, 33.842692071243484 ], [ -84.496077844085789, 33.83989466871548 ] ] ] } },
{ "type": "Feature", "properties": { "hex_id": "8844c1a9e1fffff", "lat": 33.764325838141232, "lon": -84.316107759834395, "restaurant_accessibility": 4.8270326200197564, "park_accessibility": 10.672044540528843, "clinic_accessibility": 2.7232687925642147, "restaurant_norm": 0.078188802163257479, "park_norm": 0.52456203444991956, "clinic_norm": 0.37110856777750501, "user_match_score": 0.2399940316376227, "suitability": 0, "suitability_label": "Most Suitable" }, "geometry": { "type": "Polygon", "coordinates": [ [ [ -84.316375847569091, 33.759529952741751 ], [ -84.311549594523882, 33.761525702525653 ], [ -84.311281298315421, 33.766321397338565 ], [ -84.315839648664394, 33.76912160544029 ], [ -84.320666407287661, 33.767125919389095 ], [ -84.32093430995458, 33.762329961508456 ], [ -84.316375847569091, 33.759529952741751 ] ] ] } },
{ "type": "Feature", "properties": { "hex_id": "8844c1a80bfffff", "lat": 33.733556320813712, "lon": -84.379125174767921, "restaurant_accessibility": 7.1151865748938086, "park_accessibility": 12.079051029446749, "clinic_accessibility": 2.8835456760938825, "restaurant_norm": 0.1152525701093689, "park_norm": 0.59372049640236946, "clinic_norm": 0.39295001246226957, "user_match_score": 0.27417833967982924, "suitability": 0, "suitability_label": "Most Suitable" }, "geometry": { "type": "Polygon", "coordinates": [ [ [ -84.379390528098881, 33.728757842603926 ], [ -84.374563337146839, 33.730757909023268 ], [ -84.374297775211033, 33.735556197034562 ], [ -84.378859798236206, 33.738354681286125 ], [ -84.383687494157584, 33.736354677828501 ], [ -84.383952662055222, 33.731556127162605 ], [ -84.379390528098881, 33.728757842603926 ] ] ] } },
{ "type": "Feature", "properties": { "hex_id": "8844c106ddfffff", "lat": 33.761909853016562, "lon": -84.287958266649852, "restaurant_accessibility": 6.5082036291583671, "park_accessibility": 4.2944717308156974, "clinic_accessibility": 1.7663840920626366, "restaurant_norm": 0.10542059398727975, "park_norm": 0.21108577831073391, "clinic_norm": 0.24071082235444682, "user_match_score": 0.17010320376649202, "suitability": 0, "suitability_label": "Most Suitable" }, "geometry": { "type": "Polygon", "coordinates": [ [ [ -84.288227534446591, 33.757114757219732 ], [ -84.28340243943336, 33.759109174724294 ], [ -84.283132963285396, 33.76390407983574 ], [ -84.287688975320236, 33.76670483076439 ], [ -84.292514576028054, 33.764710477285654 ], [ -84.292783658977086, 33.759915308857394 ], [ -84.288227534446591, 33.757114757219732 ] ] ] } },
{ "type": "Feature", "properties": { "hex_id": "8844c1a1bdfffff", "lat": 33.757495479193885, "lon": -84.491101045415377, "restaurant_accessibility": 0.0, "park_accessibility": 1.6728320617439443, "clinic_accessibility": 0.95934264576326111, "restaurant_norm": 0.0, "park_norm": 0.082224562151047106, "clinic_norm": 0.13073269750279018, "user_match_score": 0.060515535216220787, "suitability": 1, "suitability_label": "Okay" }, "geometry": { "type": "Polygon", "coordinates": [ [ [ -84.491361730731015, 33.752694209066384 ], [ -84.486529317776032, 33.754699048313647 ], [ -84.486268423316162, 33.759500128573372 ], [ -84.490840337282577, 33.762296631189251 ], [ -84.495673254864002, 33.760291853782249 ], [ -84.495933753823465, 33.755490511924307 ], [ -84.491361730731015, 33.752694209066384 ] ] ] } },
{ "type": "Feature", "properties": { "hex_id": "8844c13019fffff", "lat": 33.890224398873777, "lon": -84.351552727420469, "restaurant_accessibility": 0.17066372074425895, "park_accessibility": 1.6917969203800212, "clinic_accessibility": 0.17405648393429587, "restaurant_norm": 0.0027644296088605406, "park_norm": 0.083156740122326697, "clinic_norm": 0.023719235002294298, "user_match_score": 0.019185582817580663, "suitability": 2, "suitability_label": "Less Suitable" }, "geometry": { "type": "Polygon", "coordinates": [ [ [ -84.351819637951351, 33.885430363714697 ], [ -84.346986324908343, 33.887423250209125 ], [ -84.346719205265032, 33.892217094346016 ], [ -84.351285793523076, 33.895018314247054 ], [ -84.356119613170492, 33.893025491500424 ], [ -84.356386337926068, 33.888231385110039 ], [ -84.351819637951351, 33.885430363714697 ] ] ] } },
{ "type": "Feature", "properties": { "hex_id": "8844c1a1b5fffff", "lat": 33.764301090677826, "lon": -84.486007506021224, "restaurant_accessibility": 0.0, "park_accessibility": 2.0508423664700075, "clinic_accessibility": 0.95640732426218067, "restaurant_norm": 0.0, "park_norm": 0.10080486827112554, "clinic_norm": 0.13033269183269003, "user_match_score": 0.062213563560188576, "suitability": 1, "suitability_label": "Okay" }, "geometry": { "type": "Polygon", "coordinates": [ [ [ -84.486268423316162, 33.759500128573372 ], [ -84.481435887592284, 33.761504460064138 ], [ -84.481174761146434, 33.76630523224938 ], [ -84.485746565888235, 33.769101934563665 ], [ -84.490579606329604, 33.767097664989137 ], [ -84.490840337282577, 33.762296631189251 ], [ -84.486268423316162, 33.759500128573372 ] ] ] } },
{ "type": "Feature", "properties": { "hex_id": "8844c1a9b7fffff", "lat": 33.808289928913851, "lon": -84.32308295359428, "restaurant_accessibility": 6.3165668268642285, "park_accessibility": 4.8966460366046753, "clinic_accessibility": 3.7697058988111865, "restaurant_norm": 0.10231644011029303, "park_norm": 0.24068439718254769, "clinic_norm": 0.51370990659095717, "user_match_score": 0.28071062240978417, "suitability": 0, "suitability_label": "Most Suitable" }, "geometry": { "type": "Polygon", "coordinates": [ [ [ -84.323350858481774, 33.803494845810448 ], [ -84.318522342554104, 33.805489324070749 ], [ -84.318254228991705, 33.810284216413798 ], [ -84.322815025276455, 33.813084893331613 ], [ -84.327644047167297, 33.811090478867946 ], [ -84.3279117667809, 33.806295323694847 ], [ -84.323350858481774, 33.803494845810448 ] ] ] } },
{ "type": "Feature", "properties": { "hex_id": "8844c1ab23fffff", "lat": 33.692375191991381, "lon": -84.320126616858516, "restaurant_accessibility": 0.51947166538242517, "park_accessibility": 2.5167592466379443, "clinic_accessibility": 0.0, "restaurant_norm": 0.0084144588345123079, "park_norm": 0.12370603829691529, "clinic_norm": 0.0, "user_match_score": 0.016577833246947685, "suitability": 2, "suitability_label": "Less Suitable" }, "geometry": { "type": "Polygon", "coordinates": [ [ [ -84.320394353430316, 33.687577542670049 ], [ -84.315571225357715, 33.689576148485273 ], [ -84.315303280578831, 33.69437360756627 ], [ -84.319858856897255, 33.697172724160694 ], [ -84.324682489842118, 33.69517418180655 ], [ -84.32495004156705, 33.690376459401861 ], [ -84.320394353430316, 33.687577542670049 ] ] ] } },
{ "type": "Feature", "properties": { "hex_id": "8844c1a005fffff", "lat": 33.695422750283498, "lon": -84.527523002317409, "restaurant_accessibility": 0.0, "park_accessibility": 1.3779869056760714, "clinic_accessibility": 0.17595700776206938, "restaurant_norm": 0.0, "park_norm": 0.067732065017315768, "clinic_norm": 0.023978225476417838, "user_match_score": 0.016364496692298711, "suitability": 2, "suitability_label": "Less Suitable" }, "geometry": { "type": "Polygon", "coordinates": [ [ [ -84.527781996554765, 33.690618975667 ], [ -84.522951072152964, 33.692627935388884 ], [ -84.522691868872059, 33.697431520568649 ], [ -84.527263985417932, 33.700226407564898 ], [ -84.532095413667918, 33.69821750909643 ], [ -84.532354221494813, 33.69341366238347 ], [ -84.527781996554765, 33.690618975667 ] ] ] } },
{ "type": "Feature", "properties": { "hex_id": "8844c1a933fffff", "lat": 33.755925268511326, "lon": -84.302434710255866, "restaurant_accessibility": 5.1215682853230975, "park_accessibility": 8.5442699444792378, "clinic_accessibility": 1.9344988799379526, "restaurant_norm": 0.082959723074152864, "park_norm": 0.41997572329689964, "clinic_norm": 0.26362036338872813, "user_match_score": 0.18892557922225767, "suitability": 0, "suitability_label": "Most Suitable" }, "geometry": { "type": "Polygon", "coordinates": [ [ [ -84.302703352929612, 33.751129600826083 ], [ -84.297877991260705, 33.753124970272545 ], [ -84.297609140201104, 33.757920447356291 ], [ -84.302166044102592, 33.760720818216576 ], [ -84.30699191133732, 33.758725512622341 ], [ -84.307260369075394, 33.753929772320575 ], [ -84.302703352929612, 33.751129600826083 ] ] ] } },
{ "type": "Feature", "properties": { "hex_id": "8844c1ac23fffff", "lat": 33.857497365684239, "lon": -84.476209012629482, "restaurant_accessibility": 3.9912044293812254, "park_accessibility": 1.630883380164265, "clinic_accessibility": 0.34857172663465047, "restaurant_norm": 0.064649965742458224, "park_norm": 0.08016266242149088, "clinic_norm": 0.047500986532186706, "user_match_score": 0.059341643726252884, "suitability": 1, "suitability_label": "Okay" }, "geometry": { "type": "Polygon", "coordinates": [ [ [ -84.476470573850605, 33.852698850912702 ], [ -84.471634147851844, 33.854699251568867 ], [ -84.471372377150587, 33.85949757595521 ], [ -84.475947428495473, 33.862295761012383 ], [ -84.480784360150665, 33.860295422669481 ], [ -84.481045734775307, 33.85549683696135 ], [ -84.476470573850605, 33.852698850912702 ] ] ] } },
{ "type": "Feature", "properties": { "hex_id": "8844c13281fffff", "lat": 33.886662357836002, "lon": -84.394263171354822, "restaurant_accessibility": 1.0498527244640796, "park_accessibility": 1.3617643763217024, "clinic_accessibility": 0.0, "restaurant_norm": 0.017005629220989773, "park_norm": 0.066934680507746466, "clinic_norm": 0.0, "user_match_score": 0.015196282661269534, "suitability": 2, "suitability_label": "Less Suitable" }, "geometry": { "type": "Polygon", "coordinates": [ [ [ -84.394528268983322, 33.88186696366369 ], [ -84.389693535582154, 33.883862142221929 ], [ -84.389428228684423, 33.888657345554925 ], [ -84.39399805051174, 33.89145763223889 ], [ -84.398833290267405, 33.889462516960826 ], [ -84.399098201811924, 33.884667051723753 ], [ -84.394528268983322, 33.88186696366369 ] ] ] } },
{ "type": "Feature", "properties": { "hex_id": "8844c1adadfffff", "lat": 33.889877476784463, "lon": -84.431891944454534, "restaurant_accessibility": 0.0, "park_accessibility": 0.88190917915348244, "clinic_accessibility": 0.0, "restaurant_norm": 0.0, "park_norm": 0.043348401654429825, "clinic_norm": 0.0, "user_match_score": 0.0043348401654429826, "suitability": 2, "suitability_label": "Less Suitable" }, "geometry": { "type": "Polygon", "coordinates": [ [ [ -84.432155459821942, 33.885081035630051 ], [ -84.427319188531072, 33.887077998565765 ], [ -84.427055463731605, 33.891874249013469 ], [ -84.431628406003767, 33.894673798100108 ], [ -84.436465183488195, 33.89267689805218 ], [ -84.436728512477586, 33.887880386034993 ], [ -84.432155459821942, 33.885081035630051 ] ] ] } },
{ "type": "Feature", "properties": { "hex_id": "8844c1ab17fffff", "lat": 33.70237055142907, "lon": -84.352560700087778, "restaurant_accessibility": 0.0, "park_accessibility": 2.1388348572000804, "clinic_accessibility": 0.0, "restaurant_norm": 0.0, "park_norm": 0.10512995516318188, "clinic_norm": 0.0, "user_match_score": 0.010512995516318189, "suitability": 2, "suitability_label": "Less Suitable" }, "geometry": { "type": "Polygon", "coordinates": [ [ [ -84.352827095244848, 33.697572156795587 ], [ -84.348002308021393, 33.699572031102903 ], [ -84.347735704488173, 33.704370235577166 ], [ -84.352294281650458, 33.707168828756075 ], [ -84.357119573679682, 33.705169017595161 ], [ -84.357385783711635, 33.700370550113952 ], [ -84.352827095244848, 33.697572156795587 ] ] ] } },
{ "type": "Feature", "properties": { "hex_id": "8844c1a931fffff", "lat": 33.748329375248929, "lon": -84.298146818826083, "restaurant_accessibility": 2.5544071360262923, "park_accessibility": 5.9942597178903272, "clinic_accessibility": 1.1139026703684189, "restaurant_norm": 0.041376566086341354, "park_norm": 0.29463530260734228, "clinic_norm": 0.15179508749656953, "user_match_score": 0.11086984830253271, "suitability": 0, "suitability_label": "Most Suitable" }, "geometry": { "type": "Polygon", "coordinates": [ [ [ -84.298415622900322, 33.743533662348625 ], [ -84.293590766745965, 33.745529095669085 ], [ -84.293321754332965, 33.75032461798596 ], [ -84.297877991260705, 33.753124970272545 ], [ -84.302703352929612, 33.751129600826083 ], [ -84.302971972126926, 33.746333815223998 ], [ -84.298415622900322, 33.743533662348625 ] ] ] } },
{ "type": "Feature", "properties": { "hex_id": "8844c13309fffff", "lat": 33.821059373736475, "lon": -84.303499824330231, "restaurant_accessibility": 4.1115008357520706, "park_accessibility": 3.5405996775135353, "clinic_accessibility": 2.3518227751556222, "restaurant_norm": 0.066598540085973296, "park_norm": 0.1740307738555591, "clinic_norm": 0.32049042831821012, "user_match_score": 0.17889851875582663, "suitability": 0, "suitability_label": "Most Suitable" }, "geometry": { "type": "Polygon", "coordinates": [ [ [ -84.303768587349794, 33.816265172619339 ], [ -84.298940217744857, 33.818258189263084 ], [ -84.298671246078726, 33.823052199485296 ], [ -84.303231037806015, 33.825853456013292 ], [ -84.308059913593652, 33.823860503415474 ], [ -84.308328491441912, 33.819066230248723 ], [ -84.303768587349794, 33.816265172619339 ] ] ] } },
{ "type": "Feature", "properties": { "hex_id": "8844c1aa2bfffff", "lat": 33.691161457867921, "lon": -84.39089907733468, "restaurant_accessibility": 0.0, "park_accessibility": 2.9235748074292949, "clinic_accessibility": 0.58864031833786745, "restaurant_norm": 0.0, "park_norm": 0.14370220654791671, "clinic_norm": 0.080215903061397698, "user_match_score": 0.046456581879350756, "suitability": 1, "suitability_label": "Okay" }, "geometry": { "type": "Polygon", "coordinates": [ [ [ -84.391163828209841, 33.686361660096352 ], [ -84.386338130265571, 33.688363881625406 ], [ -84.386073170905291, 33.693163489440131 ], [ -84.39063430331862, 33.695961138455083 ], [ -84.395460505769435, 33.693958979626863 ], [ -84.395725071271215, 33.689159109087875 ], [ -84.391163828209841, 33.686361660096352 ] ] ] } },
{ "type": "Feature", "properties": { "hex_id": "8844c1a9d3fffff", "lat": 33.782730856070586, "lon": -84.362248380747047, "restaurant_accessibility": 18.87725188906251, "park_accessibility": 13.209592779198191, "clinic_accessibility": 5.298733292945748, "restaurant_norm": 0.30577579012379785, "park_norm": 0.649289912180951, "clinic_norm": 0.72207537087388385, "user_match_score": 0.50664703462954752, "suitability": 0, "suitability_label": "Most Suitable" }, "geometry": { "type": "Polygon", "coordinates": [ [ [ -84.362514569255652, 33.777934011077342 ], [ -84.357685764080273, 33.779931411923485 ], [ -84.357419366840617, 33.784728066426325 ], [ -84.361982168956857, 33.787527582688199 ], [ -84.366811479655254, 33.785530245139718 ], [ -84.367077482685133, 33.78073332803676 ], [ -84.362514569255652, 33.777934011077342 ] ] ] } },
{ "type": "Feature", "properties": { "hex_id": "8844c1b99bfffff", "lat": 33.648751747758062, "lon": -84.402665176920877, "restaurant_accessibility": 4.1047275163048704, "park_accessibility": 2.0790254401261126, "clinic_accessibility": 0.36998541687680553, "restaurant_norm": 0.066488825116977804, "park_norm": 0.10219014832669078, "clinic_norm": 0.050419098742885762, "user_match_score": 0.063631066888312285, "suitability": 1, "suitability_label": "Okay" }, "geometry": { "type": "Polygon", "coordinates": [ [ [ -84.402929326058015, 33.643950635337092 ], [ -84.39810512061004, 33.645955009592768 ], [ -84.397840763107467, 33.650755932299454 ], [ -84.402401004702583, 33.653552743548573 ], [ -84.407225714194809, 33.651548431731946 ], [ -84.40748967801855, 33.646747246232188 ], [ -84.402929326058015, 33.643950635337092 ] ] ] } },
{ "type": "Feature", "properties": { "hex_id": "8844c1ad1dfffff", "lat": 33.847505047986395, "lon": -84.443669294411805, "restaurant_accessibility": 1.7791452807127808, "park_accessibility": 0.72415894942781645, "clinic_accessibility": 0.3700691295201825, "restaurant_norm": 0.028818789787415082, "park_norm": 0.035594518963481377, "clinic_norm": 0.050430506533138901, "user_match_score": 0.038141049403311242, "suitability": 1, "suitability_label": "Okay" }, "geometry": { "type": "Polygon", "coordinates": [ [ [ -84.443932206609716, 33.84270726942929 ], [ -84.439097435800591, 33.844706393732608 ], [ -84.438834314291299, 33.849503981822316 ], [ -84.443406359190504, 33.852302707255205 ], [ -84.448241635727896, 33.850303645582059 ], [ -84.448504361608585, 33.845505795851004 ], [ -84.443932206609716, 33.84270726942929 ] ] ] } },
{ "type": "Feature", "properties": { "hex_id": "8844c1ad53fffff", "lat": 33.841506336675089, "lon": -84.458174756964993, "restaurant_accessibility": 0.0, "park_accessibility": 0.43370329317164968, "clinic_accessibility": 0.45563588481341077, "restaurant_norm": 0.0, "park_norm": 0.021317778514675943, "clinic_norm": 0.062090962560448007, "user_match_score": 0.026968162875646799, "suitability": 2, "suitability_label": "Less Suitable" }, "geometry": { "type": "Polygon", "coordinates": [ [ [ -84.458437041160906, 33.836707986884527 ], [ -84.453602009356388, 33.838708066006951 ], [ -84.453339515815173, 33.843506225414473 ], [ -84.457912449799494, 33.8463045672462 ], [ -84.462747987200615, 33.844304550580112 ], [ -84.463010084991595, 33.839506129631161 ], [ -84.458437041160906, 33.836707986884527 ] ] ] } },
{ "type": "Feature", "properties": { "hex_id": "8844c13269fffff", "lat": 33.810705501440687, "lon": -84.351257061416234, "restaurant_accessibility": 6.9486478414732247, "park_accessibility": 6.5256134794818461, "clinic_accessibility": 3.0889966660165555, "restaurant_norm": 0.11255495749620031, "park_norm": 0.32075288571286148, "clinic_norm": 0.42094747743041999, "user_match_score": 0.25673175829155431, "suitability": 0, "suitability_label": "Most Suitable" }, "geometry": { "type": "Polygon", "coordinates": [ [ [ -84.351523783992178, 33.805909630195778 ], [ -84.346694111336745, 33.807905442785106 ], [ -84.346427179963499, 33.812701123368683 ], [ -84.350990315507815, 33.815501253948362 ], [ -84.355820494008526, 33.813505504862142 ], [ -84.356087031090325, 33.808709561698187 ], [ -84.351523783992178, 33.805909630195778 ] ] ] } },
{ "type": "Feature", "properties": { "hex_id": "8844c1aa3dfffff", "lat": 33.698758732941272, "lon": -84.395195917141535, "restaurant_accessibility": 0.2753207857912281, "park_accessibility": 3.4416537554389808, "clinic_accessibility": 0.63606963781005788, "restaurant_norm": 0.0044596761916174538, "park_norm": 0.16916729394907629, "clinic_norm": 0.086679248460150238, "user_match_score": 0.053818266874776449, "suitability": 1, "suitability_label": "Okay" }, "geometry": { "type": "Polygon", "coordinates": [ [ [ -84.395460505769435, 33.693958979626863 ], [ -84.39063430331862, 33.695961138455083 ], [ -84.390369506158606, 33.700760701794486 ], [ -84.394931305384503, 33.70355836896772 ], [ -84.399758012392439, 33.701556272818642 ], [ -84.400022415588197, 33.696756446822228 ], [ -84.395460505769435, 33.693958979626863 ] ] ] } },
{ "type": "Feature", "properties": { "hex_id": "8844c1add5fffff", "lat": 33.886285943792252, "lon": -84.474639164027352, "restaurant_accessibility": 20.142302096546292, "park_accessibility": 3.3415189749730856, "clinic_accessibility": 0.17721444342321219, "restaurant_norm": 0.32626721170427447, "park_norm": 0.16424537819423601, "clinic_norm": 0.024149580264661005, "user_match_score": 0.18921797577742525, "suitability": 0, "suitability_label": "Most Suitable" }, "geometry": { "type": "Polygon", "coordinates": [ [ [ -84.474900862770724, 33.881488146628136 ], [ -84.470063179621889, 33.883487404629207 ], [ -84.469801271290663, 33.888285011270646 ], [ -84.474377442353074, 33.891083621134257 ], [ -84.479215631441448, 33.889084425552639 ], [ -84.479477143498613, 33.884286557693166 ], [ -84.474900862770724, 33.881488146628136 ] ] ] } },
{ "type": "Feature", "properties": { "hex_id": "8844c1a135fffff", "lat": 33.711117812632203, "lon": -84.455851357045759, "restaurant_accessibility": 0.16748015384465967, "park_accessibility": 2.2106425003281056, "clinic_accessibility": 0.35055004011669189, "restaurant_norm": 0.0027128618441319805, "park_norm": 0.10865950971341282, "clinic_norm": 0.047770577651851408, "user_match_score": 0.031330612954147838, "suitability": 2, "suitability_label": "Less Suitable" }, "geometry": { "type": "Polygon", "coordinates": [ [ [ -84.456113416988956, 33.706316529880461 ], [ -84.451284412883751, 33.708321295401255 ], [ -84.451022144118696, 33.713122388359984 ], [ -84.455589274181207, 33.715918977890446 ], [ -84.460418782652866, 33.713914274439709 ], [ -84.46068065666644, 33.709112919393561 ], [ -84.456113416988956, 33.706316529880461 ] ] ] } },
{ "type": "Feature", "properties": { "hex_id": "8844c1ab45fffff", "lat": 33.657586969909126, "lon": -84.336199477361205, "restaurant_accessibility": 0.0, "park_accessibility": 0.53592078501921825, "clinic_accessibility": 0.0, "restaurant_norm": 0.0, "park_norm": 0.026342065592592463, "clinic_norm": 0.0, "user_match_score": 0.0026342065592592466, "suitability": 2, "suitability_label": "Less Suitable" }, "geometry": { "type": "Polygon", "coordinates": [ [ [ -84.336466449289858, 33.652788048870541 ], [ -84.331644305238839, 33.654788746099122 ], [ -84.33137712517528, 33.659587477120958 ], [ -84.335932482114657, 33.662385774245294 ], [ -84.340755130627073, 33.660385140194563 ], [ -84.341021917709497, 33.655586145846591 ], [ -84.336466449289858, 33.652788048870541 ] ] ] } },
{ "type": "Feature", "properties": { "hex_id": "8844c1a981fffff", "lat": 33.780321892918536, "lon": -84.33407787211587, "restaurant_accessibility": 3.192094052407036, "park_accessibility": 9.7572278079864372, "clinic_accessibility": 2.8053175626685265, "restaurant_norm": 0.051705888482092559, "park_norm": 0.4795961308174097, "clinic_norm": 0.38228961668624906, "user_match_score": 0.22672840399728689, "suitability": 0, "suitability_label": "Most Suitable" }, "geometry": { "type": "Polygon", "coordinates": [ [ [ -84.334345242691583, 33.775525836126278 ], [ -84.329517592907138, 33.777521902948344 ], [ -84.329250013722628, 33.782317769151014 ], [ -84.333810478160757, 33.785117831386628 ], [ -84.338638633586385, 33.783121828155721 ], [ -84.338905818903385, 33.778325699103078 ], [ -84.334345242691583, 33.775525836126278 ] ] ] } },
{ "type": "Feature", "properties": { "hex_id": "8844c13241fffff", "lat": 33.812312746785707, "lon": -84.370045624447783, "restaurant_accessibility": 7.5829709914413757, "park_accessibility": 7.6638118831854847, "clinic_accessibility": 2.763358728811824, "restaurant_norm": 0.1228297932358086, "park_norm": 0.37669864830661892, "clinic_norm": 0.37657175189791381, "user_match_score": 0.24971346220773175, "suitability": 0, "suitability_label": "Most Suitable" }, "geometry": { "type": "Polygon", "coordinates": [ [ [ -84.370311558245106, 33.807516350529546 ], [ -84.36548111544343, 33.809513053154589 ], [ -84.365214972767262, 33.814309258815555 ], [ -84.369779667383284, 33.817109024270188 ], [ -84.374610615951156, 33.815112384952457 ], [ -84.374876364107536, 33.81031591687784 ], [ -84.370311558245106, 33.807516350529546 ] ] ] } },
{ "type": "Feature", "properties": { "hex_id": "8844c1315bfffff", "lat": 33.870985753836941, "lon": -84.295980235172948, "restaurant_accessibility": 1.248902311046538, "park_accessibility": 3.3063310673327426, "clinic_accessibility": 0.36260923597279748, "restaurant_norm": 0.02022985618838705, "park_norm": 0.162515790171083, "clinic_norm": 0.049413922926811904, "user_match_score": 0.046132076282026591, "suitability": 1, "suitability_label": "Okay" }, "geometry": { "type": "Polygon", "coordinates": [ [ [ -84.296249442202395, 33.866192935081251 ], [ -84.291419074359752, 33.868183723759266 ], [ -84.291149658517014, 33.872976351363747 ], [ -84.295711004590274, 33.875778453099727 ], [ -84.300541879130861, 33.873787728703761 ], [ -84.300810900870843, 33.868994838294782 ], [ -84.296249442202395, 33.866192935081251 ] ] ] } },
{ "type": "Feature", "properties": { "hex_id": "8844c132c7fffff", "lat": 33.872275816262849, "lon": -84.395058394608654, "restaurant_accessibility": 2.0926903498040677, "park_accessibility": 3.1459179852907782, "clinic_accessibility": 0.35933820504620784, "restaurant_norm": 0.033897627099341757, "park_norm": 0.15463102054247491, "clinic_norm": 0.048968169057183923, "user_match_score": 0.051999183226791944, "suitability": 1, "suitability_label": "Okay" }, "geometry": { "type": "Polygon", "coordinates": [ [ [ -84.395323422611554, 33.867480063160365 ], [ -84.390489316910717, 33.869475814099523 ], [ -84.390224079692274, 33.874271376431217 ], [ -84.394793343400238, 33.877071449784957 ], [ -84.399627955313932, 33.875075762072861 ], [ -84.399892797277474, 33.870279937785099 ], [ -84.395323422611554, 33.867480063160365 ] ] ] } },
{ "type": "Feature", "properties": { "hex_id": "8844c1a185fffff", "lat": 33.743091314668511, "lon": -84.491883032922658, "restaurant_accessibility": 0.0, "park_accessibility": 1.038341837290683, "clinic_accessibility": 0.83550125947621012, "restaurant_norm": 0.0, "park_norm": 0.051037521868951753, "clinic_norm": 0.11385643482095117, "user_match_score": 0.050646326115275649, "suitability": 1, "suitability_label": "Okay" }, "geometry": { "type": "Polygon", "coordinates": [ [ [ -84.492143649804632, 33.73828969052488 ], [ -84.487311864174956, 33.740295099236469 ], [ -84.487051038202438, 33.745096533581808 ], [ -84.491622393232447, 33.747892820870135 ], [ -84.496454683347537, 33.745887473944833 ], [ -84.4967151139181, 33.741085777950097 ], [ -84.492143649804632, 33.73828969052488 ] ] ] } },
{ "type": "Feature", "properties": { "hex_id": "8844c1aaedfffff", "lat": 33.714748490320069, "lon": -84.413183317191113, "restaurant_accessibility": 0.55075536242488099, "park_accessibility": 5.005952218493646, "clinic_accessibility": 0.65992138016237234, "restaurant_norm": 0.0089211955797423095, "park_norm": 0.24605711399720129, "clinic_norm": 0.089929601847055868, "user_match_score": 0.065038149928413641, "suitability": 1, "suitability_label": "Okay" }, "geometry": { "type": "Polygon", "coordinates": [ [ [ -84.413447186896619, 33.709948563997713 ], [ -84.408619591967309, 33.71195104224315 ], [ -84.408355513595225, 33.716750778587524 ], [ -84.412919424412706, 33.719548299130366 ], [ -84.41774752396023, 33.71754588342278 ], [ -84.418011208042884, 33.71274588463956 ], [ -84.413447186896619, 33.709948563997713 ] ] ] } },
{ "type": "Feature", "properties": { "hex_id": "8844c1b987fffff", "lat": 33.63877429715361, "lon": -84.370223922181665, "restaurant_accessibility": 0.5571480142970382, "park_accessibility": 0.32355179679231572, "clinic_accessibility": 0.0, "restaurant_norm": 0.0090247444537353422, "park_norm": 0.015903512033776952, "clinic_norm": 0.0, "user_match_score": 0.0061027234302453662, "suitability": 2, "suitability_label": "Less Suitable" }, "geometry": { "type": "Polygon", "coordinates": [ [ [ -84.370489413655562, 33.633973930311548 ], [ -84.365666862129345, 33.63597703512589 ], [ -84.365401162458411, 33.640777212172054 ], [ -84.36995840751726, 33.64357454751952 ], [ -84.374781463156154, 33.641571505458877 ], [ -84.375046769594391, 33.636771065302071 ], [ -84.370489413655562, 33.633973930311548 ] ] ] } },
{ "type": "Feature", "properties": { "hex_id": "8844c1aa67fffff", "lat": 33.675966829736367, "lon": -84.382307884356422, "restaurant_accessibility": 0.0, "park_accessibility": 1.7834415400397923, "clinic_accessibility": 0.3359363803722315, "restaurant_norm": 0.0, "park_norm": 0.087661339775425257, "clinic_norm": 0.045779127394512703, "user_match_score": 0.027077784935347605, "suitability": 2, "suitability_label": "Less Suitable" }, "geometry": { "type": "Polygon", "coordinates": [ [ [ -84.382572959514647, 33.671166943617315 ], [ -84.377748270431724, 33.673169290612854 ], [ -84.377482986882313, 33.677968986811464 ], [ -84.382042786033793, 33.680766598878165 ], [ -84.386867979522094, 33.678764314626662 ], [ -84.387132869424363, 33.673964355569424 ], [ -84.382572959514647, 33.671166943617315 ] ] ] } },
{ "type": "Feature", "properties": { "hex_id": "8844c1a1bbfffff", "lat": 33.765884433762196, "lon": -84.504819119260773, "restaurant_accessibility": 0.0, "park_accessibility": 1.6712964144824562, "clinic_accessibility": 1.0355868792873051, "restaurant_norm": 0.0, "park_norm": 0.082149080620903148, "clinic_norm": 0.1411227436053489, "user_match_score": 0.064664005504229877, "suitability": 1, "suitability_label": "Okay" }, "geometry": { "type": "Polygon", "coordinates": [ [ [ -84.50507924537574, 33.761082948579542 ], [ -84.500245946139842, 33.763088171998461 ], [ -84.499985610793274, 33.767889467328899 ], [ -84.504558970373381, 33.770685800692064 ], [ -84.509392774244688, 33.768680638993182 ], [ -84.509652713871361, 33.763879082216299 ], [ -84.50507924537574, 33.761082948579542 ] ] ] } },
{ "type": "Feature", "properties": { "hex_id": "8844c1af21fffff", "lat": 33.796723964611843, "lon": -84.441727384285983, "restaurant_accessibility": 1.4223369075633345, "park_accessibility": 4.7008457157160244, "clinic_accessibility": 0.7240116712169703, "restaurant_norm": 0.023039168745976661, "park_norm": 0.23106024182213461, "clinic_norm": 0.098663391249944721, "user_match_score": 0.074090965055179675, "suitability": 1, "suitability_label": "Okay" }, "geometry": { "type": "Polygon", "coordinates": [ [ [ -84.441990252540052, 33.791925068267432 ], [ -84.437157869980865, 33.793925968235563 ], [ -84.436894792623704, 33.798724674337322 ], [ -84.441464493023759, 33.801522742339998 ], [ -84.446297380836597, 33.79952190486383 ], [ -84.446560062966512, 33.794722936898161 ], [ -84.441990252540052, 33.791925068267432 ] ] ] } },
{ "type": "Feature", "properties": { "hex_id": "8844c1a02dfffff", "lat": 33.693849774984166, "lon": -84.508718621550742, "restaurant_accessibility": 0.0, "park_accessibility": 1.9832082467305236, "clinic_accessibility": 0.37799331447893753, "restaurant_norm": 0.0, "park_norm": 0.097480454536340383, "clinic_norm": 0.051510360618375432, "user_match_score": 0.03035218970098421, "suitability": 2, "suitability_label": "Less Suitable" }, "geometry": { "type": "Polygon", "coordinates": [ [ [ -84.50897840643691, 33.689046523619467 ], [ -84.504148243526771, 33.691054592038604 ], [ -84.503888249677445, 33.695857653899282 ], [ -84.508458813936812, 33.698652909047624 ], [ -84.513289480777601, 33.696644902078042 ], [ -84.51354907939934, 33.691841578515728 ], [ -84.50897840643691, 33.689046523619467 ] ] ] } },
{ "type": "Feature", "properties": { "hex_id": "8844c1add3fffff", "lat": 33.89468121654339, "lon": -84.48837001536792, "restaurant_accessibility": 2.2805243704690081, "park_accessibility": 2.2309607124766155, "clinic_accessibility": 0.397104428982053, "restaurant_norm": 0.036940183103705393, "park_norm": 0.10965820894677258, "clinic_norm": 0.05411469345222876, "user_match_score": 0.05108178982742146, "suitability": 1, "suitability_label": "Okay" }, "geometry": { "type": "Polygon", "coordinates": [ [ [ -84.488631153920068, 33.889883207429577 ], [ -84.483792581882298, 33.891882849829848 ], [ -84.483531233654574, 33.896680668436659 ], [ -84.488108853929802, 33.899479105714462 ], [ -84.492947931916405, 33.897479525612759 ], [ -84.493208883649729, 33.892681445939928 ], [ -84.488631153920068, 33.889883207429577 ] ] ] } },
{ "type": "Feature", "properties": { "hex_id": "8844c1a0b5fffff", "lat": 33.769831748158289, "lon": -84.551868425952492, "restaurant_accessibility": 0.0, "park_accessibility": 0.0, "clinic_accessibility": 0.34574141504175354, "restaurant_norm": 0.0, "park_norm": 0.0, "clinic_norm": 0.047115290898883083, "user_match_score": 0.018846116359553234, "suitability": 2, "suitability_label": "Less Suitable" }, "geometry": { "type": "Polygon", "coordinates": [ [ [ -84.552126572132181, 33.765028956753746 ], [ -84.547291367674902, 33.767036411665977 ], [ -84.5470330120623, 33.771839013386298 ], [ -84.551610257164853, 33.77463442122464 ], [ -84.556445966050418, 33.772627027541539 ], [ -84.556703925376056, 33.767824164796203 ], [ -84.552126572132181, 33.765028956753746 ] ] ] } },
{ "type": "Feature", "properties": { "hex_id": "8844c1a31dfffff", "lat": 33.651400744401968, "lon": -84.520453923440797, "restaurant_accessibility": 1.4066660111302998, "park_accessibility": 0.33328197119082925, "clinic_accessibility": 0.80079023025818219, "restaurant_norm": 0.022785329852110136, "park_norm": 0.016381778410819628, "clinic_norm": 0.10912625160350378, "user_match_score": 0.056681343408538545, "suitability": 1, "suitability_label": "Okay" }, "geometry": { "type": "Polygon", "coordinates": [ [ [ -84.520713108937926, 33.646596178365499 ], [ -84.5158844454063, 33.648606396572625 ], [ -84.515625051066692, 33.653410773348682 ], [ -84.520194715275395, 33.656205193692358 ], [ -84.525023882274354, 33.654195036673258 ], [ -84.525282881568245, 33.649390398127629 ], [ -84.520713108937926, 33.646596178365499 ] ] ] } },
{ "type": "Feature", "properties": { "hex_id": "8844c1b8a9fffff", "lat": 33.63592996873912, "lon": -84.422227019918694, "restaurant_accessibility": 5.7712064679451149, "park_accessibility": 0.26593590054295252, "clinic_accessibility": 0.33598557933031781, "restaurant_norm": 0.093482633387222833, "park_norm": 0.013071523126830001, "clinic_norm": 0.045785831894237961, "user_match_score": 0.066362801763989607, "suitability": 1, "suitability_label": "Okay" }, "geometry": { "type": "Polygon", "coordinates": [ [ [ -84.42249031247394, 33.631127981270602 ], [ -84.417665966723447, 33.63313381293667 ], [ -84.417402465775311, 33.637935610827583 ], [ -84.421963704356472, 33.640731839733924 ], [ -84.426788553930564, 33.638726070256503 ], [ -84.427051661070806, 33.633924009689139 ], [ -84.42249031247394, 33.631127981270602 ] ] ] } },
{ "type": "Feature", "properties": { "hex_id": "8844c13305fffff", "lat": 33.827036897774384, "lon": -84.28901435642068, "restaurant_accessibility": 2.4032542624396496, "park_accessibility": 1.5622247565219074, "clinic_accessibility": 1.0219986238940983, "restaurant_norm": 0.038928175313041484, "park_norm": 0.076787891339568301, "clinic_norm": 0.13927102848588038, "user_match_score": 0.08285128818482973, "suitability": 1, "suitability_label": "Okay" }, "geometry": { "type": "Polygon", "coordinates": [ [ [ -84.289283745345372, 33.822243269425684 ], [ -84.284455642683014, 33.824235332948703 ], [ -84.284186045146427, 33.829028770318835 ], [ -84.288744943937871, 33.83183040721412 ], [ -84.293573552912008, 33.82983840791055 ], [ -84.293842756753492, 33.825044707497227 ], [ -84.289283745345372, 33.822243269425684 ] ] ] } },
{ "type": "Feature", "properties": { "hex_id": "8844c13213fffff", "lat": 33.857084415034173, "lon": -84.386451498867672, "restaurant_accessibility": 5.8555128236691871, "park_accessibility": 3.1918579170744912, "clinic_accessibility": 0.44764899629731469, "restaurant_norm": 0.094848236955235948, "park_norm": 0.15688910183022042, "clinic_norm": 0.061002563660456893, "user_match_score": 0.087514054124822771, "suitability": 1, "suitability_label": "Okay" }, "geometry": { "type": "Polygon", "coordinates": [ [ [ -84.386716852355462, 33.852288565627227 ], [ -84.381883758927785, 33.85428444308765 ], [ -84.381618196318868, 33.859080101759318 ], [ -84.386186122150747, 33.861880145067168 ], [ -84.391019721689574, 33.859884330878579 ], [ -84.39128488925607, 33.855088410115421 ], [ -84.386716852355462, 33.852288565627227 ] ] ] } },
{ "type": "Feature", "properties": { "hex_id": "8844c1ad6dfffff", "lat": 33.815519700307284, "lon": -84.407636718880127, "restaurant_accessibility": 4.6572778862340041, "park_accessibility": 5.8193557973843859, "clinic_accessibility": 2.3259628129518553, "restaurant_norm": 0.07543909642453879, "park_norm": 0.28603826611396599, "clinic_norm": 0.31696640837481554, "user_match_score": 0.1931099381735922, "suitability": 0, "suitability_label": "Most Suitable" }, "geometry": { "type": "Polygon", "coordinates": [ [ [ -84.407901073751191, 33.81072225502998 ], [ -84.403069093075516, 33.812720738884373 ], [ -84.402804529162893, 33.817517993699077 ], [ -84.407372340872698, 33.820317026744085 ], [ -84.412204827155023, 33.818318605805167 ], [ -84.412468996091647, 33.813521088910882 ], [ -84.407901073751191, 33.81072225502998 ] ] ] } },
{ "type": "Feature", "properties": { "hex_id": "8844c1a161fffff", "lat": 33.674710359550687, "lon": -84.453119652193152, "restaurant_accessibility": 1.2528373120433998, "park_accessibility": 5.1860033060472306, "clinic_accessibility": 0.50052220904661182, "restaurant_norm": 0.020293595764784317, "park_norm": 0.25490714872422543, "clinic_norm": 0.068207765846434024, "user_match_score": 0.062920619093388322, "suitability": 1, "suitability_label": "Okay" }, "geometry": { "type": "Polygon", "coordinates": [ [ [ -84.453381737552462, 33.669908328742089 ], [ -84.448554490038021, 33.671914294515986 ], [ -84.448292196010883, 33.676716135689205 ], [ -84.452857543918597, 33.679512273350163 ], [ -84.457685295467599, 33.677506369559218 ], [ -84.457947195045207, 33.672704266129465 ], [ -84.453381737552462, 33.669908328742089 ] ] ] } },
{ "type": "Feature", "properties": { "hex_id": "8844c1b9b5fffff", "lat": 33.652379435171255, "lon": -84.360046605096187, "restaurant_accessibility": 0.42944047792787726, "park_accessibility": 0.67957225302544555, "clinic_accessibility": 0.0, "restaurant_norm": 0.0069561238161800756, "park_norm": 0.033402953131329252, "clinic_norm": 0.0, "user_match_score": 0.0068183572212229633, "suitability": 2, "suitability_label": "Less Suitable" }, "geometry": { "type": "Polygon", "coordinates": [ [ [ -84.360312559407916, 33.64757968105814 ], [ -84.355489767069372, 33.649581772539086 ], [ -84.355223604547859, 33.654381336753239 ], [ -84.35978062755234, 33.657179072634761 ], [ -84.364603924183768, 33.655177044060075 ], [ -84.364869693488657, 33.650377216702601 ], [ -84.360312559407916, 33.64757968105814 ] ] ] } },
{ "type": "Feature", "properties": { "hex_id": "8844c1af65fffff", "lat": 33.774729958700391, "lon": -84.438209949209408, "restaurant_accessibility": 0.0, "park_accessibility": 5.2406090549322206, "clinic_accessibility": 0.94993745245261851, "restaurant_norm": 0.0, "park_norm": 0.25759118013160864, "clinic_norm": 0.12945102166208236, "user_match_score": 0.077539526677993811, "suitability": 1, "suitability_label": "Okay" }, "geometry": { "type": "Polygon", "coordinates": [ [ [ -84.438472911481554, 33.769930660350816 ], [ -84.433641661186329, 33.77193219336894 ], [ -84.433378489911803, 33.776731301562961 ], [ -84.437946963926279, 33.779529138726922 ], [ -84.442778719283496, 33.777527668169121 ], [ -84.443041495535084, 33.772728297992195 ], [ -84.438472911481554, 33.769930660350816 ] ] ] } },
{ "type": "Feature", "properties": { "hex_id": "8844c13223fffff", "lat": 33.846267558635937, "lon": -84.344558006370647, "restaurant_accessibility": 2.4017050503524553, "park_accessibility": 3.9204879670267565, "clinic_accessibility": 1.2960061570136427, "restaurant_norm": 0.038903081006263406, "park_norm": 0.19270338839103782, "clinic_norm": 0.17661091335288021, "user_match_score": 0.10936624468338757, "suitability": 0, "suitability_label": "Most Suitable" }, "geometry": { "type": "Polygon", "coordinates": [ [ [ -84.344825101260298, 33.841472710698255 ], [ -84.339994055005306, 33.843466870196394 ], [ -84.339726751204893, 33.8482615272844 ], [ -84.344290888109299, 33.851062287372002 ], [ -84.349122440583145, 33.849068191559795 ], [ -84.349389349904357, 33.844273271979127 ], [ -84.344825101260298, 33.841472710698255 ] ] ] } },
{ "type": "Feature", "properties": { "hex_id": "8844c1aeabfffff", "lat": 33.85626169620825, "lon": -84.547217925889797, "restaurant_accessibility": 0.0, "park_accessibility": 1.2767148256104695, "clinic_accessibility": 0.95971269254987024, "restaurant_norm": 0.0, "park_norm": 0.062754247678712835, "clinic_norm": 0.13078312496458322, "user_match_score": 0.058588674753704571, "suitability": 1, "suitability_label": "Okay" }, "geometry": { "type": "Polygon", "coordinates": [ [ [ -84.547476479465715, 33.85146104458412 ], [ -84.542637502468452, 33.853465081643883 ], [ -84.542378739136268, 33.85826554316828 ], [ -84.546959349652582, 33.861062228354371 ], [ -84.551798831925538, 33.859058252844356 ], [ -84.552057198377327, 33.854257530603775 ], [ -84.547476479465715, 33.85146104458412 ] ] ] } },
{ "type": "Feature", "properties": { "hex_id": "8844c132edfffff", "lat": 33.863070520636398, "lon": -84.371951855005662, "restaurant_accessibility": 6.0304466497239346, "park_accessibility": 3.5471598575555165, "clinic_accessibility": 0.3681326937754455, "restaurant_norm": 0.097681834196805942, "park_norm": 0.17435322578837392, "clinic_norm": 0.050166622226975405, "user_match_score": 0.086342888568030518, "suitability": 1, "suitability_label": "Okay" }, "geometry": { "type": "Polygon", "coordinates": [ [ [ -84.372217835822525, 33.858275243519238 ], [ -84.367385006277686, 33.860270166494239 ], [ -84.367118816374017, 33.865065252792192 ], [ -84.37168585090599, 33.867865678310999 ], [ -84.376519186692548, 33.86587081878146 ], [ -84.376784981676067, 33.861075470292754 ], [ -84.372217835822525, 33.858275243519238 ] ] ] } },
{ "type": "Feature", "properties": { "hex_id": "8844c1a901fffff", "lat": 33.727149494910812, "lon": -84.304046214213031, "restaurant_accessibility": 0.0, "park_accessibility": 3.6214367286475713, "clinic_accessibility": 0.27880007988408312, "restaurant_norm": 0.0, "park_norm": 0.17800415007609169, "clinic_norm": 0.037992980577071095, "user_match_score": 0.032997607238437608, "suitability": 2, "suitability_label": "Less Suitable" }, "geometry": { "type": "Polygon", "coordinates": [ [ [ -84.304314716074103, 33.722353120672253 ], [ -84.299490604347, 33.724349633243889 ], [ -84.299221894206738, 33.729145817019223 ], [ -84.303777688890847, 33.731945751548452 ], [ -84.308602305901289, 33.72994930272057 ], [ -84.308870622914995, 33.72515285562465 ], [ -84.304314716074103, 33.722353120672253 ] ] ] } },
{ "type": "Feature", "properties": { "hex_id": "8844c1aab3fffff", "lat": 33.767132966892071, "lon": -84.433904809434992, "restaurant_accessibility": 0.0, "park_accessibility": 4.5287014322877432, "clinic_accessibility": 1.0739121405090581, "restaurant_norm": 0.0, "park_norm": 0.22259884951898853, "clinic_norm": 0.14634544980333364, "user_match_score": 0.080798064873232309, "suitability": 1, "suitability_label": "Okay" }, "geometry": { "type": "Polygon", "coordinates": [ [ [ -84.43416793466082, 33.762333622195619 ], [ -84.429337189377151, 33.764335217696136 ], [ -84.429073855196009, 33.769134372254996 ], [ -84.433641661186329, 33.77193219336894 ], [ -84.438472911481554, 33.769930660350816 ], [ -84.438735850745744, 33.765131243741479 ], [ -84.43416793466082, 33.762333622195619 ] ] ] } },
{ "type": "Feature", "properties": { "hex_id": "8844c1ac69fffff", "lat": 33.821903396769812, "lon": -84.482874716257555, "restaurant_accessibility": 0.90842445703666841, "park_accessibility": 2.2646555421665648, "clinic_accessibility": 0.25620358165884155, "restaurant_norm": 0.014714758681538381, "park_norm": 0.11131440784525726, "clinic_norm": 0.034913683331035991, "user_match_score": 0.03245429345770931, "suitability": 2, "suitability_label": "Less Suitable" }, "geometry": { "type": "Polygon", "coordinates": [ [ [ -84.483135907806655, 33.817103857467281 ], [ -84.478300861089949, 33.819105908403067 ], [ -84.478039460174983, 33.82390525750948 ], [ -84.482613501834493, 33.826702817094279 ], [ -84.487449053833615, 33.824700828289359 ], [ -84.487710058861609, 33.819901217773975 ], [ -84.483135907806655, 33.817103857467281 ] ] ] } },
{ "type": "Feature", "properties": { "hex_id": "8844c1a8d5fffff", "lat": 33.77993514729868, "lon": -84.414317531499663, "restaurant_accessibility": 16.31224683145653, "park_accessibility": 4.8621456448661107, "clinic_accessibility": 3.4973672214297555, "restaurant_norm": 0.26422755774493983, "park_norm": 0.23898860256597051, "clinic_norm": 0.47659744204489285, "user_match_score": 0.34665161594702409, "suitability": 0, "suitability_label": "Most Suitable" }, "geometry": { "type": "Polygon", "coordinates": [ [ [ -84.414581515573047, 33.775136681633597 ], [ -84.409750910284416, 33.777136815861766 ], [ -84.409486717283229, 33.781935091253473 ], [ -84.414053524328978, 33.784733494588657 ], [ -84.418884634850855, 33.782733423092694 ], [ -84.419148433064507, 33.777934885534457 ], [ -84.414581515573047, 33.775136681633597 ] ] ] } },
{ "type": "Feature", "properties": { "hex_id": "8844c11499fffff", "lat": 33.683176605425565, "lon": -84.29708579019767, "restaurant_accessibility": 0.52125889294367633, "park_accessibility": 1.0483912191025069, "clinic_accessibility": 0.0, "restaurant_norm": 0.008443408541963595, "park_norm": 0.051531478218942127, "clinic_norm": 0.0, "user_match_score": 0.0093748520928760102, "suitability": 2, "suitability_label": "Less Suitable" }, "geometry": { "type": "Polygon", "coordinates": [ [ [ -84.297354473807601, 33.678379439148692 ], [ -84.29253262123153, 33.680377221348877 ], [ -84.292263729542967, 33.685174197337552 ], [ -84.296817083121724, 33.687973654687802 ], [ -84.301639440596659, 33.685975936165484 ], [ -84.301907939564742, 33.681178696619966 ], [ -84.297354473807601, 33.678379439148692 ] ] ] } },
{ "type": "Feature", "properties": { "hex_id": "8844c1a1dbfffff", "lat": 33.739439329563375, "lon": -84.534598520231555, "restaurant_accessibility": 0.0, "park_accessibility": 0.74818129754476137, "clinic_accessibility": 0.20699759182362809, "restaurant_norm": 0.0, "park_norm": 0.036775287255127243, "clinic_norm": 0.02820822536681267, "user_match_score": 0.014960818872237793, "suitability": 2, "suitability_label": "Less Suitable" }, "geometry": { "type": "Polygon", "coordinates": [ [ [ -84.534857322745196, 33.734636351902203 ], [ -84.530024135503993, 33.73664405195278 ], [ -84.529765123745435, 33.741446840001558 ], [ -84.534339695061931, 33.74424218930104 ], [ -84.539173386532568, 33.742234550568242 ], [ -84.5394320024282, 33.737431501223405 ], [ -84.534857322745196, 33.734636351902203 ] ] ] } },
{ "type": "Feature", "properties": { "hex_id": "8844c1af25fffff", "lat": 33.795926550245312, "lon": -84.432325574494996, "restaurant_accessibility": 3.9819464546538681, "park_accessibility": 3.9684192831398208, "clinic_accessibility": 1.1295601128763619, "restaurant_norm": 0.064500004055564372, "park_norm": 0.19505935201156496, "clinic_norm": 0.1539287773769247, "user_match_score": 0.11332744817970856, "suitability": 0, "suitability_label": "Most Suitable" }, "geometry": { "type": "Polygon", "coordinates": [ [ [ -84.432588837903026, 33.791127915815274 ], [ -84.427756838619445, 33.793128370144181 ], [ -84.427493366148838, 33.797926814298251 ], [ -84.432062288046055, 33.800725066076225 ], [ -84.436894792623704, 33.798724674337322 ], [ -84.437157869980865, 33.793925968235563 ], [ -84.432588837903026, 33.791127915815274 ] ] ] } },
{ "type": "Feature", "properties": { "hex_id": "8844c1aa25fffff", "lat": 33.68956948816151, "lon": -84.372127123606603, "restaurant_accessibility": 0.0, "park_accessibility": 1.8487071639227997, "clinic_accessibility": 0.17533124339468978, "restaurant_norm": 0.0, "park_norm": 0.090869335048842384, "clinic_norm": 0.023892950560192701, "user_match_score": 0.018644113728961319, "suitability": 2, "suitability_label": "Less Suitable" }, "geometry": { "type": "Polygon", "coordinates": [ [ [ -84.372392661938846, 33.684770216022386 ], [ -84.367567731464263, 33.68677154891818 ], [ -84.36730198472803, 33.691570631033962 ], [ -84.371861562068304, 33.694368643150177 ], [ -84.376686997128743, 33.69236737315078 ], [ -84.37695235023385, 33.687568028143808 ], [ -84.372392661938846, 33.684770216022386 ] ] ] } },
{ "type": "Feature", "properties": { "hex_id": "8844c13257fffff", "lat": 33.835100615693811, "lon": -84.382945776954088, "restaurant_accessibility": 20.215087818498407, "park_accessibility": 8.1896767027230517, "clinic_accessibility": 1.0265704168944911, "restaurant_norm": 0.32744620278679182, "park_norm": 0.4025464339426969, "clinic_norm": 0.13989404137288719, "user_match_score": 0.25993536133682049, "suitability": 0, "suitability_label": "Most Suitable" }, "geometry": { "type": "Polygon", "coordinates": [ [ [ -84.383211223373522, 33.830304360983931 ], [ -84.378379263120664, 33.832300873753553 ], [ -84.37811360768093, 33.837096937814664 ], [ -84.382680307302834, 33.839896751322208 ], [ -84.387512773474455, 33.837900301793326 ], [ -84.387778034076121, 33.833103975521254 ], [ -84.383211223373522, 33.830304360983931 ] ] ] } },
{ "type": "Feature", "properties": { "hex_id": "8844c1ad03fffff", "lat": 33.846705199766298, "lon": -84.434262752122933, "restaurant_accessibility": 3.886458671924875, "park_accessibility": 0.2600795760586635, "clinic_accessibility": 0.58659490854909224, "restaurant_norm": 0.06295328251035659, "park_norm": 0.012783667742211706, "clinic_norm": 0.079937168512937751, "user_match_score": 0.064729875434574563, "suitability": 1, "suitability_label": "Okay" }, "geometry": { "type": "Polygon", "coordinates": [ [ [ -84.434526059876049, 33.841907682901066 ], [ -84.429691672667133, 33.843906361167519 ], [ -84.429428155643237, 33.848703687532073 ], [ -84.433999421313629, 33.851502597360501 ], [ -84.438834314291299, 33.849503981822316 ], [ -84.439097435800591, 33.844706393732608 ], [ -84.434526059876049, 33.841907682901066 ] ] ] } },
{ "type": "Feature", "properties": { "hex_id": "8844c1b8a7fffff", "lat": 33.649543802901142, "lon": -84.412050510916529, "restaurant_accessibility": 5.27417513777928, "park_accessibility": 2.1399079791942706, "clinic_accessibility": 0.41801273662510563, "restaurant_norm": 0.085431665556158512, "park_norm": 0.10518270223093892, "clinic_norm": 0.05696393555614853, "user_match_score": 0.076019677223632565, "suitability": 1, "suitability_label": "Okay" }, "geometry": { "type": "Polygon", "coordinates": [ [ [ -84.412314266334391, 33.644742427720431 ], [ -84.40748967801855, 33.646747246232188 ], [ -84.407225714194809, 33.651548431731946 ], [ -84.411786732450082, 33.654345061434498 ], [ -84.416611824770243, 33.652340305264026 ], [ -84.416875394801721, 33.647538857054769 ], [ -84.412314266334391, 33.644742427720431 ] ] ] } },
{ "type": "Feature", "properties": { "hex_id": "8844c1acc1fffff", "lat": 33.876671807346767, "lon": -84.531922938361092, "restaurant_accessibility": 5.3593881468436084, "park_accessibility": 3.7047715003288073, "clinic_accessibility": 2.406372745457583, "restaurant_norm": 0.086811955194109905, "park_norm": 0.18210029652745971, "clinic_norm": 0.32792412763072071, "user_match_score": 0.19278565830208921, "suitability": 0, "suitability_label": "Most Suitable" }, "geometry": { "type": "Polygon", "coordinates": [ [ [ -84.532182189326988, 33.87187208493711 ], [ -84.527342840676511, 33.873874595534737 ], [ -84.527083379933927, 33.878674127690964 ], [ -84.531663664671029, 33.881471410019891 ], [ -84.536503518871868, 33.879468961199116 ], [ -84.536762582756083, 33.874669168277833 ], [ -84.532182189326988, 33.87187208493711 ] ] ] } },
{ "type": "Feature", "properties": { "hex_id": "8844c1ab13fffff", "lat": 33.703168889237432, "lon": -84.361944953678517, "restaurant_accessibility": 0.12465674756454108, "park_accessibility": 2.4232051919626927, "clinic_accessibility": 0.19039218552916037, "restaurant_norm": 0.0020192036269270413, "park_norm": 0.11910758435820477, "clinic_norm": 0.025945353422577967, "user_match_score": 0.023298501618315186, "suitability": 2, "suitability_label": "Less Suitable" }, "geometry": { "type": "Polygon", "coordinates": [ [ [ -84.362210955293705, 33.698370231630172 ], [ -84.357385783711635, 33.700370550113952 ], [ -84.357119573679682, 33.705169017595161 ], [ -84.361678928815635, 33.707967429521211 ], [ -84.366504605164053, 33.705967174086076 ], [ -84.366770421580952, 33.701168443681254 ], [ -84.362210955293705, 33.698370231630172 ] ] ] } },
{ "type": "Feature", "properties": { "hex_id": "8844c1ace3fffff", "lat": 33.889478017789152, "lon": -84.51230510832535, "restaurant_accessibility": 3.1611079326879112, "park_accessibility": 4.9211113249984964, "clinic_accessibility": 1.2924685489779231, "restaurant_norm": 0.051203971926882759, "park_norm": 0.24188693727732793, "clinic_norm": 0.17612883216608044, "user_match_score": 0.12024221255760635, "suitability": 0, "suitability_label": "Most Suitable" }, "geometry": { "type": "Polygon", "coordinates": [ [ [ -84.512565221126891, 33.884679176390726 ], [ -84.507726007238517, 33.886680221851627 ], [ -84.50746568468719, 33.891478872860901 ], [ -84.512044972724723, 33.894276739296174 ], [ -84.516884692387976, 33.892275755861696 ], [ -84.517144618209585, 33.887476843970759 ], [ -84.512565221126891, 33.884679176390726 ] ] ] } },
{ "type": "Feature", "properties": { "hex_id": "8844c1b8b1fffff", "lat": 33.658724030184409, "lon": -84.435124718154128, "restaurant_accessibility": 6.1747744744166191, "park_accessibility": 2.975199906788299, "clinic_accessibility": 0.55984460961553384, "restaurant_norm": 0.10001967208187568, "park_norm": 0.14623973036030294, "clinic_norm": 0.076291819529407723, "user_match_score": 0.095150536888731235, "suitability": 0, "suitability_label": "Most Suitable" }, "geometry": { "type": "Polygon", "coordinates": [ [ [ -84.435387523229323, 33.653922173528528 ], [ -84.430561665857141, 33.655927818693108 ], [ -84.430298652248339, 33.66072948571658 ], [ -84.434861890107385, 33.663525770055458 ], [ -84.439688251454029, 33.661520187014979 ], [ -84.439950870938063, 33.656718257516602 ], [ -84.435387523229323, 33.653922173528528 ] ] ] } },
{ "type": "Feature", "properties": { "hex_id": "8844c1a12dfffff", "lat": 33.688324546334805, "lon": -84.442939752341502, "restaurant_accessibility": 1.3903095736016355, "park_accessibility": 6.2282767736246791, "clinic_accessibility": 0.66499726337162013, "restaurant_norm": 0.022520386488620047, "park_norm": 0.30613792165899673, "clinic_norm": 0.090621308722680191, "user_match_score": 0.078122508899281767, "suitability": 1, "suitability_label": "Okay" }, "geometry": { "type": "Polygon", "coordinates": [ [ [ -84.443202300930011, 33.683523129000122 ], [ -84.438374809622843, 33.685528080861815 ], [ -84.438112052353375, 33.690329308457862 ], [ -84.442677180796125, 33.693125846486893 ], [ -84.447505176319083, 33.691120956760592 ], [ -84.447767539154412, 33.68631946687497 ], [ -84.443202300930011, 33.683523129000122 ] ] ] } },
{ "type": "Feature", "properties": { "hex_id": "8844c1aa3bfffff", "lat": 33.707151188426913, "lon": -84.408883647251642, "restaurant_accessibility": 0.52741281474485757, "park_accessibility": 4.6419835106630849, "clinic_accessibility": 0.69324845241485067, "restaurant_norm": 0.0085430904401643873, "park_norm": 0.22816699321194389, "clinic_norm": 0.094471188812545612, "user_match_score": 0.06487672006629483, "suitability": 1, "suitability_label": "Okay" }, "geometry": { "type": "Polygon", "coordinates": [ [ [ -84.409147679451252, 33.702351217202157 ], [ -84.404320589089707, 33.704353758007194 ], [ -84.404056348270501, 33.709153539272087 ], [ -84.408619591967309, 33.71195104224315 ], [ -84.413447186896619, 33.709948563997713 ], [ -84.413711033532181, 33.705148520226665 ], [ -84.409147679451252, 33.702351217202157 ] ] ] } },
{ "type": "Feature", "properties": { "hex_id": "8844c1aeebfffff", "lat": 33.835053447724114, "lon": -84.553090437781023, "restaurant_accessibility": 0.0, "park_accessibility": 1.1358613175883034, "clinic_accessibility": 0.18548494514073424, "restaurant_norm": 0.0, "park_norm": 0.055830888012538306, "clinic_norm": 0.025276628044730121, "user_match_score": 0.01569374001914588, "suitability": 2, "suitability_label": "Less Suitable" }, "geometry": { "type": "Polygon", "coordinates": [ [ [ -84.55334869104594, 33.830252128841174 ], [ -84.548510467215792, 33.832257244572652 ], [ -84.548252004255374, 33.837058373476232 ], [ -84.55283216188468, 33.839854647405126 ], [ -84.557670890757606, 33.837849593094454 ], [ -84.557928956929317, 33.83304820343939 ], [ -84.55334869104594, 33.830252128841174 ] ] ] } },
{ "type": "Feature", "properties": { "hex_id": "8844c1b887fffff", "lat": 33.644318110116295, "lon": -84.43591306447702, "restaurant_accessibility": 14.756570888905031, "park_accessibility": 0.4405326007067305, "clinic_accessibility": 0.3902756490864836, "restaurant_norm": 0.23902854873103338, "park_norm": 0.021653458846676191, "clinic_norm": 0.053184113726264075, "user_match_score": 0.14295326574068995, "suitability": 0, "suitability_label": "Most Suitable" }, "geometry": { "type": "Polygon", "coordinates": [ [ [ -84.436175800655533, 33.639515903486966 ], [ -84.431350568777276, 33.641522117408883 ], [ -84.431087624118604, 33.646324134475748 ], [ -84.43565030533594, 33.64912020015133 ], [ -84.44047604104793, 33.647114048298761 ], [ -84.440738591679747, 33.642311768706328 ], [ -84.436175800655533, 33.639515903486966 ] ] ] } },
{ "type": "Feature", "properties": { "hex_id": "8844c1a055fffff", "lat": 33.690178738766555, "lon": -84.551421982770819, "restaurant_accessibility": 0.0, "park_accessibility": 0.26964038476057778, "clinic_accessibility": 0.0, "restaurant_norm": 0.0, "park_norm": 0.013253609302576869, "clinic_norm": 0.0, "user_match_score": 0.0013253609302576871, "suitability": 2, "suitability_label": "Less Suitable" }, "geometry": { "type": "Polygon", "coordinates": [ [ [ -84.55167995419599, 33.685374134612346 ], [ -84.546848392754811, 33.687384492982964 ], [ -84.546590212212521, 33.692188907819627 ], [ -84.551163988770014, 33.694983225638623 ], [ -84.555996053885352, 33.692972928249013 ], [ -84.556253838740034, 33.688168252064614 ], [ -84.55167995419599, 33.685374134612346 ] ] ] } },
{ "type": "Feature", "properties": { "hex_id": "8844c114ddfffff", "lat": 33.661188148282463, "lon": -84.293607953209403, "restaurant_accessibility": 0.0, "park_accessibility": 0.0, "clinic_accessibility": 0.0, "restaurant_norm": 0.0, "park_norm": 0.0, "clinic_norm": 0.0, "user_match_score": 0.0, "suitability": 2, "suitability_label": "Less Suitable" }, "geometry": { "type": "Polygon", "coordinates": [ [ [ -84.293876727525117, 33.65639058805445 ], [ -84.289056003785191, 33.658389004624702 ], [ -84.288787021491061, 33.663186374652291 ], [ -84.293339155425272, 33.665985591789202 ], [ -84.298160383871945, 33.663987238863449 ], [ -84.298428973648456, 33.659189605161195 ], [ -84.293876727525117, 33.65639058805445 ] ] ] } },
{ "type": "Feature", "properties": { "hex_id": "8844c1af61fffff", "lat": 33.775525879735937, "lon": -84.4476105616137, "restaurant_accessibility": 0.0, "park_accessibility": 4.6724141348718282, "clinic_accessibility": 0.78017497604380093, "restaurant_norm": 0.0, "park_norm": 0.22966274691536018, "clinic_norm": 0.1063169448296893, "user_match_score": 0.065493052623411735, "suitability": 1, "suitability_label": "Okay" }, "geometry": { "type": "Polygon", "coordinates": [ [ [ -84.447873128822408, 33.770726319436783 ], [ -84.443041495535084, 33.772728297992195 ], [ -84.442778719283496, 33.777527668169121 ], [ -84.447347971426751, 33.780325321694917 ], [ -84.452180109735636, 33.778323405501837 ], [ -84.45244249085053, 33.773523773425786 ], [ -84.447873128822408, 33.770726319436783 ] ] ] } },
{ "type": "Feature", "properties": { "hex_id": "8844c1b8d7fffff", "lat": 33.639086270074237, "lon": -84.459779851129127, "restaurant_accessibility": 1.0157495485074006, "park_accessibility": 0.82358839926578575, "clinic_accessibility": 0.0, "restaurant_norm": 0.016453222248027442, "park_norm": 0.040481765666132111, "clinic_norm": 0.0, "user_match_score": 0.012274787690626933, "suitability": 2, "suitability_label": "Less Suitable" }, "geometry": { "type": "Polygon", "coordinates": [ [ [ -84.460041567611356, 33.634283232536255 ], [ -84.455215693692594, 33.636290842160768 ], [ -84.454953768656111, 33.641093690254991 ], [ -84.459518111770436, 33.643889191071061 ], [ -84.464344489351674, 33.641881643243856 ], [ -84.464606020127036, 33.63707853280836 ], [ -84.460041567611356, 33.634283232536255 ] ] ] } },
{ "type": "Feature", "properties": { "hex_id": "8844c1b8abfffff", "lat": 33.643528014309965, "lon": -84.426525423798182, "restaurant_accessibility": 11.308456167520054, "park_accessibility": 0.93275940427094217, "clinic_accessibility": 0.3933816927496574, "restaurant_norm": 0.1831756094597255, "park_norm": 0.045847838143712814, "clinic_norm": 0.053607384252641117, "user_match_score": 0.11761554224529049, "suitability": 0, "suitability_label": "Most Suitable" }, "geometry": { "type": "Polygon", "coordinates": [ [ [ -84.426788553930564, 33.638726070256503 ], [ -84.421963704356472, 33.640731839733924 ], [ -84.421700365784289, 33.645533594191484 ], [ -84.42626227067062, 33.648329841785987 ], [ -84.431087624118604, 33.646324134475748 ], [ -84.431350568777276, 33.641522117408883 ], [ -84.426788553930564, 33.638726070256503 ] ] ] } },
{ "type": "Feature", "properties": { "hex_id": "8844c1a063fffff", "lat": 33.687824232914238, "lon": -84.523210252756797, "restaurant_accessibility": 0.0, "park_accessibility": 1.8023266511389611, "clinic_accessibility": 0.3984720927818457, "restaurant_norm": 0.0, "park_norm": 0.088589597923277946, "clinic_norm": 0.054301069382261105, "user_match_score": 0.030579387545232241, "suitability": 2, "suitability_label": "Less Suitable" }, "geometry": { "type": "Polygon", "coordinates": [ [ [ -84.523469410686516, 33.683020413208254 ], [ -84.518638990083161, 33.68502943420544 ], [ -84.518379623156804, 33.689833064492809 ], [ -84.522951072152964, 33.692627935388884 ], [ -84.527781996554765, 33.690618975667 ], [ -84.528040968132899, 33.685815083778905 ], [ -84.523469410686516, 33.683020413208254 ] ] ] } },
{ "type": "Feature", "properties": { "hex_id": "8844c1a889fffff", "lat": 33.779136632310312, "lon": -84.404920392399163, "restaurant_accessibility": 23.123617167961818, "park_accessibility": 7.851940653598219, "clinic_accessibility": 4.464126055749162, "restaurant_norm": 0.37455887920584863, "park_norm": 0.38594572464438082, "clinic_norm": 0.60834076733475784, "user_match_score": 0.46921031900126553, "suitability": 0, "suitability_label": "Most Suitable" }, "geometry": { "type": "Polygon", "coordinates": [ [ [ -84.40518477118674, 33.774338428862144 ], [ -84.400354549658388, 33.776338117839337 ], [ -84.400089961983539, 33.78113613098089 ], [ -84.404655990481501, 33.783934717400491 ], [ -84.409486717283229, 33.781935091253473 ], [ -84.409750910284416, 33.777136815861766 ], [ -84.40518477118674, 33.774338428862144 ] ] ] } },
{ "type": "Feature", "properties": { "hex_id": "8844c1ac09fffff", "lat": 33.837892485703236, "lon": -84.5009144931782, "restaurant_accessibility": 5.4119890428683473, "park_accessibility": 1.4166588487215834, "clinic_accessibility": 0.90214296067146371, "restaurant_norm": 0.087663990259261707, "park_norm": 0.069632903515791517, "clinic_norm": 0.12293791306223052, "user_match_score": 0.099970450706102221, "suitability": 0, "suitability_label": "Most Suitable" }, "geometry": { "type": "Polygon", "coordinates": [ [ [ -84.501174961192305, 33.833092780960811 ], [ -84.49633852160045, 33.835095154171348 ], [ -84.496077844085789, 33.83989466871548 ], [ -84.50065400234692, 33.842692071243484 ], [ -84.505490947280393, 33.840689760020844 ], [ -84.505751228581929, 33.835889984287519 ], [ -84.501174961192305, 33.833092780960811 ] ] ] } },
{ "type": "Feature", "properties": { "hex_id": "8844c10699fffff", "lat": 33.783889969476071, "lon": -84.291438009019757, "restaurant_accessibility": 12.074456108929047, "park_accessibility": 6.6714731638846798, "clinic_accessibility": 2.8600377141600775, "restaurant_norm": 0.19558336026453554, "park_norm": 0.32792231351125617, "clinic_norm": 0.38974650713497944, "user_match_score": 0.28648251433738514, "suitability": 0, "suitability_label": "Most Suitable" }, "geometry": { "type": "Polygon", "coordinates": [ [ [ -84.29170718605981, 33.779095273783092 ], [ -84.286880960103588, 33.781089055082603 ], [ -84.286611574611825, 33.785883560003263 ], [ -84.291168808449271, 33.788684546827497 ], [ -84.295995540292765, 33.786690829586028 ], [ -84.296264532382196, 33.781896061467251 ], [ -84.29170718605981, 33.779095273783092 ] ] ] } },
{ "type": "Feature", "properties": { "hex_id": "8844c13063fffff", "lat": 33.872606991451079, "lon": -84.314766617783761, "restaurant_accessibility": 4.0909346158973658, "park_accessibility": 3.9120970339456269, "clinic_accessibility": 0.39780638424081494, "restaurant_norm": 0.066265406208071517, "park_norm": 0.19229094962063589, "clinic_norm": 0.054210351145451814, "user_match_score": 0.074045938524280069, "suitability": 1, "suitability_label": "Okay" }, "geometry": { "type": "Polygon", "coordinates": [ [ [ -84.315035036411189, 33.867813647235131 ], [ -84.310203895107534, 33.869805325773619 ], [ -84.309935267584891, 33.874598478904048 ], [ -84.314498175668348, 33.877400216139449 ], [ -84.319329823591929, 33.875408601687298 ], [ -84.319598056782738, 33.870615185918474 ], [ -84.315035036411189, 33.867813647235131 ] ] ] } },
{ "type": "Feature", "properties": { "hex_id": "8844c1ab09fffff", "lat": 33.672781041688552, "lon": -84.344777990802058, "restaurant_accessibility": 0.0, "park_accessibility": 0.97447323441980904, "clinic_accessibility": 0.0, "restaurant_norm": 0.0, "park_norm": 0.047898194242255082, "clinic_norm": 0.0, "user_match_score": 0.0047898194242255087, "suitability": 2, "suitability_label": "Less Suitable" }, "geometry": { "type": "Polygon", "coordinates": [ [ [ -84.345044639574326, 33.667982207705116 ], [ -84.340221486549638, 33.66998277859944 ], [ -84.339954629548544, 33.674781422529591 ], [ -84.344511318735258, 33.677579758762505 ], [ -84.349334976323064, 33.675579251003121 ], [ -84.349601440131821, 33.670780343880885 ], [ -84.345044639574326, 33.667982207705116 ] ] ] } },
{ "type": "Feature", "properties": { "hex_id": "8844c1a919fffff", "lat": 33.736351255715235, "lon": -84.327099068436837, "restaurant_accessibility": 1.418203693939619, "park_accessibility": 4.9431544565432644, "clinic_accessibility": 0.19953809215417481, "restaurant_norm": 0.022972218499777194, "park_norm": 0.24297042131685367, "clinic_norm": 0.027191695435494, "user_match_score": 0.046659829555771568, "suitability": 1, "suitability_label": "Okay" }, "geometry": { "type": "Polygon", "coordinates": [ [ [ -84.327366622236667, 33.731554399902571 ], [ -84.322541234295102, 33.733551736810313 ], [ -84.322273472087474, 33.738348402207677 ], [ -84.326831491252577, 33.741147993789504 ], [ -84.331657384450693, 33.739150720408404 ], [ -84.331924753197882, 33.734353791923816 ], [ -84.327366622236667, 33.731554399902571 ] ] ] } },
{ "type": "Feature", "properties": { "hex_id": "8844c1a1c9fffff", "lat": 33.715857022277788, "lon": -84.512250859132422, "restaurant_accessibility": 0.82154136258270316, "park_accessibility": 1.8915621061183081, "clinic_accessibility": 0.0, "restaurant_norm": 0.013307416817839746, "park_norm": 0.092975780124004676, "clinic_norm": 0.0, "user_match_score": 0.015951286421320342, "suitability": 2, "suitability_label": "Less Suitable" }, "geometry": { "type": "Polygon", "coordinates": [ [ [ -84.512510548623382, 33.711054168462276 ], [ -84.507679254698658, 33.713061606795691 ], [ -84.507419356143913, 33.717864271019316 ], [ -84.511991146916699, 33.720659758497888 ], [ -84.516822944962755, 33.718652381646415 ], [ -84.517082448085631, 33.713849455839593 ], [ -84.512510548623382, 33.711054168462276 ] ] ] } },
{ "type": "Feature", "properties": { "hex_id": "8844c1adc7fffff", "lat": 33.877890154417003, "lon": -84.460912659764574, "restaurant_accessibility": 19.79724939926324, "park_accessibility": 3.7897581352531606, "clinic_accessibility": 0.17674636359419224, "restaurant_norm": 0.32067801038587679, "park_norm": 0.18627763686254439, "clinic_norm": 0.024085793525934575, "user_match_score": 0.18860108628956665, "suitability": 0, "suitability_label": "Most Suitable" }, "geometry": { "type": "Polygon", "coordinates": [ [ [ -84.461174918301396, 33.873092569611437 ], [ -84.456338124276471, 33.875091443528753 ], [ -84.456075656239562, 33.879888837795988 ], [ -84.460650378252041, 33.88268761952105 ], [ -84.465487678207012, 33.880688808143972 ], [ -84.465749750190199, 33.87589115250681 ], [ -84.461174918301396, 33.873092569611437 ] ] ] } },
{ "type": "Feature", "properties": { "hex_id": "8844c1304bfffff", "lat": 33.8606513869872, "lon": -84.343756581459274, "restaurant_accessibility": 5.4564778845943467, "park_accessibility": 4.06368003343177, "clinic_accessibility": 0.90295746992143822, "restaurant_norm": 0.088384625381916507, "park_norm": 0.19974169500466255, "clinic_norm": 0.12304890884862696, "user_match_score": 0.1133860457308753, "suitability": 0, "suitability_label": "Most Suitable" }, "geometry": { "type": "Polygon", "coordinates": [ [ [ -84.344023746473198, 33.855856896843427 ], [ -84.339192073432272, 33.857850483723951 ], [ -84.338924699454012, 33.862644782949481 ], [ -84.343489393064473, 33.865445757740332 ], [ -84.348321572465849, 33.86345223459913 ], [ -84.348588551866939, 33.858657672932814 ], [ -84.344023746473198, 33.855856896843427 ] ] ] } },
{ "type": "Feature", "properties": { "hex_id": "8844c1a319fffff", "lat": 33.652184562296938, "lon": -84.529853134971447, "restaurant_accessibility": 0.12438271642780735, "park_accessibility": 0.39473900004761242, "clinic_accessibility": 0.5715110580328493, "restaurant_norm": 0.0020147648406118666, "park_norm": 0.019402570159385929, "clinic_norm": 0.077881643851935745, "user_match_score": 0.034100296977018829, "suitability": 2, "suitability_label": "Less Suitable" }, "geometry": { "type": "Polygon", "coordinates": [ [ [ -84.530111925382698, 33.647379734524591 ], [ -84.525282881568245, 33.649390398127629 ], [ -84.525023882274354, 33.654195036673258 ], [ -84.529594321924691, 33.65698927330633 ], [ -84.534423869165209, 33.654978670793298 ], [ -84.534682473300336, 33.650173770562354 ], [ -84.530111925382698, 33.647379734524591 ] ] ] } },
{ "type": "Feature", "properties": { "hex_id": "8844c1a181fffff", "lat": 33.743881809184757, "lon": -84.50128705968261, "restaurant_accessibility": 0.0, "park_accessibility": 1.3205965093534413, "clinic_accessibility": 0.75938293960558223, "restaurant_norm": 0.0, "park_norm": 0.064911160087753494, "clinic_norm": 0.10348354737555861, "user_match_score": 0.04788453495899879, "suitability": 1, "suitability_label": "Okay" }, "geometry": { "type": "Polygon", "coordinates": [ [ [ -84.501547281122313, 33.739079923425265 ], [ -84.4967151139181, 33.741085777950097 ], [ -84.496454683347537, 33.745887473944833 ], [ -84.501026815467483, 33.748683576985215 ], [ -84.505859487116069, 33.746677784148581 ], [ -84.506119522171232, 33.741875826588561 ], [ -84.501547281122313, 33.739079923425265 ] ] ] } },
{ "type": "Feature", "properties": { "hex_id": "8844c1a9ebfffff", "lat": 33.765129915872592, "lon": -84.325493254457569, "restaurant_accessibility": 3.9211092244896801, "park_accessibility": 12.702073095545806, "clinic_accessibility": 2.4679719885787614, "restaurant_norm": 0.063514555949467102, "park_norm": 0.62434384334015491, "clinic_norm": 0.33631845394668969, "user_match_score": 0.22871904388742492, "suitability": 0, "suitability_label": "Most Suitable" }, "geometry": { "type": "Polygon", "coordinates": [ [ [ -84.325760948609926, 33.760333767438368 ], [ -84.32093430995458, 33.762329961508456 ], [ -84.320666407287661, 33.767125919389095 ], [ -84.325225536902437, 33.769925946189254 ], [ -84.330052681096788, 33.767929815754115 ], [ -84.33032019010804, 33.763133594888892 ], [ -84.325760948609926, 33.760333767438368 ] ] ] } },
{ "type": "Feature", "properties": { "hex_id": "8844c13225fffff", "lat": 33.837865327091066, "lon": -84.330867600741144, "restaurant_accessibility": 5.5369084881887538, "park_accessibility": 3.5014450045374605, "clinic_accessibility": 1.9990485809962428, "restaurant_norm": 0.089687449093161439, "park_norm": 0.172106207776721, "clinic_norm": 0.27241675806545496, "user_match_score": 0.17102104855043482, "suitability": 0, "suitability_label": "Most Suitable" }, "geometry": { "type": "Polygon", "coordinates": [ [ [ -84.331135252071235, 33.833070694353623 ], [ -84.326305097804877, 33.835064472585628 ], [ -84.326037237652045, 33.839858914458262 ], [ -84.330599925994989, 33.842659840747352 ], [ -84.335430586468377, 33.840666126321388 ], [ -84.335698052362446, 33.835871421805329 ], [ -84.331135252071235, 33.833070694353623 ] ] ] } },
{ "type": "Feature", "properties": { "hex_id": "8844c1acd5fffff", "lat": 33.891865424271799, "lon": -84.540566760624628, "restaurant_accessibility": 0.86470220850309065, "park_accessibility": 1.7754168091444069, "clinic_accessibility": 1.1670939617654494, "restaurant_norm": 0.014006540919233161, "park_norm": 0.08726690090774529, "clinic_norm": 0.15904363527947166, "user_match_score": 0.079347414662179774, "suitability": 1, "suitability_label": "Okay" }, "geometry": { "type": "Polygon", "coordinates": [ [ [ -84.540825682774198, 33.887065800581581 ], [ -84.535985322973005, 33.889068187648206 ], [ -84.535726190952403, 33.893867621049715 ], [ -84.54030781577498, 33.896664928018694 ], [ -84.545148681226422, 33.894662602683503 ], [ -84.545407416175848, 33.889862908653178 ], [ -84.540825682774198, 33.887065800581581 ] ] ] } },
{ "type": "Feature", "properties": { "hex_id": "8844c1a957fffff", "lat": 33.728754953714706, "lon": -84.322808973103534, "restaurant_accessibility": 0.0, "park_accessibility": 4.3926673889526073, "clinic_accessibility": 0.20261581667500445, "restaurant_norm": 0.0, "park_norm": 0.21591238056214221, "clinic_norm": 0.027611106821567036, "user_match_score": 0.03263568078484104, "suitability": 2, "suitability_label": "Less Suitable" }, "geometry": { "type": "Polygon", "coordinates": [ [ [ -84.323076688515869, 33.723958052984067 ], [ -84.318251805779781, 33.725955453440179 ], [ -84.3179838820067, 33.730752163773616 ], [ -84.322541234295102, 33.733551736810313 ], [ -84.327366622236667, 33.731554399902571 ], [ -84.327634152655108, 33.726757426414736 ], [ -84.323076688515869, 33.723958052984067 ] ] ] } },
{ "type": "Feature", "properties": { "hex_id": "8844c13287fffff", "lat": 33.893452429095667, "lon": -84.389162898554176, "restaurant_accessibility": 0.62168256276906286, "park_accessibility": 0.85579207614699881, "clinic_accessibility": 0.0, "restaurant_norm": 0.010070082126045009, "park_norm": 0.042064670066261224, "clinic_norm": 0.0, "user_match_score": 0.0092415080696486261, "suitability": 2, "suitability_label": "Less Suitable" }, "geometry": { "type": "Polygon", "coordinates": [ [ [ -84.389428228684423, 33.888657345554925 ], [ -84.38459337386719, 33.890652014882455 ], [ -84.384327834461203, 33.89544690753312 ], [ -84.388897545188385, 33.898247392781187 ], [ -84.393732906450992, 33.896252786809377 ], [ -84.39399805051174, 33.89145763223889 ], [ -84.389428228684423, 33.888657345554925 ] ] ] } },
{ "type": "Feature", "properties": { "hex_id": "8844c1af11fffff", "lat": 33.807504422180877, "lon": -84.483658222294963, "restaurant_accessibility": 0.99962464600950174, "park_accessibility": 3.7899700383285322, "clinic_accessibility": 0.35524234471305749, "restaurant_norm": 0.016192029314281563, "park_norm": 0.186288052515131, "clinic_norm": 0.048410013040340323, "user_match_score": 0.046088825124790012, "suitability": 1, "suitability_label": "Okay" }, "geometry": { "type": "Polygon", "coordinates": [ [ [ -84.483919345240139, 33.802704526323531 ], [ -84.479084926513494, 33.804707147709529 ], [ -84.478823594256212, 33.809506853439849 ], [ -84.483397076484792, 33.812304199249887 ], [ -84.488232000352511, 33.810301639941258 ], [ -84.488492936821416, 33.805501672750424 ], [ -84.483919345240139, 33.802704526323531 ] ] ] } },
{ "type": "Feature", "properties": { "hex_id": "8844c1acd1fffff", "lat": 33.892659958477836, "lon": -84.549989632501195, "restaurant_accessibility": 0.16976072978665094, "park_accessibility": 0.63552923173007758, "clinic_accessibility": 0.946499524590936, "restaurant_norm": 0.0027498028625968425, "park_norm": 0.031238110512252771, "clinic_norm": 0.12898252421212256, "user_match_score": 0.056091722167372723, "suitability": 1, "suitability_label": "Okay" }, "geometry": { "type": "Polygon", "coordinates": [ [ [ -84.550248157539215, 33.887860074192318 ], [ -84.545407416175848, 33.889862908653178 ], [ -84.545148681226422, 33.894662602683503 ], [ -84.549731084796122, 33.897459722802708 ], [ -84.554572331767986, 33.895456949974907 ], [ -84.554830669532492, 33.890656995400157 ], [ -84.550248157539215, 33.887860074192318 ] ] ] } },
{ "type": "Feature", "properties": { "hex_id": "8844c1ab43fffff", "lat": 33.66598131987238, "lon": -84.349867880663794, "restaurant_accessibility": 0.0, "park_accessibility": 0.82404913690524451, "clinic_accessibility": 0.0, "restaurant_norm": 0.0, "park_norm": 0.040504412261410487, "clinic_norm": 0.0, "user_match_score": 0.0040504412261410487, "suitability": 2, "suitability_label": "Less Suitable" }, "geometry": { "type": "Polygon", "coordinates": [ [ [ -84.35013429792204, 33.661182179040978 ], [ -84.345311265055059, 33.663183256875598 ], [ -84.345044639574326, 33.667982207705116 ], [ -84.349601440131821, 33.670780343880885 ], [ -84.354424977471822, 33.668779329104993 ], [ -84.354691209752133, 33.663980115099605 ], [ -84.35013429792204, 33.661182179040978 ] ] ] } },
{ "type": "Feature", "properties": { "hex_id": "8844c1a9cdfffff", "lat": 33.751543779513227, "lon": -84.335681744986275, "restaurant_accessibility": 6.2030137067139632, "park_accessibility": 9.682602922490176, "clinic_accessibility": 1.8439900084858465, "restaurant_norm": 0.10047709425428483, "park_norm": 0.47592810060934132, "clinic_norm": 0.25128642935053774, "user_match_score": 0.19834592892829167, "suitability": 0, "suitability_label": "Most Suitable" }, "geometry": { "type": "Polygon", "coordinates": [ [ [ -84.335948975349837, 33.746747014102489 ], [ -84.331122576844123, 33.748744223978704 ], [ -84.330855137978645, 33.753540798937991 ], [ -84.335414491261687, 33.756340426978838 ], [ -84.340241395125972, 33.754343280585729 ], [ -84.340508440319354, 33.749546442673676 ], [ -84.335948975349837, 33.746747014102489 ] ] ] } },
{ "type": "Feature", "properties": { "hex_id": "8844c1ae85fffff", "lat": 33.849456688908219, "lon": -84.552315542185781, "restaurant_accessibility": 0.0, "park_accessibility": 1.2881315011675771, "clinic_accessibility": 0.78274070016379838, "restaurant_norm": 0.0, "park_norm": 0.063315410493780533, "clinic_norm": 0.10666658427992803, "user_match_score": 0.048998174761349267, "suitability": 1, "suitability_label": "Okay" }, "geometry": { "type": "Polygon", "coordinates": [ [ [ -84.552573863353928, 33.844655727820907 ], [ -84.547735010383292, 33.846660273545233 ], [ -84.547476479465715, 33.85146104458412 ], [ -84.552057198377327, 33.854257530603775 ], [ -84.556896556532053, 33.852253046353468 ], [ -84.55715469056193, 33.84745201461476 ], [ -84.552573863353928, 33.844655727820907 ] ] ] } },
{ "type": "Feature", "properties": { "hex_id": "8844c1b893fffff", "lat": 33.661092918536774, "lon": -84.463298137604141, "restaurant_accessibility": 0.256071590219065, "park_accessibility": 3.0255320517691229, "clinic_accessibility": 0.5439306033950746, "restaurant_norm": 0.0041478756170467449, "park_norm": 0.14871370170376033, "clinic_norm": 0.074123166889535172, "user_match_score": 0.046594574734713477, "suitability": 1, "suitability_label": "Okay" }, "geometry": { "type": "Polygon", "coordinates": [ [ [ -84.463559759843903, 33.656290274808001 ], [ -84.458732756405723, 33.658297254179139 ], [ -84.458470925511278, 33.66309970837591 ], [ -84.463036492490801, 33.665895445430031 ], [ -84.467863999782239, 33.663888527889334 ], [ -84.468125436211892, 33.659085811469168 ], [ -84.463559759843903, 33.656290274808001 ] ] ] } },
{ "type": "Feature", "properties": { "hex_id": "8844c1ad3dfffff", "lat": 33.852699708266961, "lon": -84.419759224543668, "restaurant_accessibility": 2.7021649729593955, "park_accessibility": 0.24548502297975738, "clinic_accessibility": 0.40613842133211547, "restaurant_norm": 0.043769963684716397, "park_norm": 0.012066303002410969, "clinic_norm": 0.055345784548156841, "user_match_score": 0.045229925961862032, "suitability": 1, "suitability_label": "Okay" }, "geometry": { "type": "Polygon", "coordinates": [ [ [ -84.420023160075047, 33.847902762987978 ], [ -84.415189034824806, 33.849900486545515 ], [ -84.414924890056753, 33.854697241239613 ], [ -84.41949526590237, 33.857496534206142 ], [ -84.424329897052672, 33.855498873550637 ], [ -84.424593646427994, 33.850701857031709 ], [ -84.420023160075047, 33.847902762987978 ] ] ] } },
{ "type": "Feature", "properties": { "hex_id": "8844c1ac51fffff", "lat": 33.839481142717176, "lon": -84.519742623956461, "restaurant_accessibility": 1.4319200060148805, "park_accessibility": 1.9274917668238229, "clinic_accessibility": 1.2061539482457999, "restaurant_norm": 0.0231943968225037, "park_norm": 0.094741827468091788, "clinic_norm": 0.16436646484360098, "user_match_score": 0.086817967095501436, "suitability": 1, "suitability_label": "Okay" }, "geometry": { "type": "Polygon", "coordinates": [ [ [ -84.520002299349855, 33.834680915747505 ], [ -84.515165095848502, 33.836684182274361 ], [ -84.514905210873792, 33.841484219112701 ], [ -84.519482925811801, 33.844281250450251 ], [ -84.524320634572177, 33.842278045714828 ], [ -84.524580123106333, 33.837477747855672 ], [ -84.520002299349855, 33.834680915747505 ] ] ] } },
{ "type": "Feature", "properties": { "hex_id": "8844c1ae3bfffff", "lat": 33.819067253897202, "lon": -84.535032451007254, "restaurant_accessibility": 0.15109760393010752, "park_accessibility": 1.4037915103447702, "clinic_accessibility": 0.36127495359525452, "restaurant_norm": 0.0024474955093601708, "park_norm": 0.069000436403115636, "clinic_norm": 0.049232095990193396, "user_match_score": 0.027816629791069008, "suitability": 2, "suitability_label": "Less Suitable" }, "geometry": { "type": "Polygon", "coordinates": [ [ [ -84.535291429515084, 33.814266099580202 ], [ -84.530454596782718, 33.816270891425845 ], [ -84.530195408713865, 33.821071855765474 ], [ -84.534773449810942, 33.823868289236479 ], [ -84.539610787528119, 33.821863558954881 ], [ -84.539869579134262, 33.817062333643484 ], [ -84.535291429515084, 33.814266099580202 ] ] ] } },
{ "type": "Feature", "properties": { "hex_id": "8844c106dbfffff", "lat": 33.770311563434497, "lon": -84.30162864134526, "restaurant_accessibility": 17.700466187359666, "park_accessibility": 9.7225520038924493, "clinic_accessibility": 3.038573613346061, "restaurant_norm": 0.28671408665873671, "park_norm": 0.47789171417328391, "clinic_norm": 0.4140761664123484, "user_match_score": 0.35677668131163609, "suitability": 0, "suitability_label": "Most Suitable" }, "geometry": { "type": "Polygon", "coordinates": [ [ [ -84.30189735446676, 33.765516249878686 ], [ -84.297071367586895, 33.767511047451627 ], [ -84.296802446026192, 33.772306170336947 ], [ -84.301359904735065, 33.775106758820904 ], [ -84.306186397322023, 33.773112025154276 ], [ -84.306454925463669, 33.768316639102345 ], [ -84.30189735446676, 33.765516249878686 ] ] ] } },
{ "type": "Feature", "properties": { "hex_id": "8844c13345fffff", "lat": 33.805868717613336, "lon": -84.294919336747185, "restaurant_accessibility": 1.5389783190033643, "park_accessibility": 4.7612359564433859, "clinic_accessibility": 2.6694376189679092, "restaurant_norm": 0.024928539081967946, "park_norm": 0.23402859783082264, "clinic_norm": 0.36377282119617071, "user_match_score": 0.18137625780253452, "suitability": 0, "suitability_label": "Most Suitable" }, "geometry": { "type": "Polygon", "coordinates": [ [ [ -84.295188422917917, 33.801074423399825 ], [ -84.290361065524451, 33.803067568201541 ], [ -84.290091770801482, 33.807861671555941 ], [ -84.29465022704845, 33.810662893192877 ], [ -84.299478090521973, 33.808669812481142 ], [ -84.299746991639083, 33.803875446047485 ], [ -84.295188422917917, 33.801074423399825 ] ] ] } },
{ "type": "Feature", "properties": { "hex_id": "8844c13303fffff", "lat": 33.835441263793918, "lon": -84.302693394231284, "restaurant_accessibility": 1.6525032646162772, "park_accessibility": 1.609277139993416, "clinic_accessibility": 1.6861002220721217, "restaurant_norm": 0.026767428563739516, "park_norm": 0.079100652863922774, "clinic_norm": 0.22977028204158204, "user_match_score": 0.11320189238489485, "suitability": 0, "suitability_label": "Most Suitable" }, "geometry": { "type": "Polygon", "coordinates": [ [ [ -84.30296222777406, 33.830647419386786 ], [ -84.2981332321759, 33.83263986327708 ], [ -84.297864189933051, 33.83743351672063 ], [ -84.302424537174616, 33.840234989171677 ], [ -84.307254039097074, 33.838242609380927 ], [ -84.307522687424296, 33.833448693044595 ], [ -84.30296222777406, 33.830647419386786 ] ] ] } },
{ "type": "Feature", "properties": { "hex_id": "8844c1ad21fffff", "lat": 33.844301874110634, "lon": -84.406050103684152, "restaurant_accessibility": 0.0, "park_accessibility": 1.4952686952960412, "clinic_accessibility": 1.0085926894153543, "restaurant_norm": 0.0, "park_norm": 0.07349680615321906, "clinic_norm": 0.13744415882185382, "user_match_score": 0.062327344144063442, "suitability": 1, "suitability_label": "Okay" }, "geometry": { "type": "Polygon", "coordinates": [ [ [ -84.406314597418813, 33.839505142823405 ], [ -84.40148136222561, 33.841502483557811 ], [ -84.401216659342083, 33.846299024244729 ], [ -84.405785586794963, 33.849098486178583 ], [ -84.410619327877754, 33.84710120846664 ], [ -84.410883635588817, 33.84230440580351 ], [ -84.406314597418813, 33.839505142823405 ] ] ] } },
{ "type": "Feature", "properties": { "hex_id": "8844c1a35bfffff", "lat": 33.638552132535693, "lon": -84.540028619823062, "restaurant_accessibility": 0.0, "park_accessibility": 0.16327845957917148, "clinic_accessibility": 0.39212604652059579, "restaurant_norm": 0.0, "park_norm": 0.0080256112700270686, "clinic_norm": 0.053436273316043663, "user_match_score": 0.022177070453420173, "suitability": 2, "suitability_label": "Less Suitable" }, "geometry": { "type": "Polygon", "coordinates": [ [ [ -84.540286947245022, 33.633746693154094 ], [ -84.535458150011721, 33.635758369686592 ], [ -84.535199613720607, 33.640563619945375 ], [ -84.539770269807264, 33.643357455328363 ], [ -84.544599570284745, 33.641345839733162 ], [ -84.544857711402415, 33.636540327822857 ], [ -84.540286947245022, 33.633746693154094 ] ] ] } },
{ "type": "Feature", "properties": { "hex_id": "8844c1a955fffff", "lat": 33.721158625511876, "lon": -84.318519706141998, "restaurant_accessibility": 0.0, "park_accessibility": 2.9984059829759064, "clinic_accessibility": 0.19631896420519285, "restaurant_norm": 0.0, "park_norm": 0.14738037651206345, "clinic_norm": 0.026753014550999172, "user_match_score": 0.025439243471606018, "suitability": 2, "suitability_label": "Less Suitable" }, "geometry": { "type": "Polygon", "coordinates": [ [ [ -84.318787583096423, 33.716361680051911 ], [ -84.313963205514767, 33.718359144078079 ], [ -84.313695120246635, 33.72315589915894 ], [ -84.318251805779781, 33.725955453440179 ], [ -84.323076688515869, 33.723958052984067 ], [ -84.323344380535104, 33.71916103468164 ], [ -84.318787583096423, 33.716361680051911 ] ] ] } },
{ "type": "Feature", "properties": { "hex_id": "8844c132d9fffff", "lat": 33.874685745195549, "lon": -84.42327466857094, "restaurant_accessibility": 0.0, "park_accessibility": 0.63038803141354671, "clinic_accessibility": 0.21999406180604331, "restaurant_norm": 0.0, "park_norm": 0.030985405560796455, "clinic_norm": 0.029979295991389557, "user_match_score": 0.015090258952635469, "suitability": 2, "suitability_label": "Less Suitable" }, "geometry": { "type": "Polygon", "coordinates": [ [ [ -84.423538510344486, 33.869889206575102 ], [ -84.41870325128879, 33.871886295353946 ], [ -84.41843920017763, 33.87668264330307 ], [ -84.423010803690289, 33.879482164183692 ], [ -84.427846568838234, 33.877485138337654 ], [ -84.428110224351983, 33.872688528683362 ], [ -84.423538510344486, 33.869889206575102 ] ] ] } },
{ "type": "Feature", "properties": { "hex_id": "8844c1aa37fffff", "lat": 33.713157288903282, "lon": -84.39440201247092, "restaurant_accessibility": 0.12555966334841856, "park_accessibility": 6.2048958800256644, "clinic_accessibility": 1.2624375409734161, "restaurant_norm": 0.0020338291555184332, "park_norm": 0.30498868272291668, "clinic_norm": 0.17203641044116744, "user_match_score": 0.10033034702651786, "suitability": 0, "suitability_label": "Most Suitable" }, "geometry": { "type": "Polygon", "coordinates": [ [ [ -84.394666670495297, 33.708357887642848 ], [ -84.38983984239475, 33.710359476476476 ], [ -84.389574975784825, 33.715158687692366 ], [ -84.394137331308343, 33.717956572685708 ], [ -84.398964664107012, 33.715955046585627 ], [ -84.399229136654853, 33.711155572763708 ], [ -84.394666670495297, 33.708357887642848 ] ] ] } },
{ "type": "Feature", "properties": { "hex_id": "8844c1ae21fffff", "lat": 33.802288220679443, "lon": -84.507572559482199, "restaurant_accessibility": 1.1543722911292364, "park_accessibility": 3.1199009028125033, "clinic_accessibility": 0.50102907868213609, "restaurant_norm": 0.018698648589924118, "park_norm": 0.15335220525423032, "clinic_norm": 0.068276838596433187, "user_match_score": 0.051995280258958373, "suitability": 1, "suitability_label": "Okay" }, "geometry": { "type": "Polygon", "coordinates": [ [ [ -84.507832658473689, 33.797487493283889 ], [ -84.502997598661736, 33.799491515415156 ], [ -84.502737290284074, 33.804292052801955 ], [ -84.5073124377124, 33.807088829338696 ], [ -84.512148002492069, 33.80508486901261 ], [ -84.512407914846548, 33.800284070349825 ], [ -84.507832658473689, 33.797487493283889 ] ] ] } },
{ "type": "Feature", "properties": { "hex_id": "8844c1a31bfffff", "lat": 33.659783454221035, "lon": -84.534165242409529, "restaurant_accessibility": 0.0, "park_accessibility": 0.57927320134999805, "clinic_accessibility": 0.50185321383565562, "restaurant_norm": 0.0, "park_norm": 0.028472962968669836, "clinic_norm": 0.068389146135561463, "user_match_score": 0.030202954751091571, "suitability": 2, "suitability_label": "Less Suitable" }, "geometry": { "type": "Polygon", "coordinates": [ [ [ -84.534423869165209, 33.654978670793298 ], [ -84.529594321924691, 33.65698927330633 ], [ -84.529335486239489, 33.661793867489145 ], [ -84.533906593030295, 33.66458812078195 ], [ -84.538736643746546, 33.66257757933721 ], [ -84.538995084167269, 33.657772723536546 ], [ -84.534423869165209, 33.654978670793298 ] ] ] } },
{ "type": "Feature", "properties": { "hex_id": "8844c1ab3bfffff", "lat": 33.701571588272969, "lon": -84.343177608876744, "restaurant_accessibility": 0.0, "park_accessibility": 1.8364576063616718, "clinic_accessibility": 0.0, "restaurant_norm": 0.0, "park_norm": 0.090267233660399515, "clinic_norm": 0.0, "user_match_score": 0.0090267233660399522, "suitability": 2, "suitability_label": "Less Suitable" }, "geometry": { "type": "Polygon", "coordinates": [ [ [ -84.343444397461852, 33.696773456696562 ], [ -84.338619994797568, 33.698772886923415 ], [ -84.338352997876953, 33.703570828307477 ], [ -84.342910796978828, 33.706369602559882 ], [ -84.347735704488173, 33.704370235577166 ], [ -84.348002308021393, 33.699572031102903 ], [ -84.343444397461852, 33.696773456696562 ] ] ] } },
{ "type": "Feature", "properties": { "hex_id": "8844c1aa57fffff", "lat": 33.686740257187616, "lon": -84.424156217463349, "restaurant_accessibility": 0.25956050969359323, "park_accessibility": 5.0334906193225715, "clinic_accessibility": 1.1317969386578173, "restaurant_norm": 0.0042043895161710289, "park_norm": 0.24741070650793892, "clinic_norm": 0.15423359679628951, "user_match_score": 0.088536704127395213, "suitability": 1, "suitability_label": "Okay" }, "geometry": { "type": "Polygon", "coordinates": [ [ [ -84.42441955466046, 33.681939364616568 ], [ -84.419592828487112, 33.683943426892355 ], [ -84.419329282689901, 33.688744129658005 ], [ -84.423892857244027, 33.691541032610004 ], [ -84.428720087713643, 33.68953703266537 ], [ -84.428983239303733, 33.68473606744265 ], [ -84.42441955466046, 33.681939364616568 ] ] ] } },
{ "type": "Feature", "properties": { "hex_id": "8844c1af09fffff", "lat": 33.784713028451698, "lon": -84.470724759317946, "restaurant_accessibility": 0.0, "park_accessibility": 3.2352121077315887, "clinic_accessibility": 0.61288778977583314, "restaurant_norm": 0.0, "park_norm": 0.15902008641959789, "clinic_norm": 0.083520183719311206, "user_match_score": 0.049310082129684268, "suitability": 1, "suitability_label": "Okay" }, "geometry": { "type": "Polygon", "coordinates": [ [ [ -84.470986372716141, 33.77991299124367 ], [ -84.466153469111632, 33.781915798995257 ], [ -84.465891646542588, 33.786715646129906 ], [ -84.470463123018988, 33.789512947181827 ], [ -84.475296531614006, 33.787510201574314 ], [ -84.47555795871294, 33.782710092775972 ], [ -84.470986372716141, 33.77991299124367 ] ] ] } },
{ "type": "Feature", "properties": { "hex_id": "8844c1a905fffff", "lat": 33.726345828667675, "lon": -84.294666581370009, "restaurant_accessibility": 0.0, "park_accessibility": 3.1631566524733841, "clinic_accessibility": 0.29759403138486284, "restaurant_norm": 0.0, "park_norm": 0.15547835118227607, "clinic_norm": 0.040554092591932843, "user_match_score": 0.031769472155000741, "suitability": 2, "suitability_label": "Less Suitable" }, "geometry": { "type": "Polygon", "coordinates": [ [ [ -84.294935476284365, 33.721549717799746 ], [ -84.290111750361802, 33.723545786573681 ], [ -84.289842647209056, 33.728341706945407 ], [ -84.294397662962069, 33.731141821951738 ], [ -84.299221894206738, 33.729145817019223 ], [ -84.299490604347, 33.724349633243889 ], [ -84.294935476284365, 33.721549717799746 ] ] ] } },
{ "type": "Feature", "properties": { "hex_id": "8844c1a169fffff", "lat": 33.667902045713859, "lon": -84.458209071725463, "restaurant_accessibility": 0.42182249087629636, "park_accessibility": 4.0195804080529154, "clinic_accessibility": 0.42040459114746576, "restaurant_norm": 0.0068327268289734974, "park_norm": 0.1975740701302198, "clinic_norm": 0.057289881238979726, "user_match_score": 0.046089722923100623, "suitability": 1, "suitability_label": "Okay" }, "geometry": { "type": "Polygon", "coordinates": [ [ [ -84.458470925511278, 33.66309970837591 ], [ -84.45364379999954, 33.665106180987856 ], [ -84.453381737552462, 33.669908328742089 ], [ -84.457947195045207, 33.672704266129465 ], [ -84.462774824500883, 33.670697855424237 ], [ -84.463036492490801, 33.665895445430031 ], [ -84.458470925511278, 33.66309970837591 ] ] ] } },
{ "type": "Feature", "properties": { "hex_id": "8844c1ae03fffff", "lat": 33.804663434266345, "lon": -84.535809318477135, "restaurant_accessibility": 0.30601104692298603, "park_accessibility": 1.3166143313285779, "clinic_accessibility": 0.50511659227144101, "restaurant_norm": 0.0049568003970801274, "park_norm": 0.06471542445356164, "clinic_norm": 0.068833857175737548, "user_match_score": 0.036483485514191248, "suitability": 1, "suitability_label": "Okay" }, "geometry": { "type": "Polygon", "coordinates": [ [ [ -84.536068228937339, 33.799861923396094 ], [ -84.531232024780309, 33.801867285035371 ], [ -84.530972904812955, 33.806668605997494 ], [ -84.535550385337388, 33.809464826348808 ], [ -84.540387094337987, 33.807459526220093 ], [ -84.540645817941467, 33.802657944234731 ], [ -84.536068228937339, 33.799861923396094 ] ] ] } },
{ "type": "Feature", "properties": { "hex_id": "8844c1ac63fffff", "lat": 33.836301300556052, "lon": -84.482091004354515, "restaurant_accessibility": 2.1411884585072007, "park_accessibility": 1.5580664117863141, "clinic_accessibility": 0.40579142551798364, "restaurant_norm": 0.034683204766862451, "park_norm": 0.076583496599070072, "clinic_norm": 0.055298498316272988, "user_match_score": 0.047119351369847434, "suitability": 1, "suitability_label": "Okay" }, "geometry": { "type": "Polygon", "coordinates": [ [ [ -84.482352264534498, 33.831502118377429 ], [ -84.477516589666379, 33.833503598655803 ], [ -84.477255120066758, 33.838302590569278 ], [ -84.481829721291632, 33.841100363566952 ], [ -84.486665901583521, 33.839098945472848 ], [ -84.486926975197548, 33.834299692202016 ], [ -84.482352264534498, 33.831502118377429 ] ] ] } },
{ "type": "Feature", "properties": { "hex_id": "8844c1af59fffff", "lat": 33.779496038857033, "lon": -84.49463103097375, "restaurant_accessibility": 0.25920602583188401, "park_accessibility": 2.0863841946632373, "clinic_accessibility": 0.88336594954138281, "restaurant_norm": 0.0041986475478200599, "park_norm": 0.10255185251901797, "clinic_norm": 0.12037910956598612, "user_match_score": 0.060506152852206271, "suitability": 1, "suitability_label": "Okay" }, "geometry": { "type": "Polygon", "coordinates": [ [ [ -84.494891621160136, 33.774695170068597 ], [ -84.490058075951197, 33.776699377749019 ], [ -84.489797276519809, 33.78150005658236 ], [ -84.494370417973144, 33.784296789219745 ], [ -84.499204467999704, 33.782292643411267 ], [ -84.499464871726175, 33.777491703098647 ], [ -84.494891621160136, 33.774695170068597 ] ] ] } },
{ "type": "Feature", "properties": { "hex_id": "8844c1a1e3fffff", "lat": 33.73549354698936, "lon": -84.487572667324329, "restaurant_accessibility": 0.0, "park_accessibility": 1.1272022887106843, "clinic_accessibility": 0.76149498507903091, "restaurant_norm": 0.0, "park_norm": 0.055405271553840556, "clinic_norm": 0.10377136258236912, "user_match_score": 0.047049072188331709, "suitability": 1, "suitability_label": "Okay" }, "geometry": { "type": "Polygon", "coordinates": [ [ [ -84.487833447653571, 33.730691876903876 ], [ -84.483002166459258, 33.732697347423752 ], [ -84.482741177086496, 33.737498827728984 ], [ -84.487311864174956, 33.740295099236469 ], [ -84.492143649804632, 33.73828969052488 ], [ -84.492404243881381, 33.733487948502685 ], [ -84.487833447653571, 33.730691876903876 ] ] ] } },
{ "type": "Feature", "properties": { "hex_id": "8844c1a1b1fffff", "lat": 33.76509307746786, "lon": -84.495412733102299, "restaurant_accessibility": 0.0, "park_accessibility": 1.8681187733287241, "clinic_accessibility": 0.90470102416432874, "restaurant_norm": 0.0, "park_norm": 0.091823472120070762, "clinic_norm": 0.12328650857425384, "user_match_score": 0.058496950641708616, "suitability": 1, "suitability_label": "Okay" }, "geometry": { "type": "Polygon", "coordinates": [ [ [ -84.495673254864002, 33.760291853782249 ], [ -84.490840337282577, 33.762296631189251 ], [ -84.490579606329604, 33.767097664989137 ], [ -84.495152188535329, 33.769894182917753 ], [ -84.499985610793274, 33.767889467328899 ], [ -84.500245946139842, 33.763088171998461 ], [ -84.495673254864002, 33.760291853782249 ] ] ] } },
{ "type": "Feature", "properties": { "hex_id": "8844c1a819fffff", "lat": 33.741951227210848, "lon": -84.392813578316478, "restaurant_accessibility": 12.857031773964088, "park_accessibility": 14.584699173017659, "clinic_accessibility": 3.7052015114208565, "restaurant_norm": 0.20825960645301772, "park_norm": 0.71688039166102324, "clinic_norm": 0.50491968695301592, "user_match_score": 0.37778571717381754, "suitability": 0, "suitability_label": "Most Suitable" }, "geometry": { "type": "Polygon", "coordinates": [ [ [ -84.393078375215453, 33.737152531768459 ], [ -84.388250295334288, 33.739152979987573 ], [ -84.387985289742815, 33.74395148524659 ], [ -84.392548758261142, 33.746749804795336 ], [ -84.397377343122571, 33.744749419418255 ], [ -84.397641954456191, 33.739950651655469 ], [ -84.393078375215453, 33.737152531768459 ] ] ] } },
{ "type": "Feature", "properties": { "hex_id": "8844c1a8abfffff", "lat": 33.791930043944554, "lon": -84.385333958747864, "restaurant_accessibility": 37.04830320009939, "park_accessibility": 12.62272309780948, "clinic_accessibility": 5.5908812983441516, "restaurant_norm": 0.60011246606928759, "park_norm": 0.62044356012000057, "clinic_norm": 0.7618873160474523, "user_match_score": 0.66685551546562483, "suitability": 0, "suitability_label": "Most Suitable" }, "geometry": { "type": "Polygon", "coordinates": [ [ [ -84.385599196217569, 33.787132720341688 ], [ -84.380769116343416, 33.789130947917357 ], [ -84.380503670014193, 33.793928081078136 ], [ -84.385068698073681, 33.796727249034127 ], [ -84.389899283442332, 33.794729084538304 ], [ -84.390164335227723, 33.789931689011723 ], [ -84.385599196217569, 33.787132720341688 ] ] ] } },
{ "type": "Feature", "properties": { "hex_id": "8844c1ae39fffff", "lat": 33.811469808148743, "lon": -84.530713762148096, "restaurant_accessibility": 0.38743870305512368, "park_accessibility": 1.8207037369714423, "clinic_accessibility": 0.55615263779563395, "restaurant_norm": 0.0062757744743482053, "park_norm": 0.089492885151412918, "clinic_norm": 0.075788702694925936, "user_match_score": 0.042402656830285768, "suitability": 1, "suitability_label": "Okay" }, "geometry": { "type": "Polygon", "coordinates": [ [ [ -84.530972904812955, 33.806668605997494 ], [ -84.526136577015535, 33.808673459429549 ], [ -84.525877224836734, 33.813474471621269 ], [ -84.530454596782718, 33.816270891425845 ], [ -84.535291429515084, 33.814266099580202 ], [ -84.535550385337388, 33.809464826348808 ], [ -84.530972904812955, 33.806668605997494 ] ] ] } },
{ "type": "Feature", "properties": { "hex_id": "8844c1ad4bfffff", "lat": 33.818716589529743, "lon": -84.445246422354302, "restaurant_accessibility": 3.4254887286029048, "park_accessibility": 2.5835927934981346, "clinic_accessibility": 0.85191866284155304, "restaurant_norm": 0.055486440966314561, "park_norm": 0.12699110154579377, "clinic_norm": 0.11609368700339226, "user_match_score": 0.086879805439093558, "suitability": 1, "suitability_label": "Okay" }, "geometry": { "type": "Polygon", "coordinates": [ [ [ -84.4455091964753, 33.813918096569211 ], [ -84.440675681158169, 33.815918363194704 ], [ -84.440412697833281, 33.820716665825671 ], [ -84.444983625228019, 33.82351496358099 ], [ -84.449817645990535, 33.821514759478823 ], [ -84.450080233883682, 33.816716195103176 ], [ -84.4455091964753, 33.813918096569211 ] ] ] } },
{ "type": "Feature", "properties": { "hex_id": "8844c1306dfffff", "lat": 33.857417083401415, "lon": -84.306179210766103, "restaurant_accessibility": 5.3905608018754263, "park_accessibility": 3.4686047815510532, "clinic_accessibility": 0.54348970409136377, "restaurant_norm": 0.087316893268710338, "park_norm": 0.17049201528379077, "clinic_norm": 0.074063084128119558, "user_match_score": 0.090332881813982066, "suitability": 0, "suitability_label": "Most Suitable" }, "geometry": { "type": "Polygon", "coordinates": [ [ [ -84.30644795310829, 33.852623643720989 ], [ -84.301617824890556, 33.854615450498933 ], [ -84.3013488737476, 33.859408699129425 ], [ -84.30591044491247, 33.862210403760443 ], [ -84.310741079647499, 33.860218661113343 ], [ -84.311009636670974, 33.855425149709419 ], [ -84.30644795310829, 33.852623643720989 ] ] ] } },
{ "type": "Feature", "properties": { "hex_id": "8844c132d5fffff", "lat": 33.880675484311553, "lon": -84.408768525820278, "restaurant_accessibility": 0.14466372953388024, "park_accessibility": 0.95285057694697672, "clinic_accessibility": 0.17485334370716807, "restaurant_norm": 0.0023432789084150119, "park_norm": 0.046835377726536093, "clinic_norm": 0.023827825637870764, "user_match_score": 0.01538630748200942, "suitability": 2, "suitability_label": "Less Suitable" }, "geometry": { "type": "Polygon", "coordinates": [ [ [ -84.409032995572574, 33.875879517789144 ], [ -84.404197999044996, 33.877875651449202 ], [ -84.403933319989235, 33.882671427216231 ], [ -84.408504032907132, 33.885471331133061 ], [ -84.41333953565821, 33.88347526057953 ], [ -84.413603819238588, 33.878679223007786 ], [ -84.409032995572574, 33.875879517789144 ] ] ] } },
{ "type": "Feature", "properties": { "hex_id": "8844c1a183fffff", "lat": 33.751479623709351, "lon": -84.505599429300418, "restaurant_accessibility": 0.0, "park_accessibility": 1.2433931396151652, "clinic_accessibility": 0.85006469529823903, "restaurant_norm": 0.0, "park_norm": 0.061116389878305637, "clinic_norm": 0.11584104090338779, "user_match_score": 0.052448055349185681, "suitability": 1, "suitability_label": "Okay" }, "geometry": { "type": "Polygon", "coordinates": [ [ [ -84.505859487116069, 33.746677784148581 ], [ -84.501026815467483, 33.748683576985215 ], [ -84.500766548473976, 33.753485226763232 ], [ -84.505339348721307, 33.756281345207469 ], [ -84.510172524864217, 33.754275614036978 ], [ -84.510432396236382, 33.749473702761307 ], [ -84.505859487116069, 33.746677784148581 ] ] ] } },
{ "type": "Feature", "properties": { "hex_id": "8844c1a355fffff", "lat": 33.636986696308696, "lon": -84.521231411939155, "restaurant_accessibility": 0.0, "park_accessibility": 0.0, "clinic_accessibility": 0.55247408746993831, "restaurant_norm": 0.0, "park_norm": 0.0, "clinic_norm": 0.075287414850481849, "user_match_score": 0.03011496594019274, "suitability": 2, "suitability_label": "Less Suitable" }, "geometry": { "type": "Polygon", "coordinates": [ [ [ -84.521490529449196, 33.632181780415614 ], [ -84.516662492337929, 33.634192566263657 ], [ -84.516403166038955, 33.638997292966494 ], [ -84.520972271769708, 33.64179149564653 ], [ -84.525800812207748, 33.639780770931807 ], [ -84.526059743559273, 33.634975782408866 ], [ -84.521490529449196, 33.632181780415614 ] ] ] } },
{ "type": "Feature", "properties": { "hex_id": "8844c1ac33fffff", "lat": 33.873487928681001, "lon": -84.494252461932803, "restaurant_accessibility": 1.638190528720517, "park_accessibility": 4.0637686260653307, "clinic_accessibility": 1.1542226854939759, "restaurant_norm": 0.026535589302756034, "park_norm": 0.19974604959032058, "clinic_norm": 0.15728962520319215, "user_match_score": 0.096158249691686931, "suitability": 0, "suitability_label": "Most Suitable" }, "geometry": { "type": "Polygon", "coordinates": [ [ [ -84.494513299355972, 33.868689250039978 ], [ -84.489675479328739, 33.870689972808783 ], [ -84.489414432290573, 33.875488461062567 ], [ -84.493991601653562, 33.878286487654641 ], [ -84.498829927396685, 33.876285827055824 ], [ -84.499090578031712, 33.871487077700181 ], [ -84.494513299355972, 33.868689250039978 ] ] ] } },
{ "type": "Feature", "properties": { "hex_id": "8844c1a94dfffff", "lat": 33.698369487679024, "lon": -84.305656873569745, "restaurant_accessibility": 0.52967928938858644, "park_accessibility": 3.4603788222395861, "clinic_accessibility": 0.0, "restaurant_norm": 0.0085798030442581687, "park_norm": 0.17008768545408115, "clinic_norm": 0.0, "user_match_score": 0.0212986700675372, "suitability": 2, "suitability_label": "Less Suitable" }, "geometry": { "type": "Polygon", "coordinates": [ [ [ -84.305925234728363, 33.693572409162996 ], [ -84.301102372303447, 33.695570064028963 ], [ -84.300833802972178, 33.700366952220385 ], [ -84.305388488968362, 33.703166448973597 ], [ -84.310211856394446, 33.701168857742481 ], [ -84.310480032793933, 33.696371706128232 ], [ -84.305925234728363, 33.693572409162996 ] ] ] } },
{ "type": "Feature", "properties": { "hex_id": "8844c1a325fffff", "lat": 33.647472225031507, "lon": -84.473475208226958, "restaurant_accessibility": 0.0, "park_accessibility": 1.6207437897587276, "clinic_accessibility": 0.41979614497893247, "restaurant_norm": 0.0, "park_norm": 0.079664272056700097, "clinic_norm": 0.057206966329224715, "user_match_score": 0.030849213737359899, "suitability": 2, "suitability_label": "Less Suitable" }, "geometry": { "type": "Polygon", "coordinates": [ [ [ -84.473736367456894, 33.642668968936867 ], [ -84.468909608378297, 33.644676961589624 ], [ -84.468648240506909, 33.64948002825578 ], [ -84.473214026165095, 33.652275364464366 ], [ -84.478041288915662, 33.650267433489461 ], [ -84.478302262307025, 33.64546410463322 ], [ -84.473736367456894, 33.642668968936867 ] ] ] } },
{ "type": "Feature", "properties": { "hex_id": "8844c13227fffff", "lat": 33.845460711716129, "lon": -84.335163097173009, "restaurant_accessibility": 5.0913264728026437, "park_accessibility": 3.7612382967211464, "clinic_accessibility": 1.3919000797444645, "restaurant_norm": 0.082469862888329137, "park_norm": 0.18487580383366956, "clinic_norm": 0.18967868559055689, "user_match_score": 0.13559398606375428, "suitability": 0, "suitability_label": "Most Suitable" }, "geometry": { "type": "Polygon", "coordinates": [ [ [ -84.335430586468377, 33.840666126321388 ], [ -84.330599925994989, 33.842659840747352 ], [ -84.3303322278297, 33.847454235259434 ], [ -84.334895584473301, 33.850255177926527 ], [ -84.339726751204893, 33.8482615272844 ], [ -84.339994055005306, 33.843466870196394 ], [ -84.335430586468377, 33.840666126321388 ] ] ] } },
{ "type": "Feature", "properties": { "hex_id": "8844c1ad0dfffff", "lat": 33.831512598418279, "lon": -84.425648413039454, "restaurant_accessibility": 0.72542030575263583, "park_accessibility": 1.138081012574903, "clinic_accessibility": 1.2880847123251276, "restaurant_norm": 0.011750437429501036, "park_norm": 0.055939992478285898, "clinic_norm": 0.17553143269305316, "user_match_score": 0.081681791039800375, "suitability": 1, "suitability_label": "Okay" }, "geometry": { "type": "Polygon", "coordinates": [ [ [ -84.425912046984976, 33.826714985946126 ], [ -84.421078671161936, 33.828713789736149 ], [ -84.420814828039966, 33.833511211743243 ], [ -84.425384756014026, 33.836310091826064 ], [ -84.430218637504737, 33.834311350808981 ], [ -84.430482085324442, 33.829513666941288 ], [ -84.425912046984976, 33.826714985946126 ] ] ] } },
{ "type": "Feature", "properties": { "hex_id": "8844c1a8cbfffff", "lat": 33.765539395431077, "lon": -84.415109414439854, "restaurant_accessibility": 3.5499807204255336, "park_accessibility": 7.6752065751932603, "clinic_accessibility": 3.7468276784599497, "restaurant_norm": 0.057502975861719839, "park_norm": 0.37725873056628617, "clinic_norm": 0.51059221816775491, "user_match_score": 0.27071424825459051, "suitability": 0, "suitability_label": "Most Suitable" }, "geometry": { "type": "Polygon", "coordinates": [ [ [ -84.41537332923933, 33.760740575020129 ], [ -84.41054335062698, 33.762741279930047 ], [ -84.410279226953264, 33.767539910136819 ], [ -84.414845476552074, 33.770338097656655 ], [ -84.41967596025647, 33.768337455425055 ], [ -84.419939689240792, 33.763538563000395 ], [ -84.41537332923933, 33.760740575020129 ] ] ] } },
{ "type": "Feature", "properties": { "hex_id": "8844c1ac49fffff", "lat": 33.816689690195005, "lon": -84.506792125825953, "restaurant_accessibility": 0.27020960704874586, "park_accessibility": 2.8481180858126969, "clinic_accessibility": 0.4841815820248182, "restaurant_norm": 0.004376884759494222, "park_norm": 0.13999328917469869, "clinic_norm": 0.065980976222434304, "user_match_score": 0.042580161786190701, "suitability": 1, "suitability_label": "Okay" }, "geometry": { "type": "Polygon", "coordinates": [ [ [ -84.507052293161323, 33.811889319198286 ], [ -84.502216605136994, 33.813892771234066 ], [ -84.501956228361621, 33.81869295215283 ], [ -84.506531935703308, 33.821489942265536 ], [ -84.511368128836608, 33.819486552088485 ], [ -84.51162810949009, 33.814686109945221 ], [ -84.507052293161323, 33.811889319198286 ] ] ] } },
{ "type": "Feature", "properties": { "hex_id": "8844c1a351fffff", "lat": 33.637769728945493, "lon": -84.530629438310513, "restaurant_accessibility": 0.0, "park_accessibility": 0.14181818389927731, "clinic_accessibility": 0.46799150155062119, "restaurant_norm": 0.0, "park_norm": 0.0069707762918042766, "clinic_norm": 0.063774702059051253, "user_match_score": 0.026206958452800931, "suitability": 2, "suitability_label": "Less Suitable" }, "geometry": { "type": "Polygon", "coordinates": [ [ [ -84.530888160833001, 33.632964551266021 ], [ -84.526059743559273, 33.634975782408866 ], [ -84.525800812207748, 33.639780770931807 ], [ -84.530370693161387, 33.64257479005289 ], [ -84.535199613720607, 33.640563619945375 ], [ -84.535458150011721, 33.635758369686592 ], [ -84.530888160833001, 33.632964551266021 ] ] ] } },
{ "type": "Feature", "properties": { "hex_id": "8844c1a149fffff", "lat": 33.662669039738276, "lon": -84.482086207034911, "restaurant_accessibility": 0.1117332292843555, "park_accessibility": 1.9593841629854203, "clinic_accessibility": 0.52293948031647042, "restaurant_norm": 0.0018098670647766625, "park_norm": 0.096309431515327254, "clinic_norm": 0.07126263926074862, "user_match_score": 0.039040932388220512, "suitability": 1, "suitability_label": "Okay" }, "geometry": { "type": "Polygon", "coordinates": [ [ [ -84.482347040151211, 33.657865871713739 ], [ -84.477519273678695, 33.659873741032406 ], [ -84.47725823182715, 33.664676719592002 ], [ -84.481825351110416, 33.667472090893497 ], [ -84.48665362135489, 33.665464283209424 ], [ -84.486914268515079, 33.660661042594384 ], [ -84.482347040151211, 33.657865871713739 ] ] ] } },
{ "type": "Feature", "properties": { "hex_id": "8844c1a94bfffff", "lat": 33.706767436790052, "lon": -84.3193232667941, "restaurant_accessibility": 0.0, "park_accessibility": 2.3900630082454133, "clinic_accessibility": 0.0, "restaurant_norm": 0.0, "park_norm": 0.11747854961693976, "clinic_norm": 0.0, "user_match_score": 0.011747854961693976, "suitability": 2, "suitability_label": "Less Suitable" }, "geometry": { "type": "Polygon", "coordinates": [ [ [ -84.319591073543464, 33.701970139114671 ], [ -84.314767320796307, 33.703968174139447 ], [ -84.314499305786541, 33.708765281505073 ], [ -84.31905543664611, 33.711564617123557 ], [ -84.3238796944066, 33.709566645614409 ], [ -84.324147316264956, 33.704769274976108 ], [ -84.319591073543464, 33.701970139114671 ] ] ] } },
{ "type": "Feature", "properties": { "hex_id": "8844c1aa53fffff", "lat": 33.687532715416438, "lon": -84.433547405195313, "restaurant_accessibility": 1.1164437395916342, "park_accessibility": 5.5927103566130336, "clinic_accessibility": 0.95143771285308376, "restaurant_norm": 0.018084277765038258, "park_norm": 0.27489798338198185, "clinic_norm": 0.12965546695592561, "user_match_score": 0.088394124003087576, "suitability": 1, "suitability_label": "Okay" }, "geometry": { "type": "Polygon", "coordinates": [ [ [ -84.433810348144846, 33.682731560421693 ], [ -84.428983239303733, 33.68473606744265 ], [ -84.428720087713643, 33.68953703266537 ], [ -84.433284439256184, 33.692333753245549 ], [ -84.438112052353375, 33.690329308457862 ], [ -84.438374809622843, 33.685528080861815 ], [ -84.433810348144846, 33.682731560421693 ] ] ] } },
{ "type": "Feature", "properties": { "hex_id": "8844c1302dfffff", "lat": 33.878580499579691, "lon": -84.300272833852389, "restaurant_accessibility": 1.8678105476154527, "park_accessibility": 2.9397917503572479, "clinic_accessibility": 0.16720652880816639, "restaurant_norm": 0.030254999475299284, "park_norm": 0.14449931646837658, "clinic_norm": 0.022785769659784169, "user_match_score": 0.038691739248400969, "suitability": 1, "suitability_label": "Okay" }, "geometry": { "type": "Polygon", "coordinates": [ [ [ -84.300541879130861, 33.873787728703761 ], [ -84.295711004590274, 33.875778453099727 ], [ -84.295441750451246, 33.880571032806692 ], [ -84.300003765032358, 33.883373150859683 ], [ -84.304835146322304, 33.881382490723482 ], [ -84.30510400625235, 33.876589648279541 ], [ -84.300541879130861, 33.873787728703761 ] ] ] } },
{ "type": "Feature", "properties": { "hex_id": "8844c1a939fffff", "lat": 33.741537911768241, "lon": -84.303240567850878, "restaurant_accessibility": 1.8065991586669852, "park_accessibility": 5.5253627299442591, "clinic_accessibility": 0.84023864418971506, "restaurant_norm": 0.029263490704304, "park_norm": 0.27158765161503856, "clinic_norm": 0.11450201342150659, "user_match_score": 0.087591315882258491, "suitability": 1, "suitability_label": "Okay" }, "geometry": { "type": "Polygon", "coordinates": [ [ [ -84.303509140104467, 33.736741890521991 ], [ -84.298684403486462, 33.738737831634772 ], [ -84.298415622900322, 33.743533662348625 ], [ -84.302971972126926, 33.746333815223998 ], [ -84.307797214169483, 33.744337937909265 ], [ -84.308065601531595, 33.739541843926069 ], [ -84.303509140104467, 33.736741890521991 ] ] ] } },
{ "type": "Feature", "properties": { "hex_id": "8844c1a991fffff", "lat": 33.796317531746602, "lon": -84.35205715915879, "restaurant_accessibility": 6.673003444310071, "park_accessibility": 8.3302124939336597, "clinic_accessibility": 3.6628853982600926, "restaurant_norm": 0.10809003941219698, "park_norm": 0.40945417690333602, "clinic_norm": 0.49915313456866045, "user_match_score": 0.29465169122389628, "suitability": 0, "suitability_label": "Most Suitable" }, "geometry": { "type": "Polygon", "coordinates": [ [ [ -84.352323811755568, 33.791521304668585 ], [ -84.347494765385093, 33.793517689104156 ], [ -84.347227904044502, 33.798313725589722 ], [ -84.351790483238673, 33.801113640276718 ], [ -84.356620035313014, 33.799117319290495 ], [ -84.356886502460029, 33.79432102017298 ], [ -84.352323811755568, 33.791521304668585 ] ] ] } },
{ "type": "Feature", "properties": { "hex_id": "8844c1ad6bfffff", "lat": 33.823916248704855, "lon": -84.421342491189122, "restaurant_accessibility": 1.7130691652351075, "park_accessibility": 2.5218945400730823, "clinic_accessibility": 1.3926625579865668, "restaurant_norm": 0.02774848164419412, "park_norm": 0.12395845290796786, "clinic_norm": 0.18978259094472566, "user_match_score": 0.10218312249078411, "suitability": 0, "suitability_label": "Most Suitable" }, "geometry": { "type": "Polygon", "coordinates": [ [ [ -84.421606288124536, 33.81911858871252 ], [ -84.416773417918577, 33.821117455297781 ], [ -84.416509411853866, 33.825914924842884 ], [ -84.421078671161936, 33.828713789736149 ], [ -84.425912046984976, 33.826714985946126 ], [ -84.426175657853605, 33.821917254472737 ], [ -84.421606288124536, 33.81911858871252 ] ] ] } },
{ "type": "Feature", "properties": { "hex_id": "8844c1ab49fffff", "lat": 33.651583547163121, "lon": -84.350667062629512, "restaurant_accessibility": 0.26715110005270715, "park_accessibility": 0.50689458012334376, "clinic_accessibility": 0.0, "restaurant_norm": 0.0043273427287574932, "park_norm": 0.024915343183899666, "clinic_norm": 0.0, "user_match_score": 0.0046552056827687139, "suitability": 2, "suitability_label": "Less Suitable" }, "geometry": { "type": "Polygon", "coordinates": [ [ [ -84.350933410084792, 33.646784056243455 ], [ -84.346111001778723, 33.648785703944256 ], [ -84.345844446154246, 33.65358500493177 ], [ -84.350400691909613, 33.656382921450096 ], [ -84.355223604547859, 33.654381336753239 ], [ -84.355489767069372, 33.649581772539086 ], [ -84.350933410084792, 33.646784056243455 ] ] ] } },
{ "type": "Feature", "properties": { "hex_id": "8844c1aea1fffff", "lat": 33.855468800088985, "lon": -84.537798611260754, "restaurant_accessibility": 0.11356230251311954, "park_accessibility": 2.2266456241908097, "clinic_accessibility": 1.1013010009920192, "restaurant_norm": 0.0018394945929256967, "park_norm": 0.10944610980480993, "clinic_norm": 0.15007781761610431, "user_match_score": 0.071895485323385577, "suitability": 1, "suitability_label": "Okay" }, "geometry": { "type": "Polygon", "coordinates": [ [ [ -84.538057561643782, 33.850668409231858 ], [ -84.533218966008363, 33.852671999197021 ], [ -84.532959805909414, 33.857472199920863 ], [ -84.537539638183461, 33.860269071485376 ], [ -84.542378739136268, 33.85826554316828 ], [ -84.542637502468452, 33.853465081643883 ], [ -84.538057561643782, 33.850668409231858 ] ] ] } },
{ "type": "Feature", "properties": { "hex_id": "8844c1ae07fffff", "lat": 33.803872328403898, "lon": -84.526395906478868, "restaurant_accessibility": 0.67046591656342158, "park_accessibility": 2.7272749631009692, "clinic_accessibility": 1.0219063645318105, "restaurant_norm": 0.010860280224741864, "park_norm": 0.13405349815731563, "clinic_norm": 0.13925845600684483, "user_match_score": 0.074538872330840431, "suitability": 1, "suitability_label": "Okay" }, "geometry": { "type": "Polygon", "coordinates": [ [ [ -84.526655213229674, 33.799071078607618 ], [ -84.521819390317305, 33.801075993648482 ], [ -84.521559874099623, 33.805877053503053 ], [ -84.526136577015535, 33.808673459429549 ], [ -84.530972904812955, 33.806668605997494 ], [ -84.531232024780309, 33.801867285035371 ], [ -84.526655213229674, 33.799071078607618 ] ] ] } },
{ "type": "Feature", "properties": { "hex_id": "8844c1a827fffff", "lat": 33.744749486839559, "lon": -84.340775462169475, "restaurant_accessibility": 7.2917968956399957, "park_accessibility": 8.2633892175404657, "clinic_accessibility": 1.0025322125057536, "restaurant_norm": 0.11811332339525751, "park_norm": 0.40616961847778754, "clinic_norm": 0.13661827820657574, "user_match_score": 0.15432093482803783, "suitability": 0, "suitability_label": "Most Suitable" }, "geometry": { "type": "Polygon", "coordinates": [ [ [ -84.34104246067939, 33.739952413146575 ], [ -84.336216182355344, 33.741950130809833 ], [ -84.335948975349837, 33.746747014102489 ], [ -84.340508440319354, 33.749546442673676 ], [ -84.345335223911775, 33.747548788417546 ], [ -84.345602037237029, 33.742751642188111 ], [ -84.34104246067939, 33.739952413146575 ] ] ] } },
{ "type": "Feature", "properties": { "hex_id": "8844c1aaabfffff", "lat": 33.744341812311781, "lon": -84.420994374504104, "restaurant_accessibility": 3.2849037627239803, "park_accessibility": 7.9811875938053625, "clinic_accessibility": 1.3661375602437305, "restaurant_norm": 0.05320923031755153, "park_norm": 0.39229858773860915, "clinic_norm": 0.18616794447665636, "user_match_score": 0.14030165172329923, "suitability": 0, "suitability_label": "Most Suitable" }, "geometry": { "type": "Polygon", "coordinates": [ [ [ -84.421257988166516, 33.739542329708584 ], [ -84.416428757614909, 33.74154411278824 ], [ -84.416164935138326, 33.746343405307854 ], [ -84.420730737783344, 33.74914117700586 ], [ -84.425560473195191, 33.747139456474542 ], [ -84.425823901072619, 33.742339901701982 ], [ -84.421257988166516, 33.739542329708584 ] ] ] } },
{ "type": "Feature", "properties": { "hex_id": "8844c1aa11fffff", "lat": 33.701142231755078, "lon": -84.423366067726676, "restaurant_accessibility": 0.14170155431580989, "park_accessibility": 3.6471908317766015, "clinic_accessibility": 0.77970886469964606, "restaurant_norm": 0.0022952972703506607, "park_norm": 0.17927003916430642, "clinic_norm": 0.1062534263427054, "user_match_score": 0.061576023088688141, "suitability": 1, "suitability_label": "Okay" }, "geometry": { "type": "Polygon", "coordinates": [ [ [ -84.423629473999469, 33.69634169082029 ], [ -84.418802121972305, 33.698345183610179 ], [ -84.418538507045923, 33.703145534669879 ], [ -84.423102638422634, 33.705942655350938 ], [ -84.427930494886951, 33.703939224946659 ], [ -84.428193715508257, 33.699138611480791 ], [ -84.423629473999469, 33.69634169082029 ] ] ] } },
{ "type": "Feature", "properties": { "hex_id": "8844c1aa97fffff", "lat": 33.761126844071143, "lon": -84.448398194317193, "restaurant_accessibility": 0.0, "park_accessibility": 2.6104184670789294, "clinic_accessibility": 0.5245455935031903, "restaurant_norm": 0.0, "park_norm": 0.12830966143894185, "clinic_norm": 0.071481509453084999, "user_match_score": 0.04142356992512819, "suitability": 1, "suitability_label": "Okay" }, "geometry": { "type": "Polygon", "coordinates": [ [ [ -84.448660692609266, 33.756326929131255 ], [ -84.443829686343221, 33.758329477914714 ], [ -84.443566979061927, 33.763129202801679 ], [ -84.448135673055916, 33.765926640860762 ], [ -84.452967184202308, 33.763924154385727 ], [ -84.453229496445203, 33.759124167548343 ], [ -84.448660692609266, 33.756326929131255 ] ] ] } },
{ "type": "Feature", "properties": { "hex_id": "8844c1ae47fffff", "lat": 33.782660814344858, "lon": -84.532268277733749, "restaurant_accessibility": 0.0, "park_accessibility": 1.12393436728362, "clinic_accessibility": 0.51025327029524714, "restaurant_norm": 0.0, "park_norm": 0.055244643709223405, "clinic_norm": 0.069533848755619007, "user_match_score": 0.033338003873169944, "suitability": 2, "suitability_label": "Less Suitable" }, "geometry": { "type": "Polygon", "coordinates": [ [ [ -84.532527284257995, 33.777858900278424 ], [ -84.527692213167313, 33.779864892982786 ], [ -84.527432997236801, 33.784666617228282 ], [ -84.532009248526833, 33.7874626099171 ], [ -84.536844824270077, 33.785456678692029 ], [ -84.537103644041636, 33.780654693304079 ], [ -84.532527284257995, 33.777858900278424 ] ] ] } },
{ "type": "Feature", "properties": { "hex_id": "8844c1a0e7fffff", "lat": 33.740226593904033, "lon": -84.544007163658335, "restaurant_accessibility": 0.0, "park_accessibility": 0.51443503354468734, "clinic_accessibility": 0.17866500517127659, "restaurant_norm": 0.0, "park_norm": 0.02528597840495346, "clinic_norm": 0.024347252963832996, "user_match_score": 0.012267499026028545, "suitability": 2, "suitability_label": "Less Suitable" }, "geometry": { "type": "Polygon", "coordinates": [ [ [ -84.544265570268877, 33.735423354980469 ], [ -84.5394320024282, 33.737431501223405 ], [ -84.539173386532568, 33.742234550568242 ], [ -84.543748734424696, 33.745029714887067 ], [ -84.548582806453283, 33.743021629863733 ], [ -84.548841026372727, 33.738218319307194 ], [ -84.544265570268877, 33.735423354980469 ] ] ] } },
{ "type": "Feature", "properties": { "hex_id": "8844c1b89bfffff", "lat": 33.654282978236822, "lon": -84.468386849785773, "restaurant_accessibility": 0.0, "park_accessibility": 2.1037130930314101, "clinic_accessibility": 0.38224357570910372, "restaurant_norm": 0.0, "park_norm": 0.10340361828407484, "clinic_norm": 0.052089557340386138, "user_match_score": 0.031176184764561941, "suitability": 2, "suitability_label": "Less Suitable" }, "geometry": { "type": "Polygon", "coordinates": [ [ [ -84.468648240506909, 33.64948002825578 ], [ -84.4638213592131, 33.651487514307227 ], [ -84.463559759843903, 33.656290274808001 ], [ -84.468125436211892, 33.659085811469168 ], [ -84.472952821268308, 33.657078387171886 ], [ -84.473214026165095, 33.652275364464366 ], [ -84.468648240506909, 33.64948002825578 ] ] ] } },
{ "type": "Feature", "properties": { "hex_id": "8844c1ad19fffff", "lat": 33.848304265579628, "lon": -84.453076999286409, "restaurant_accessibility": 0.18926535423360899, "park_accessibility": 0.74430411369680638, "clinic_accessibility": 0.46564688867809206, "restaurant_norm": 0.0030657409020098838, "park_norm": 0.036584712390161499, "clinic_norm": 0.063455194147275226, "user_match_score": 0.030573419348931184, "suitability": 2, "suitability_label": "Less Suitable" }, "geometry": { "type": "Polygon", "coordinates": [ [ [ -84.453339515815173, 33.843506225414473 ], [ -84.448504361608585, 33.845505795851004 ], [ -84.448241635727896, 33.850303645582059 ], [ -84.452814459767126, 33.85310218643923 ], [ -84.457650119661366, 33.851102678534737 ], [ -84.457912449799494, 33.8463045672462 ], [ -84.453339515815173, 33.843506225414473 ] ] ] } },
{ "type": "Feature", "properties": { "hex_id": "8844c13045fffff", "lat": 33.859035490278302, "lon": -84.324965562670897, "restaurant_accessibility": 6.5809375242819721, "park_accessibility": 3.4723920877478389, "clinic_accessibility": 0.93609323852843596, "restaurant_norm": 0.10659874557316221, "park_norm": 0.17067817240074487, "clinic_norm": 0.12756442625312489, "user_match_score": 0.12139296052790555, "suitability": 0, "suitability_label": "Most Suitable" }, "geometry": { "type": "Polygon", "coordinates": [ [ [ -84.325233516577811, 33.854241525199861 ], [ -84.320402615546399, 33.856234221835159 ], [ -84.320134452756903, 33.86102799592944 ], [ -84.324697585317836, 33.863829336000705 ], [ -84.329528992788326, 33.86183670330054 ], [ -84.329796761229417, 33.857042666599035 ], [ -84.325233516577811, 33.854241525199861 ] ] ] } },
{ "type": "Feature", "properties": { "hex_id": "8844c1a9d7fffff", "lat": 33.781928495121406, "lon": -84.352857046991318, "restaurant_accessibility": 21.850082682825821, "park_accessibility": 12.206378568329024, "clinic_accessibility": 4.4736260481573673, "restaurant_norm": 0.35393002836829679, "park_norm": 0.59997901533788711, "clinic_norm": 0.60963536175236821, "user_match_score": 0.48081706041888439, "suitability": 0, "suitability_label": "Most Suitable" }, "geometry": { "type": "Polygon", "coordinates": [ [ [ -84.353123629636386, 33.777131912778529 ], [ -84.348295209390344, 33.779128868853512 ], [ -84.348028418054966, 33.783925260672916 ], [ -84.352590441032063, 33.786724959105804 ], [ -84.357419366840617, 33.784728066426325 ], [ -84.357685764080273, 33.779931411923485 ], [ -84.353123629636386, 33.777131912778529 ] ] ] } },
{ "type": "Feature", "properties": { "hex_id": "8844c1a839fffff", "lat": 33.747151597981933, "lon": -84.368938852679918, "restaurant_accessibility": 23.515983781471576, "park_accessibility": 13.588845916663438, "clinic_accessibility": 4.4978250953018462, "restaurant_norm": 0.38091447651255506, "park_norm": 0.66793130714559623, "clinic_norm": 0.61293304347658462, "user_match_score": 0.502423586361471, "suitability": 0, "suitability_label": "Most Suitable" }, "geometry": { "type": "Polygon", "coordinates": [ [ [ -84.369204669685004, 33.742353735827784 ], [ -84.364377237187497, 33.744352786915158 ], [ -84.364111211564705, 33.749150458768305 ], [ -84.368673012432353, 33.751949342225963 ], [ -84.373500950079986, 33.749950354252327 ], [ -84.373766581680627, 33.745152419712348 ], [ -84.369204669685004, 33.742353735827784 ] ] ] } },
{ "type": "Feature", "properties": { "hex_id": "8844c13041fffff", "lat": 33.859843752542304, "lon": -84.33436048884856, "restaurant_accessibility": 8.2126369371481669, "park_accessibility": 4.5503813911059501, "clinic_accessibility": 0.92043634913382966, "restaurant_norm": 0.13302919107157612, "park_norm": 0.22366448256252394, "clinic_norm": 0.12543081174729709, "user_match_score": 0.13905336849095928, "suitability": 0, "suitability_label": "Most Suitable" }, "geometry": { "type": "Polygon", "coordinates": [ [ [ -84.334628048366156, 33.855049524889587 ], [ -84.329796761229417, 33.857042666599035 ], [ -84.329528992788326, 33.86183670330054 ], [ -84.334092905917416, 33.864637860821688 ], [ -84.338924699454012, 33.862644782949481 ], [ -84.339192073432272, 33.857850483723951 ], [ -84.334628048366156, 33.855049524889587 ] ] ] } },
{ "type": "Feature", "properties": { "hex_id": "8844c1aea7fffff", "lat": 33.862272281160962, "lon": -84.532700623098165, "restaurant_accessibility": 1.6713981850224742, "park_accessibility": 2.5281814476217295, "clinic_accessibility": 1.4620430967756266, "restaurant_norm": 0.027073490550435723, "park_norm": 0.12426747270277783, "clinic_norm": 0.1992372993642334, "user_match_score": 0.10565841229118902, "suitability": 0, "suitability_label": "Most Suitable" }, "geometry": { "type": "Polygon", "coordinates": [ [ [ -84.532959805909414, 33.857472199920863 ], [ -84.528121086481093, 33.859475281141002 ], [ -84.527861693947116, 33.864275172196557 ], [ -84.53244141757169, 33.867072242854121 ], [ -84.537280642408902, 33.865069223357786 ], [ -84.537539638183461, 33.860269071485376 ], [ -84.532959805909414, 33.857472199920863 ] ] ] } },
{ "type": "Feature", "properties": { "hex_id": "8844c1311bfffff", "lat": 33.892145665995749, "lon": -84.290071759404299, "restaurant_accessibility": 0.1416074574533065, "park_accessibility": 0.98873426868121139, "clinic_accessibility": 0.0, "restaurant_norm": 0.0022937730790833491, "park_norm": 0.048599165561959722, "clinic_norm": 0.0, "user_match_score": 0.0060068030957376468, "suitability": 2, "suitability_label": "Less Suitable" }, "geometry": { "type": "Polygon", "coordinates": [ [ [ -84.290341269549927, 33.887353516831432 ], [ -84.285510155489888, 33.8893432226714 ], [ -84.28524043647117, 33.894135180565641 ], [ -84.289802225675288, 33.896937695392801 ], [ -84.294633846665391, 33.894948053963653 ], [ -84.294903171491896, 33.890155833301549 ], [ -84.290341269549927, 33.887353516831432 ] ] ] } },
{ "type": "Feature", "properties": { "hex_id": "8844c13201fffff", "lat": 33.833492892882127, "lon": -84.364150169181912, "restaurant_accessibility": 11.710743374138064, "park_accessibility": 7.2911669596289652, "clinic_accessibility": 1.0068063769487408, "restaurant_norm": 0.18969190161830973, "park_norm": 0.35838206627907088, "clinic_norm": 0.13720073229601909, "user_match_score": 0.18556445035546959, "suitability": 0, "suitability_label": "Most Suitable" }, "geometry": { "type": "Polygon", "coordinates": [ [ [ -84.364416405016456, 33.828697162778283 ], [ -84.35958521467218, 33.830692784924693 ], [ -84.35931876989882, 33.835488324313594 ], [ -84.363883910050163, 33.838288503938969 ], [ -84.368715606392655, 33.836292945229197 ], [ -84.368981656556286, 33.831497143462478 ], [ -84.364416405016456, 33.828697162778283 ] ] ] } },
{ "type": "Feature", "properties": { "hex_id": "8844c13355fffff", "lat": 33.821867233048799, "lon": -84.312888878186854, "restaurant_accessibility": 5.5262957589245181, "park_accessibility": 3.3746542265353336, "clinic_accessibility": 2.6103737887825491, "restaurant_norm": 0.089515542944151372, "park_norm": 0.1658740721999154, "clinic_norm": 0.35572400372821017, "user_match_score": 0.20363478018335129, "suitability": 0, "suitability_label": "Most Suitable" }, "geometry": { "type": "Polygon", "coordinates": [ [ [ -84.313157247347604, 33.817072769020008 ], [ -84.308328491441912, 33.819066230248723 ], [ -84.308059913593652, 33.823860503415474 ], [ -84.312620485553992, 33.826661578220005 ], [ -84.317449747603419, 33.824668180939426 ], [ -84.317717931519439, 33.819873644911205 ], [ -84.313157247347604, 33.817072769020008 ] ] ] } },
{ "type": "Feature", "properties": { "hex_id": "8844c1a82dfffff", "lat": 33.730357912436965, "lon": -84.341576387690765, "restaurant_accessibility": 3.5487242214650969, "park_accessibility": 4.3174969352286308, "clinic_accessibility": 0.37418812808281254, "restaurant_norm": 0.057482622954174015, "park_norm": 0.21221753408860802, "clinic_norm": 0.050991815670683095, "user_match_score": 0.070359791154221057, "suitability": 1, "suitability_label": "Okay" }, "geometry": { "type": "Polygon", "coordinates": [ [ [ -84.341843316198336, 33.725560485546808 ], [ -84.337017663254315, 33.727558774272573 ], [ -84.336750526304527, 33.732356010831651 ], [ -84.341309435852125, 33.735155221657969 ], [ -84.34613559392335, 33.733156996285103 ], [ -84.346402337290513, 33.728359496738015 ], [ -84.341843316198336, 33.725560485546808 ] ] ] } },
{ "type": "Feature", "properties": { "hex_id": "8844c1a0a7fffff", "lat": 33.761445567675779, "lon": -84.538138696510103, "restaurant_accessibility": 0.2887555807406616, "park_accessibility": 0.31454820644005943, "clinic_accessibility": 0.23900975735781305, "restaurant_norm": 0.0046772944691589229, "park_norm": 0.015460959376261602, "clinic_norm": 0.03257062577887837, "user_match_score": 0.01691299348375697, "suitability": 2, "suitability_label": "Less Suitable" }, "geometry": { "type": "Polygon", "coordinates": [ [ [ -84.538397402987627, 33.756642990566533 ], [ -84.533563083587524, 33.758650060338617 ], [ -84.5333041677643, 33.763452447747923 ], [ -84.537879967379723, 33.766248026567553 ], [ -84.542714791199998, 33.764241018145022 ], [ -84.542973310955645, 33.759438369558531 ], [ -84.538397402987627, 33.756642990566533 ] ] ] } },
{ "type": "Feature", "properties": { "hex_id": "8844c13211fffff", "lat": 33.849488665082198, "lon": -84.382149298292745, "restaurant_accessibility": 13.801151527397886, "park_accessibility": 4.9222266311301039, "clinic_accessibility": 0.33852026449561101, "restaurant_norm": 0.22355256144849411, "park_norm": 0.24194175781815391, "clinic_norm": 0.046131241566624043, "user_match_score": 0.15442295313271207, "suitability": 0, "suitability_label": "Most Suitable" }, "geometry": { "type": "Polygon", "coordinates": [ [ [ -84.382414814416734, 33.844692767806031 ], [ -84.377582227049359, 33.846688708560613 ], [ -84.377316501851425, 33.851484415119288 ], [ -84.381883758927785, 33.85428444308765 ], [ -84.386716852355462, 33.852288565627227 ], [ -84.38698218261716, 33.84749259690939 ], [ -84.382414814416734, 33.844692767806031 ] ] ] } },
{ "type": "Feature", "properties": { "hex_id": "8844c1a035fffff", "lat": 33.716644687068587, "lon": -84.521654828918301, "restaurant_accessibility": 0.42563319049091031, "park_accessibility": 1.2910382139317917, "clinic_accessibility": 0.0, "restaurant_norm": 0.0068944529579900915, "park_norm": 0.063458283881852276, "clinic_norm": 0.0, "user_match_score": 0.0097930548671802745, "suitability": 2, "suitability_label": "Less Suitable" }, "geometry": { "type": "Polygon", "coordinates": [ [ [ -84.52191412293719, 33.711841571703474 ], [ -84.517082448085631, 33.713849455839593 ], [ -84.516822944962755, 33.718652381646415 ], [ -84.521395512207491, 33.7214476848213 ], [ -84.526227691139141, 33.719439862069031 ], [ -84.526486798716888, 33.714636674763227 ], [ -84.52191412293719, 33.711841571703474 ] ] ] } },
{ "type": "Feature", "properties": { "hex_id": "8844c1a165fffff", "lat": 33.67391994303685, "lon": -84.443727329248304, "restaurant_accessibility": 3.3079486448141653, "park_accessibility": 5.4356940905854447, "clinic_accessibility": 0.66287409776409945, "restaurant_norm": 0.053582513837358708, "park_norm": 0.26718017714191528, "clinic_norm": 0.090331978139554181, "user_match_score": 0.089642065888692557, "suitability": 1, "suitability_label": "Okay" }, "geometry": { "type": "Polygon", "coordinates": [ [ [ -84.443989808984085, 33.669118174535186 ], [ -84.439162943612743, 33.67112369547317 ], [ -84.438900255249507, 33.675925274306003 ], [ -84.443464826564608, 33.678721594546317 ], [ -84.448292196010883, 33.676716135689205 ], [ -84.448554490038021, 33.671914294515986 ], [ -84.443989808984085, 33.669118174535186 ] ] ] } },
{ "type": "Feature", "properties": { "hex_id": "8844c1a223fffff", "lat": 33.661349356834769, "lon": -84.552969472790963, "restaurant_accessibility": 0.0, "park_accessibility": 0.27313478505489563, "clinic_accessibility": 0.17818529102761083, "restaurant_norm": 0.0, "park_norm": 0.013425369242353033, "clinic_norm": 0.024281880779756085, "user_match_score": 0.011055289236137737, "suitability": 2, "suitability_label": "Less Suitable" }, "geometry": { "type": "Polygon", "coordinates": [ [ [ -84.553227308824432, 33.656544050323127 ], [ -84.548397001710015, 33.658555544108808 ], [ -84.548138956666818, 33.663360661443001 ], [ -84.552711614199595, 33.666154546445838 ], [ -84.55754242470681, 33.664143113532312 ], [ -84.55780007425949, 33.659337734748974 ], [ -84.553227308824432, 33.656544050323127 ] ] ] } },
{ "type": "Feature", "properties": { "hex_id": "8844c1a32dfffff", "lat": 33.640660659138554, "lon": -84.47856321288431, "restaurant_accessibility": 0.0, "park_accessibility": 0.7827807650981764, "clinic_accessibility": 0.44398996337449181, "restaurant_norm": 0.0, "park_norm": 0.038475951736218691, "clinic_norm": 0.060503935515065138, "user_match_score": 0.028049169379647926, "suitability": 2, "suitability_label": "Less Suitable" }, "geometry": { "type": "Polygon", "coordinates": [ [ [ -84.478824140650488, 33.635857097069028 ], [ -84.473997503857873, 33.637865596244012 ], [ -84.473736367456894, 33.642668968936867 ], [ -84.478302262307025, 33.64546410463322 ], [ -84.48312940268093, 33.643455667059754 ], [ -84.483390144594352, 33.638652032193512 ], [ -84.478824140650488, 33.635857097069028 ] ] ] } },
{ "type": "Feature", "properties": { "hex_id": "8844c1a14bfffff", "lat": 33.670267406914945, "lon": -84.486392951401371, "restaurant_accessibility": 0.0, "park_accessibility": 2.38346199653353, "clinic_accessibility": 0.5261515473001952, "restaurant_norm": 0.0, "park_norm": 0.11715409068876875, "clinic_norm": 0.071700357924873989, "user_match_score": 0.040395552238826474, "suitability": 1, "suitability_label": "Okay" }, "geometry": { "type": "Polygon", "coordinates": [ [ [ -84.48665362135489, 33.665464283209424 ], [ -84.481825351110416, 33.667472090893497 ], [ -84.481564472374785, 33.672275025115887 ], [ -84.486132258651594, 33.67507041364739 ], [ -84.490961032717962, 33.673062667576218 ], [ -84.491221516656552, 33.668259471365758 ], [ -84.48665362135489, 33.665464283209424 ] ] ] } },
{ "type": "Feature", "properties": { "hex_id": "8844c1330dfffff", "lat": 33.820250888197855, "lon": -84.29411193705468, "restaurant_accessibility": 2.8981233679629228, "park_accessibility": 2.0789682735830639, "clinic_accessibility": 2.239414479080259, "restaurant_norm": 0.046944119192929547, "park_norm": 0.10218733842480082, "clinic_norm": 0.30517218948819053, "user_match_score": 0.15575966923422108, "suitability": 0, "suitability_label": "Most Suitable" }, "geometry": { "type": "Polygon", "coordinates": [ [ [ -84.294381093818643, 33.815456950075387 ], [ -84.289553110715019, 33.817449522231051 ], [ -84.289283745345372, 33.822243269425684 ], [ -84.293842756753492, 33.825044707497227 ], [ -84.298671246078726, 33.823052199485296 ], [ -84.298940217744857, 33.818258189263084 ], [ -84.294381093818643, 33.815456950075387 ] ] ] } },
{ "type": "Feature", "properties": { "hex_id": "8844c1a861fffff", "lat": 33.716765031237358, "lon": -84.351761374922873, "restaurant_accessibility": 1.2568708641812933, "park_accessibility": 3.1571067847399119, "clinic_accessibility": 0.53755441450426045, "restaurant_norm": 0.020358931683339524, "park_norm": 0.15518098258393756, "clinic_norm": 0.073254263190565078, "user_match_score": 0.054999269376289552, "suitability": 1, "suitability_label": "Okay" }, "geometry": { "type": "Polygon", "coordinates": [ [ [ -84.352027839929832, 33.711966988713264 ], [ -84.347202427524564, 33.713966292473479 ], [ -84.346935754088079, 33.71876414476894 ], [ -84.351494886626512, 33.721562956265061 ], [ -84.356320803978576, 33.719563715705654 ], [ -84.356587083816194, 33.714765600454328 ], [ -84.352027839929832, 33.711966988713264 ] ] ] } },
{ "type": "Feature", "properties": { "hex_id": "8844c1333dfffff", "lat": 33.841417069114705, "lon": -84.288206048285602, "restaurant_accessibility": 0.3717553663707901, "park_accessibility": 1.336192298452177, "clinic_accessibility": 0.47492308345047773, "restaurant_norm": 0.0060217340719309334, "park_norm": 0.065677738490553084, "clinic_norm": 0.064719290943671084, "user_match_score": 0.035466357262489215, "suitability": 2, "suitability_label": "Less Suitable" }, "geometry": { "type": "Polygon", "coordinates": [ [ [ -84.288475507893892, 33.836623797681888 ], [ -84.28364677934232, 33.838615288200614 ], [ -84.283377111068688, 33.84340836858631 ], [ -84.287936565109987, 33.84621022144961 ], [ -84.292765800114907, 33.844218795203908 ], [ -84.293035074595778, 33.839425451826862 ], [ -84.288475507893892, 33.836623797681888 ] ] ] } },
{ "type": "Feature", "properties": { "hex_id": "8844c1a0a9fffff", "lat": 33.747824822439512, "lon": -84.548324563925689, "restaurant_accessibility": 0.0, "park_accessibility": 0.33683109025649527, "clinic_accessibility": 0.17755619397417979, "restaurant_norm": 0.0, "park_norm": 0.016556227937386023, "clinic_norm": 0.024196151707719823, "user_match_score": 0.011334083476826531, "suitability": 2, "suitability_label": "Less Suitable" }, "geometry": { "type": "Polygon", "coordinates": [ [ [ -84.548582806453283, 33.743021629863733 ], [ -84.543748734424696, 33.745029714887067 ], [ -84.543490282565017, 33.749832717866127 ], [ -84.54806629878702, 33.752627896971056 ], [ -84.552900875053197, 33.750619873145205 ], [ -84.553158930830719, 33.745816609022178 ], [ -84.548582806453283, 33.743021629863733 ] ] ] } },
{ "type": "Feature", "properties": { "hex_id": "8844c1aa85fffff", "lat": 33.737540229043447, "lon": -84.426087305909547, "restaurant_accessibility": 2.9293552071501141, "park_accessibility": 6.252023868966976, "clinic_accessibility": 0.57120505904030239, "restaurant_norm": 0.047450015938949874, "park_norm": 0.30730516047605044, "clinic_norm": 0.077839944388344226, "user_match_score": 0.085591501772417672, "suitability": 1, "suitability_label": "Okay" }, "geometry": { "type": "Polygon", "coordinates": [ [ [ -84.42635068770899, 33.732740438562232 ], [ -84.421521578773607, 33.734742729259601 ], [ -84.421257988166516, 33.739542329708584 ], [ -84.425823901072619, 33.742339901701982 ], [ -84.430653514777589, 33.74033767347693 ], [ -84.430916710777694, 33.735537810791257 ], [ -84.42635068770899, 33.732740438562232 ] ] ] } },
{ "type": "Feature", "properties": { "hex_id": "8844c1a86bfffff", "lat": 33.717564157864992, "lon": -84.361146809334542, "restaurant_accessibility": 0.9772338955350357, "park_accessibility": 4.9219071950494699, "clinic_accessibility": 0.79308766541852105, "restaurant_norm": 0.015829341489908059, "park_norm": 0.24192605660554206, "clinic_norm": 0.10807659840229757, "user_match_score": 0.07533791576642726, "suitability": 1, "suitability_label": "Okay" }, "geometry": { "type": "Polygon", "coordinates": [ [ [ -84.361412880701977, 33.712765852418165 ], [ -84.356587083816194, 33.714765600454328 ], [ -84.356320803978576, 33.719563715705654 ], [ -84.360880714710291, 33.722362345798409 ], [ -84.365707016503464, 33.720362660865298 ], [ -84.365972902628329, 33.715564282741411 ], [ -84.361412880701977, 33.712765852418165 ] ] ] } },
{ "type": "Feature", "properties": { "hex_id": "8844c1a8e3fffff", "lat": 33.777537717848858, "lon": -84.386129601555581, "restaurant_accessibility": 61.735600066374687, "park_accessibility": 15.006905096558265, "clinic_accessibility": 6.7756365722998328, "restaurant_norm": 0.99999999999999989, "park_norm": 0.73763304101215621, "clinic_norm": 0.92333771495227168, "user_match_score": 0.94309839008212426, "suitability": 0, "suitability_label": "Most Suitable" }, "geometry": { "type": "Polygon", "coordinates": [ [ [ -84.386394769429998, 33.772740039085285 ], [ -84.381565316027334, 33.774738837849092 ], [ -84.38129993934696, 33.779536326239644 ], [ -84.385864410485794, 33.78233527828872 ], [ -84.390694369241629, 33.780336542550934 ], [ -84.390959351476212, 33.775538791743124 ], [ -84.386394769429998, 33.772740039085285 ] ] ] } },
{ "type": "Feature", "properties": { "hex_id": "8844c1a1abfffff", "lat": 33.749897849961989, "lon": -84.486790189403791, "restaurant_accessibility": 0.0, "park_accessibility": 1.24843741132678, "clinic_accessibility": 1.0152356248876806, "restaurant_norm": 0.0, "park_norm": 0.061364330506862241, "clinic_norm": 0.13834941293254047, "user_match_score": 0.061476198223702413, "suitability": 1, "suitability_label": "Okay" }, "geometry": { "type": "Polygon", "coordinates": [ [ [ -84.487051038202438, 33.745096533581808 ], [ -84.482219129823832, 33.74710143469138 ], [ -84.481958071927977, 33.751902561221797 ], [ -84.486529317776032, 33.754699048313647 ], [ -84.491361730731015, 33.752694209066384 ], [ -84.491622393232447, 33.747892820870135 ], [ -84.487051038202438, 33.745096533581808 ] ] ] } },
{ "type": "Feature", "properties": { "hex_id": "8844c1a8b1fffff", "lat": 33.807122648584496, "lon": -84.393935288803576, "restaurant_accessibility": 13.301130189898965, "park_accessibility": 8.1997971978952133, "clinic_accessibility": 3.4508969379666139, "restaurant_norm": 0.21545316115172328, "park_norm": 0.40304388572121869, "clinic_norm": 0.47026478755727513, "user_match_score": 0.3361368841708936, "suitability": 0, "suitability_label": "Most Suitable" }, "geometry": { "type": "Polygon", "coordinates": [ [ [ -84.394200201213351, 33.802325418429866 ], [ -84.389369110299469, 33.804323519867935 ], [ -84.389103988935929, 33.809120559544638 ], [ -84.393670353212954, 33.81191976001913 ], [ -84.3985019497228, 33.80992172161671 ], [ -84.398766676330425, 33.805124419709252 ], [ -84.394200201213351, 33.802325418429866 ] ] ] } },
{ "type": "Feature", "properties": { "hex_id": "8844c1ab0bfffff", "lat": 33.68037804117575, "lon": -84.349068489234483, "restaurant_accessibility": 0.0, "park_accessibility": 1.1848158434815512, "clinic_accessibility": 0.0, "restaurant_norm": 0.0, "park_norm": 0.05823714537030799, "clinic_norm": 0.0, "user_match_score": 0.005823714537030799, "suitability": 2, "suitability_label": "Less Suitable" }, "geometry": { "type": "Polygon", "coordinates": [ [ [ -84.349334976323064, 33.675579251003121 ], [ -84.344511318735258, 33.677579758762505 ], [ -84.344244623370884, 33.682378358863623 ], [ -84.348801978863094, 33.685176714335384 ], [ -84.353626141064808, 33.683176269689433 ], [ -84.353892443131215, 33.678377406463298 ], [ -84.349334976323064, 33.675579251003121 ] ] ] } },
{ "type": "Feature", "properties": { "hex_id": "8844c1ac89fffff", "lat": 33.891070255903898, "lon": -84.531145049106442, "restaurant_accessibility": 1.8729165528949292, "park_accessibility": 3.7786846176780178, "clinic_accessibility": 1.3778162508587819, "restaurant_norm": 0.030337707107103085, "park_norm": 0.18573334126054664, "clinic_norm": 0.18775943708271212, "user_match_score": 0.10884596251269105, "suitability": 0, "suitability_label": "Most Suitable" }, "geometry": { "type": "Polygon", "coordinates": [ [ [ -84.531404368253803, 33.886270892893329 ], [ -84.526564390219278, 33.888272832661848 ], [ -84.526304861241258, 33.893072005350206 ], [ -84.530885707225963, 33.895869498988461 ], [ -84.535726190952403, 33.893867621049715 ], [ -84.535985322973005, 33.889068187648206 ], [ -84.531404368253803, 33.886270892893329 ] ] ] } },
{ "type": "Feature", "properties": { "hex_id": "8844c1a1edfffff", "lat": 33.720297922061988, "lon": -84.478954429748796, "restaurant_accessibility": 0.12431262756732131, "park_accessibility": 1.2512416939285202, "clinic_accessibility": 0.42349122574725101, "restaurant_norm": 0.0020136295335862497, "park_norm": 0.061502169154476101, "clinic_norm": 0.05771050683007322, "user_match_score": 0.030241234414270023, "suitability": 2, "suitability_label": "Less Suitable" }, "geometry": { "type": "Polygon", "coordinates": [ [ [ -84.479215536760037, 33.715496160660443 ], [ -84.474385264286283, 33.717501754862795 ], [ -84.474123948325499, 33.722303326520169 ], [ -84.478693299893592, 33.725099565832409 ], [ -84.483524076702594, 33.723094033482262 ], [ -84.483784997579136, 33.718292199972822 ], [ -84.479215536760037, 33.715496160660443 ] ] ] } },
{ "type": "Feature", "properties": { "hex_id": "8844c1af17fffff", "lat": 33.81430644035877, "lon": -84.47856223911603, "restaurant_accessibility": 2.0738542139050655, "park_accessibility": 3.0335076479563701, "clinic_accessibility": 0.20625104297353852, "restaurant_norm": 0.033592517310520549, "park_norm": 0.14910572545760103, "clinic_norm": 0.028106490761955025, "user_match_score": 0.042949427505802391, "suitability": 1, "suitability_label": "Okay" }, "geometry": { "type": "Polygon", "coordinates": [ [ [ -84.478823594256212, 33.809506853439849 ], [ -84.473989052771699, 33.811508966528841 ], [ -84.473727488312761, 33.816308363269478 ], [ -84.478300861089949, 33.819105908403067 ], [ -84.483135907806655, 33.817103857467281 ], [ -84.483397076484792, 33.812304199249887 ], [ -84.478823594256212, 33.809506853439849 ] ] ] } },
{ "type": "Feature", "properties": { "hex_id": "8844c1a333fffff", "lat": 33.671841172621114, "lon": -84.50518799152708, "restaurant_accessibility": 1.6340696556361038, "park_accessibility": 1.9993942034778502, "clinic_accessibility": 0.68937174014740732, "restaurant_norm": 0.026468838949961493, "park_norm": 0.098276041395882793, "clinic_norm": 0.093942896805093157, "user_match_score": 0.060639182336606291, "suitability": 1, "suitability_label": "Okay" }, "geometry": { "type": "Polygon", "coordinates": [ [ [ -84.505447871692766, 33.667037525090706 ], [ -84.500618839304849, 33.669046223299041 ], [ -84.500358750276547, 33.6738496814135 ], [ -84.504928088630621, 33.676644703144653 ], [ -84.509757624758564, 33.674636066353237 ], [ -84.510017318763389, 33.669832346418879 ], [ -84.505447871692766, 33.667037525090706 ] ] ] } },
{ "type": "Feature", "properties": { "hex_id": "8844c13319fffff", "lat": 33.837057932929014, "lon": -84.32147503212542, "restaurant_accessibility": 4.3179386192431641, "park_accessibility": 2.9661233057372596, "clinic_accessibility": 2.6161144133673369, "restaurant_norm": 0.069942441874716627, "park_norm": 0.14579358901455219, "clinic_norm": 0.35650629704190212, "user_match_score": 0.19215309865557439, "suitability": 0, "suitability_label": "Most Suitable" }, "geometry": { "type": "Polygon", "coordinates": [ [ [ -84.321743077640775, 33.832263562885203 ], [ -84.316913309396355, 33.834256896239758 ], [ -84.31664505509913, 33.83905107538579 ], [ -84.321206963161387, 33.841852183908912 ], [ -84.326037237652045, 33.839858914458262 ], [ -84.326305097804877, 33.835064472585628 ], [ -84.321743077640775, 33.832263562885203 ] ] ] } },
{ "type": "Feature", "properties": { "hex_id": "8844c1ab07fffff", "lat": 33.68637804317212, "lon": -84.334597156006936, "restaurant_accessibility": 0.0, "park_accessibility": 1.0913675234718052, "clinic_accessibility": 0.0, "restaurant_norm": 0.0, "park_norm": 0.053643888597992233, "clinic_norm": 0.0, "user_match_score": 0.0053643888597992235, "suitability": 2, "suitability_label": "Less Suitable" }, "geometry": { "type": "Polygon", "coordinates": [ [ [ -84.334864267888619, 33.681579823298485 ], [ -84.330040874761693, 33.683579380078328 ], [ -84.329773554638493, 33.688377409795997 ], [ -84.334330020789082, 33.691176145963205 ], [ -84.339153918659235, 33.689176652470628 ], [ -84.339420845606384, 33.68437835952853 ], [ -84.334864267888619, 33.681579823298485 ] ] ] } },
{ "type": "Feature", "properties": { "hex_id": "8844c1a199fffff", "lat": 33.753058875381981, "lon": -84.524413302973301, "restaurant_accessibility": 0.16785952919086891, "park_accessibility": 0.89206956658984993, "clinic_accessibility": 0.33362791944532216, "restaurant_norm": 0.0027190070074704976, "park_norm": 0.043847814253785061, "clinic_norm": 0.045464546024251047, "user_match_score": 0.023930103338814172, "suitability": 2, "suitability_label": "Less Suitable" }, "geometry": { "type": "Polygon", "coordinates": [ [ [ -84.524672569352219, 33.748256512977264 ], [ -84.519839135246173, 33.750263197923182 ], [ -84.519579659608823, 33.755065370612307 ], [ -84.524154013896634, 33.757861119689949 ], [ -84.528987952414496, 33.7558544962139 ], [ -84.529247032203656, 33.751052062195562 ], [ -84.524672569352219, 33.748256512977264 ] ] ] } },
{ "type": "Feature", "properties": { "hex_id": "8844c1ab39fffff", "lat": 33.693974828290038, "lon": -84.338886968390639, "restaurant_accessibility": 0.0, "park_accessibility": 1.5055968816018199, "clinic_accessibility": 0.0, "restaurant_norm": 0.0, "park_norm": 0.074004466555137566, "clinic_norm": 0.0, "user_match_score": 0.0074004466555137568, "suitability": 2, "suitability_label": "Less Suitable" }, "geometry": { "type": "Polygon", "coordinates": [ [ [ -84.339153918659235, 33.689176652470628 ], [ -84.334330020789082, 33.691176145963205 ], [ -84.334062862231988, 33.695974131608438 ], [ -84.338619994797568, 33.698772886923415 ], [ -84.343444397461852, 33.696773456696562 ], [ -84.343711162737222, 33.691975207893989 ], [ -84.339153918659235, 33.689176652470628 ] ] ] } },
{ "type": "Feature", "properties": { "hex_id": "8844c1aaa3fffff", "lat": 33.751142579895244, "lon": -84.415901089585574, "restaurant_accessibility": 4.1161295243862659, "park_accessibility": 8.6632267087417443, "clinic_accessibility": 2.4954234450470114, "restaurant_norm": 0.066673516090567389, "park_norm": 0.4258227943090328, "clinic_norm": 0.34005935191502656, "user_match_score": 0.21194277824219759, "suitability": 0, "suitability_label": "Most Suitable" }, "geometry": { "type": "Polygon", "coordinates": [ [ [ -84.416164935138326, 33.746343405307854 ], [ -84.411335583041549, 33.748344680691766 ], [ -84.411071528668103, 33.753143665144258 ], [ -84.41563722095357, 33.755941636487101 ], [ -84.420467078001209, 33.753940423727521 ], [ -84.420730737783344, 33.74914117700586 ], [ -84.416164935138326, 33.746343405307854 ] ] ] } },
{ "type": "Feature", "properties": { "hex_id": "8844c1b899fffff", "lat": 33.646684637097991, "lon": -84.4640829357147, "restaurant_accessibility": 0.13029070061900203, "park_accessibility": 1.450862867917599, "clinic_accessibility": 0.18779556401315206, "restaurant_norm": 0.0021104630145154608, "park_norm": 0.071314130559746211, "clinic_norm": 0.025591503485143496, "user_match_score": 0.018423245957289752, "suitability": 2, "suitability_label": "Less Suitable" }, "geometry": { "type": "Polygon", "coordinates": [ [ [ -84.464344489351674, 33.641881643243856 ], [ -84.459518111770436, 33.643889191071061 ], [ -84.459256349532296, 33.648691995463182 ], [ -84.4638213592131, 33.651487514307227 ], [ -84.468648240506909, 33.64948002825578 ], [ -84.468909608378297, 33.644676961589624 ], [ -84.464344489351674, 33.641881643243856 ] ] ] } },
{ "type": "Feature", "properties": { "hex_id": "8844c1ab65fffff", "lat": 33.662788366820351, "lon": -84.312356611861745, "restaurant_accessibility": 0.0, "park_accessibility": 0.0, "clinic_accessibility": 0.0, "restaurant_norm": 0.0, "park_norm": 0.0, "clinic_norm": 0.0, "user_match_score": 0.0, "suitability": 2, "suitability_label": "Less Suitable" }, "geometry": { "type": "Polygon", "coordinates": [ [ [ -84.312624600946876, 33.657990279392081 ], [ -84.307803106698586, 33.659989582666597 ], [ -84.30753490955361, 33.664787479960509 ], [ -84.312088599373027, 33.667586337493489 ], [ -84.316910598250587, 33.665587097668315 ], [ -84.317178402650214, 33.660788936865771 ], [ -84.312624600946876, 33.657990279392081 ] ] ] } },
{ "type": "Feature", "properties": { "hex_id": "8844c1a885fffff", "lat": 33.785134174994859, "lon": -84.390429363826485, "restaurant_accessibility": 46.879959219044352, "park_accessibility": 11.515858499110402, "clinic_accessibility": 6.164321757988759, "restaurant_norm": 0.75936670525015748, "park_norm": 0.56603794519315265, "clinic_norm": 0.84003188564170261, "user_match_score": 0.77229990140107507, "suitability": 0, "suitability_label": "Most Suitable" }, "geometry": { "type": "Polygon", "coordinates": [ [ [ -84.390694369241629, 33.780336542550934 ], [ -84.385864410485794, 33.78233527828872 ], [ -84.385599196217569, 33.787132720341688 ], [ -84.390164335227723, 33.789931689011723 ], [ -84.394994799387462, 33.787933016277911 ], [ -84.395259619103896, 33.783135311875178 ], [ -84.390694369241629, 33.780336542550934 ] ] ] } },
{ "type": "Feature", "properties": { "hex_id": "8844c1330bfffff", "lat": 33.828654657701776, "lon": -84.307791312255475, "restaurant_accessibility": 3.4682004689529955, "park_accessibility": 2.6755682575542279, "clinic_accessibility": 2.4669594271033626, "restaurant_norm": 0.056178290406575439, "park_norm": 0.13151196316340738, "clinic_norm": 0.33618046894867992, "user_match_score": 0.17571252909910043, "suitability": 0, "suitability_label": "Most Suitable" }, "geometry": { "type": "Polygon", "coordinates": [ [ [ -84.308059913593652, 33.823860503415474 ], [ -84.303231037806015, 33.825853456013292 ], [ -84.30296222777406, 33.830647419386786 ], [ -84.307522687424296, 33.833448693044595 ], [ -84.312352069445964, 33.831455804470629 ], [ -84.312620485553992, 33.826661578220005 ], [ -84.308059913593652, 33.823860503415474 ] ] ] } },
{ "type": "Feature", "properties": { "hex_id": "8844c1aa83fffff", "lat": 33.745932395972297, "lon": -84.439787377782892, "restaurant_accessibility": 3.153643067159587, "park_accessibility": 3.608169972476611, "clinic_accessibility": 0.42406975406989966, "restaurant_norm": 0.051083055218852085, "park_norm": 0.17735205041691568, "clinic_norm": 0.057789344739068133, "user_match_score": 0.066392470546744867, "suitability": 1, "suitability_label": "Okay" }, "geometry": { "type": "Polygon", "coordinates": [ [ [ -84.440050202052319, 33.7411323890136 ], [ -84.435220205395964, 33.743135062479936 ], [ -84.434957172231378, 33.747934879421727 ], [ -84.439524530520515, 33.750732284987748 ], [ -84.444355031956547, 33.748729673873846 ], [ -84.444617670294605, 33.743929594846584 ], [ -84.440050202052319, 33.7411323890136 ] ] ] } },
{ "type": "Feature", "properties": { "hex_id": "8844c1a8c9fffff", "lat": 33.757942531578109, "lon": -84.410807451197599, "restaurant_accessibility": 6.420903959762212, "park_accessibility": 10.474710169106149, "clinic_accessibility": 3.4464145299749278, "restaurant_norm": 0.10400650439711953, "park_norm": 0.51486247604316138, "clinic_norm": 0.46965395545192762, "user_match_score": 0.29135108198364695, "suitability": 0, "suitability_label": "Most Suitable" }, "geometry": { "type": "Polygon", "coordinates": [ [ [ -84.411071528668103, 33.753143665144258 ], [ -84.406242055097266, 33.755144432754477 ], [ -84.405977768799573, 33.759943109002158 ], [ -84.41054335062698, 33.762741279930047 ], [ -84.41537332923933, 33.760740575020129 ], [ -84.41563722095357, 33.755941636487101 ], [ -84.411071528668103, 33.753143665144258 ] ] ] } },
{ "type": "Feature", "properties": { "hex_id": "8844c1a127fffff", "lat": 33.702728094989574, "lon": -84.442151968822628, "restaurant_accessibility": 0.0, "park_accessibility": 4.0999441356943933, "clinic_accessibility": 0.49754316468263043, "restaurant_norm": 0.0, "park_norm": 0.20152418112418161, "clinic_norm": 0.067801801921653096, "user_match_score": 0.047273138881079403, "suitability": 1, "suitability_label": "Okay" }, "geometry": { "type": "Polygon", "coordinates": [ [ [ -84.442414586290823, 33.697927029392972 ], [ -84.437586468887261, 33.699931411969096 ], [ -84.437323642684603, 33.704732287757395 ], [ -84.441889328388527, 33.707529043213334 ], [ -84.446717950148738, 33.705524722827015 ], [ -84.446980381819245, 33.700723584800038 ], [ -84.442414586290823, 33.697927029392972 ] ] ] } },
{ "type": "Feature", "properties": { "hex_id": "8844c1b8d3fffff", "lat": 33.639873778301904, "lon": -84.46917095340288, "restaurant_accessibility": 0.0, "park_accessibility": 0.68961254236539626, "clinic_accessibility": 0.1992080779179386, "restaurant_norm": 0.0, "park_norm": 0.033896462559876807, "clinic_norm": 0.027146723337664286, "user_match_score": 0.014248335591053396, "suitability": 2, "suitability_label": "Less Suitable" }, "geometry": { "type": "Polygon", "coordinates": [ [ [ -84.469432275583685, 33.635070478456178 ], [ -84.464606020127036, 33.63707853280836 ], [ -84.464344489351674, 33.641881643243856 ], [ -84.468909608378297, 33.644676961589624 ], [ -84.473736367456894, 33.642668968936867 ], [ -84.473997503857873, 33.637865596244012 ], [ -84.469432275583685, 33.635070478456178 ] ] ] } },
{ "type": "Feature", "properties": { "hex_id": "8844c1a12bfffff", "lat": 33.696713612150234, "lon": -84.45663746812329, "restaurant_accessibility": 0.0, "park_accessibility": 3.3522194716977287, "clinic_accessibility": 0.41783937008249694, "restaurant_norm": 0.0, "park_norm": 0.16477133873630337, "clinic_norm": 0.056940310341662283, "user_match_score": 0.03925325801029525, "suitability": 1, "suitability_label": "Okay" }, "geometry": { "type": "Polygon", "coordinates": [ [ [ -84.456899459320411, 33.691911977298624 ], [ -84.452071081573635, 33.693917312059099 ], [ -84.451808881608201, 33.698718757187386 ], [ -84.456375454013795, 33.701515129698663 ], [ -84.461204335986125, 33.699509856953902 ], [ -84.461466141298217, 33.694708149687251 ], [ -84.456899459320411, 33.691911977298624 ] ] ] } },
{ "type": "Feature", "properties": { "hex_id": "8844c1a123fffff", "lat": 33.70352008498925, "lon": -84.451546658712573, "restaurant_accessibility": 0.0, "park_accessibility": 3.1858175585033544, "clinic_accessibility": 0.41915874063253422, "restaurant_norm": 0.0, "park_norm": 0.15659220063487314, "clinic_norm": 0.057120105195746854, "user_match_score": 0.038507262141786056, "suitability": 1, "suitability_label": "Okay" }, "geometry": { "type": "Polygon", "coordinates": [ [ [ -84.451808881608201, 33.698718757187386 ], [ -84.446980381819245, 33.700723584800038 ], [ -84.446717950148738, 33.705524722827015 ], [ -84.451284412883751, 33.708321295401255 ], [ -84.456113416988956, 33.706316529880461 ], [ -84.456375454013795, 33.701515129698663 ], [ -84.451808881608201, 33.698718757187386 ] ] ] } },
{ "type": "Feature", "properties": { "hex_id": "8844c1a9d9fffff", "lat": 33.768339966216701, "lon": -84.363046876440336, "restaurant_accessibility": 31.046676388767541, "park_accessibility": 16.796460236424807, "clinic_accessibility": 4.5476291012887184, "restaurant_norm": 0.50289745876589642, "park_norm": 0.82559488200370301, "clinic_norm": 0.61971999501873021, "user_match_score": 0.58189621559081062, "suitability": 0, "suitability_label": "Most Suitable" }, "geometry": { "type": "Polygon", "coordinates": [ [ [ -84.363312995122499, 33.763542766475695 ], [ -84.358484816033268, 33.765540738654884 ], [ -84.358218488673558, 33.77033774797458 ], [ -84.362780734485739, 33.773137047771655 ], [ -84.367609418956718, 33.771139138836197 ], [ -84.367875352204507, 33.766341866864963 ], [ -84.363312995122499, 33.763542766475695 ] ] ] } },
{ "type": "Feature", "properties": { "hex_id": "8844c1ad37fffff", "lat": 33.86708982781272, "lon": -84.418967279277965, "restaurant_accessibility": 0.40112404443911776, "park_accessibility": 0.42177828611286877, "clinic_accessibility": 0.25850893245358741, "restaurant_norm": 0.0064974511304312496, "park_norm": 0.020731629727550115, "clinic_norm": 0.03522784087361823, "user_match_score": 0.019413024887417928, "suitability": 2, "suitability_label": "Less Suitable" }, "geometry": { "type": "Polygon", "coordinates": [ [ [ -84.419231284148168, 33.862293240742417 ], [ -84.414396531134102, 33.864290392476562 ], [ -84.414132316973507, 33.869086788893256 ], [ -84.41870325128879, 33.871886295353946 ], [ -84.423538510344486, 33.869889206575102 ], [ -84.423802329013938, 33.865092548385427 ], [ -84.419231284148168, 33.862293240742417 ] ] ] } },
{ "type": "Feature", "properties": { "hex_id": "8844c1ab37fffff", "lat": 33.707568356976495, "lon": -84.328704040575886, "restaurant_accessibility": 0.0, "park_accessibility": 1.915883376839643, "clinic_accessibility": 0.0, "restaurant_norm": 0.0, "park_norm": 0.094171241331230726, "clinic_norm": 0.0, "user_match_score": 0.009417124133123074, "suitability": 2, "suitability_label": "Less Suitable" }, "geometry": { "type": "Polygon", "coordinates": [ [ [ -84.328971454133139, 33.7027707960615 ], [ -84.324147316264956, 33.704769274976108 ], [ -84.3238796944066, 33.709566645614409 ], [ -84.328436603652506, 33.712365800532567 ], [ -84.333261246494999, 33.710367385035894 ], [ -84.333528475088002, 33.705569751208081 ], [ -84.328971454133139, 33.7027707960615 ] ] ] } },
{ "type": "Feature", "properties": { "hex_id": "8844c1a195fffff", "lat": 33.759077407209766, "lon": -84.509912630743557, "restaurant_accessibility": 0.0, "park_accessibility": 1.1769508510547659, "clinic_accessibility": 1.0725079540238533, "restaurant_norm": 0.0, "park_norm": 0.057850558113043481, "clinic_norm": 0.14615409680988703, "user_match_score": 0.064246694535259163, "suitability": 1, "suitability_label": "Okay" }, "geometry": { "type": "Polygon", "coordinates": [ [ [ -84.510172524864217, 33.754275614036978 ], [ -84.505339348721307, 33.756281345207469 ], [ -84.50507924537574, 33.761082948579542 ], [ -84.509652713871361, 33.763879082216299 ], [ -84.514486394558531, 33.761873412689837 ], [ -84.514746102176744, 33.757071547887797 ], [ -84.510172524864217, 33.754275614036978 ] ] ] } },
{ "type": "Feature", "properties": { "hex_id": "8844c1ac1bfffff", "lat": 33.861478043750871, "lon": -84.523282453042555, "restaurant_accessibility": 1.5175508573645087, "park_accessibility": 3.5096537587651917, "clinic_accessibility": 1.6527109096910024, "restaurant_norm": 0.02458145471547895, "park_norm": 0.17250969192651491, "clinic_norm": 0.22522021341425219, "user_match_score": 0.11962978191609186, "suitability": 0, "suitability_label": "Most Suitable" }, "geometry": { "type": "Polygon", "coordinates": [ [ [ -84.523542032539851, 33.856678223378388 ], [ -84.518703694840198, 33.858680857597577 ], [ -84.518443905660533, 33.863480487752021 ], [ -84.523022850797034, 33.866277744593667 ], [ -84.527861693947116, 33.864275172196557 ], [ -84.528121086481093, 33.859475281141002 ], [ -84.523542032539851, 33.856678223378388 ] ] ] } },
{ "type": "Feature", "properties": { "hex_id": "8844c1a0a5fffff", "lat": 33.753847554752092, "lon": -84.533821976742871, "restaurant_accessibility": 0.20607893724838236, "park_accessibility": 0.43905345109575861, "clinic_accessibility": 0.25710984861895708, "restaurant_norm": 0.0033380891580679175, "park_norm": 0.021580754340408379, "clinic_norm": 0.035037183234721908, "user_match_score": 0.017841993306963563, "suitability": 2, "suitability_label": "Less Suitable" }, "geometry": { "type": "Polygon", "coordinates": [ [ [ -84.534080847233369, 33.749044931051763 ], [ -84.529247032203656, 33.751052062195562 ], [ -84.528987952414496, 33.7558544962139 ], [ -84.533563083587524, 33.758650060338617 ], [ -84.538397402987627, 33.756642990566533 ], [ -84.538656086815237, 33.751840295303246 ], [ -84.534080847233369, 33.749044931051763 ] ] ] } },
{ "type": "Feature", "properties": { "hex_id": "8844c13331fffff", "lat": 33.84901201944291, "lon": -84.29249650208142, "restaurant_accessibility": 0.0, "park_accessibility": 2.4233562194954388, "clinic_accessibility": 0.49318241269740853, "restaurant_norm": 0.0, "park_norm": 0.11911500780078266, "clinic_norm": 0.067207548270273781, "user_match_score": 0.038794520088187782, "suitability": 1, "suitability_label": "Okay" }, "geometry": { "type": "Polygon", "coordinates": [ [ [ -84.292765800114907, 33.844218795203908 ], [ -84.287936565109987, 33.84621022144961 ], [ -84.287667058363908, 33.851003254623642 ], [ -84.292227180492247, 33.8538051244809 ], [ -84.297056922001957, 33.85181376248606 ], [ -84.297326034849164, 33.847020466388102 ], [ -84.292765800114907, 33.844218795203908 ] ] ] } },
{ "type": "Feature", "properties": { "hex_id": "8844c1a9e5fffff", "lat": 33.763521134903996, "lon": -84.306723430134412, "restaurant_accessibility": 11.191236908413037, "park_accessibility": 10.092327041025293, "clinic_accessibility": 2.3399807268673039, "restaurant_norm": 0.18127687908404291, "park_norm": 0.49606723293452654, "clinic_norm": 0.31887667443837664, "user_match_score": 0.26779583261082474, "suitability": 0, "suitability_label": "Most Suitable" }, "geometry": { "type": "Polygon", "coordinates": [ [ [ -84.30699191133732, 33.758725512622341 ], [ -84.302166044102592, 33.760720818216576 ], [ -84.30189735446676, 33.765516249878686 ], [ -84.306454925463669, 33.768316639102345 ], [ -84.311281298315421, 33.766321397338565 ], [ -84.311549594523882, 33.761525702525653 ], [ -84.30699191133732, 33.758725512622341 ] ] ] } },
{ "type": "Feature", "properties": { "hex_id": "8844c1a133fffff", "lat": 33.719507031463856, "lon": -84.469555078274681, "restaurant_accessibility": 0.29596820434155496, "park_accessibility": 1.4754551448966864, "clinic_accessibility": 0.42069009213843805, "restaurant_norm": 0.0047941253348691253, "park_norm": 0.072522912512905741, "clinic_norm": 0.057328787374190497, "user_match_score": 0.032580868868401336, "suitability": 2, "suitability_label": "Less Suitable" }, "geometry": { "type": "Polygon", "coordinates": [ [ [ -84.469816580297078, 33.714705531964881 ], [ -84.464986689723176, 33.716710680743645 ], [ -84.46472497879158, 33.721511990464975 ], [ -84.469293553375593, 33.724308413348737 ], [ -84.474123948325499, 33.722303326520169 ], [ -84.474385264286283, 33.717501754862795 ], [ -84.469816580297078, 33.714705531964881 ] ] ] } },
{ "type": "Feature", "properties": { "hex_id": "8844c1aee1fffff", "lat": 33.834262041801225, "lon": -84.543672329063824, "restaurant_accessibility": 0.0, "park_accessibility": 1.8487626942709212, "clinic_accessibility": 0.56264006979459369, "restaurant_norm": 0.0, "park_norm": 0.090872064526991939, "clinic_norm": 0.07667276584883187, "user_match_score": 0.039756312792231949, "suitability": 1, "suitability_label": "Okay" }, "geometry": { "type": "Polygon", "coordinates": [ [ [ -84.543930979044163, 33.829460983720558 ], [ -84.539093136292337, 33.831465652460579 ], [ -84.538834276656772, 33.836266520528298 ], [ -84.543413656419048, 33.839062980697157 ], [ -84.548252004255374, 33.837058373476232 ], [ -84.548510467215792, 33.832257244572652 ], [ -84.543930979044163, 33.829460983720558 ] ] ] } },
{ "type": "Feature", "properties": { "hex_id": "8844c132d3fffff", "lat": 33.889074643010879, "lon": -84.422483004595506, "restaurant_accessibility": 0.0, "park_accessibility": 0.33794542895264845, "clinic_accessibility": 0.0, "restaurant_norm": 0.0, "park_norm": 0.016611000925945106, "clinic_norm": 0.0, "user_match_score": 0.0016611000925945106, "suitability": 2, "suitability_label": "Less Suitable" }, "geometry": { "type": "Polygon", "coordinates": [ [ [ -84.422746915699477, 33.884278463476484 ], [ -84.417911028577151, 33.886274980172765 ], [ -84.417646908081792, 33.891070968967256 ], [ -84.422219070375348, 33.893870702723838 ], [ -84.427055463731605, 33.891874249013469 ], [ -84.427319188531072, 33.887077998565765 ], [ -84.422746915699477, 33.884278463476484 ] ] ] } },
{ "type": "Feature", "properties": { "hex_id": "8844c1a1c1fffff", "lat": 33.722666817624273, "lon": -84.507159434846542, "restaurant_accessibility": 2.4412848831334015, "park_accessibility": 1.6751352265552284, "clinic_accessibility": 0.18183716708675521, "restaurant_norm": 0.039544199465278825, "park_norm": 0.082337769401494051, "clinic_norm": 0.024779533636393104, "user_match_score": 0.037917690127346061, "suitability": 1, "suitability_label": "Okay" }, "geometry": { "type": "Polygon", "coordinates": [ [ [ -84.507419356143913, 33.717864271019316 ], [ -84.502587939186583, 33.71987120206537 ], [ -84.502327808818748, 33.724673559026783 ], [ -84.506899490803576, 33.727469246547123 ], [ -84.511731411973244, 33.725462377059117 ], [ -84.511991146916699, 33.720659758497888 ], [ -84.507419356143913, 33.717864271019316 ] ] ] } },
{ "type": "Feature", "properties": { "hex_id": "8844c1ac6dfffff", "lat": 33.821107641112441, "lon": -84.473465900950004, "restaurant_accessibility": 1.3720120201791799, "park_accessibility": 2.425855120149385, "clinic_accessibility": 0.22723292667707512, "restaurant_norm": 0.022224000717642148, "park_norm": 0.11923783603729762, "clinic_norm": 0.030965759311484379, "user_match_score": 0.035422087687144589, "suitability": 2, "suitability_label": "Less Suitable" }, "geometry": { "type": "Polygon", "coordinates": [ [ [ -84.473727488312761, 33.816308363269478 ], [ -84.46889282414152, 33.818309967983538 ], [ -84.468631027453341, 33.823109055596959 ], [ -84.473204290680414, 33.825906799994506 ], [ -84.478039460174983, 33.82390525750948 ], [ -84.478300861089949, 33.819105908403067 ], [ -84.473727488312761, 33.816308363269478 ] ] ] } },
{ "type": "Feature", "properties": { "hex_id": "8844c13153fffff", "lat": 33.877768859452544, "lon": -84.290880219103187, "restaurant_accessibility": 0.74903237777712384, "park_accessibility": 1.7797444258156885, "clinic_accessibility": 0.0, "restaurant_norm": 0.012132908353880189, "park_norm": 0.0874796158562995, "clinic_norm": 0.0, "user_match_score": 0.014814415762570046, "suitability": 2, "suitability_label": "Less Suitable" }, "geometry": { "type": "Polygon", "coordinates": [ [ [ -84.291149658517014, 33.872976351363747 ], [ -84.286319170969193, 33.874966630877402 ], [ -84.286049522735794, 33.879758947764401 ], [ -84.290610756115171, 33.882561247962741 ], [ -84.295441750451246, 33.880571032806692 ], [ -84.295711004590274, 33.875778453099727 ], [ -84.291149658517014, 33.872976351363747 ] ] ] } },
{ "type": "Feature", "properties": { "hex_id": "8844c132a1fffff", "lat": 33.891839672840398, "lon": -84.370355481059306, "restaurant_accessibility": 0.71409852333369883, "park_accessibility": 1.3594979926763688, "clinic_accessibility": 0.17409071120463726, "restaurant_norm": 0.011567045959963777, "park_norm": 0.066823281158603448, "clinic_norm": 0.023723899262138939, "user_match_score": 0.021955410800697808, "suitability": 2, "suitability_label": "Less Suitable" }, "geometry": { "type": "Polygon", "coordinates": [ [ [ -84.370621601618595, 33.887045113323651 ], [ -84.365787517284645, 33.889038891040762 ], [ -84.365521187531229, 33.893833259601315 ], [ -84.370089337198948, 33.896634112536631 ], [ -84.374923928057981, 33.89464039837133 ], [ -84.375189862694853, 33.889845767724012 ], [ -84.370621601618595, 33.887045113323651 ] ] ] } },
{ "type": "Feature", "properties": { "hex_id": "8844c1a11bfffff", "lat": 33.707470607811942, "lon": -84.498537489949598, "restaurant_accessibility": 0.11553457302926391, "park_accessibility": 1.0436510338429186, "clinic_accessibility": 0.0, "restaurant_norm": 0.0018714416463928034, "park_norm": 0.051298484324098816, "clinic_norm": 0.0, "user_match_score": 0.0060655692556062834, "suitability": 2, "suitability_label": "Less Suitable" }, "geometry": { "type": "Polygon", "coordinates": [ [ [ -84.498797738280956, 33.702667970242764 ], [ -84.49396732959859, 33.704675024470731 ], [ -84.49370687229073, 33.709477472432518 ], [ -84.498277218848798, 33.7122731279064 ], [ -84.503108131643671, 33.710266135280349 ], [ -84.503368193738851, 33.705463425583645 ], [ -84.498797738280956, 33.702667970242764 ] ] ] } },
{ "type": "Feature", "properties": { "hex_id": "8844c1ae31fffff", "lat": 33.818275364915749, "lon": -84.525617849939451, "restaurant_accessibility": 0.17871032480844995, "park_accessibility": 1.6824344898901387, "clinic_accessibility": 0.40858991473118889, "restaurant_norm": 0.0028947693813020448, "park_norm": 0.082696549428170785, "clinic_norm": 0.055679857411889661, "user_match_score": 0.03198898259822397, "suitability": 2, "suitability_label": "Less Suitable" }, "geometry": { "type": "Polygon", "coordinates": [ [ [ -84.525877224836734, 33.813474471621269 ], [ -84.521040773469934, 33.815478816767779 ], [ -84.520781189051959, 33.820279520051351 ], [ -84.525358452320759, 33.823076139249714 ], [ -84.530195408713865, 33.821071855765474 ], [ -84.530454596782718, 33.816270891425845 ], [ -84.525877224836734, 33.813474471621269 ] ] ] } },
{ "type": "Feature", "properties": { "hex_id": "8844c1aad7fffff", "lat": 33.739923039560431, "lon": -84.454278515933424, "restaurant_accessibility": 0.61495116083727774, "park_accessibility": 1.8386714855146458, "clinic_accessibility": 0.57145999456641161, "restaurant_norm": 0.0099610461415474433, "park_norm": 0.090376052261005979, "clinic_norm": 0.077874685269680777, "user_match_score": 0.045168002404746638, "suitability": 1, "suitability_label": "Okay" }, "geometry": { "type": "Polygon", "coordinates": [ [ [ -84.454540713449646, 33.735122462720561 ], [ -84.449710456145482, 33.73712608913538 ], [ -84.449448049700237, 33.741926476043126 ], [ -84.454016295477871, 33.744723498526497 ], [ -84.458847057430489, 33.742719934290101 ], [ -84.459109068927887, 33.737919285397062 ], [ -84.454540713449646, 33.735122462720561 ] ] ] } },
{ "type": "Feature", "properties": { "hex_id": "8844c1ad67fffff", "lat": 33.829911322843593, "lon": -84.406843515436663, "restaurant_accessibility": 0.14078459236063717, "park_accessibility": 3.6093738116858467, "clinic_accessibility": 1.2418161085629269, "restaurant_norm": 0.0022804442203408306, "park_norm": 0.17741122261605233, "clinic_norm": 0.16922626174476518, "user_match_score": 0.086571849069681725, "suitability": 1, "suitability_label": "Okay" }, "geometry": { "type": "Polygon", "coordinates": [ [ [ -84.407107939725876, 33.825114234277237 ], [ -84.40227533187192, 33.827112146674928 ], [ -84.402010698487487, 33.831909044709803 ], [ -84.40657906800196, 33.834708292380022 ], [ -84.411412181604021, 33.832710442951345 ], [ -84.41167641991423, 33.827913282888552 ], [ -84.407107939725876, 33.825114234277237 ] ] ] } },
{ "type": "Feature", "properties": { "hex_id": "8844c1a163fffff", "lat": 33.682308355939661, "lon": -84.457423372989581, "restaurant_accessibility": 0.75777484890426228, "park_accessibility": 4.5488045981877416, "clinic_accessibility": 0.45298397202002028, "restaurant_norm": 0.012274519857092906, "park_norm": 0.22358697860365828, "clinic_norm": 0.061729577903408946, "user_match_score": 0.053187788950275865, "suitability": 1, "suitability_label": "Okay" }, "geometry": { "type": "Polygon", "coordinates": [ [ [ -84.457685295467599, 33.677506369559218 ], [ -84.452857543918597, 33.679512273350163 ], [ -84.452595412725842, 33.684314070077029 ], [ -84.457161427608185, 33.687110225207284 ], [ -84.461989683241853, 33.685104383377613 ], [ -84.462251419879394, 33.680302324461536 ], [ -84.457685295467599, 33.677506369559218 ] ] ] } },
{ "type": "Feature", "properties": { "hex_id": "8844c1302bfffff", "lat": 33.886986306681713, "lon": -84.313961220961133, "restaurant_accessibility": 6.866300340878948, "park_accessibility": 2.9271313984502463, "clinic_accessibility": 0.0, "restaurant_norm": 0.11122108367775939, "park_norm": 0.14387702334282151, "clinic_norm": 0.0, "user_match_score": 0.069998244173161847, "suitability": 1, "suitability_label": "Okay" }, "geometry": { "type": "Polygon", "coordinates": [ [ [ -84.314229710061809, 33.88219332123731 ], [ -84.309397942018919, 33.884184426450879 ], [ -84.309129243969451, 33.888977220741431 ], [ -84.313692708363234, 33.891779172409763 ], [ -84.318524983167833, 33.889788131335735 ], [ -84.318793286787553, 33.884995074458864 ], [ -84.314229710061809, 33.88219332123731 ] ] ] } },
{ "type": "Feature", "properties": { "hex_id": "8844c1a851fffff", "lat": 33.727554787563093, "lon": -84.393607899556457, "restaurant_accessibility": 2.6788107603888869, "park_accessibility": 9.1653259837246477, "clinic_accessibility": 2.7339707055917515, "restaurant_norm": 0.043391669595966964, "park_norm": 0.45050243429559994, "clinic_norm": 0.37256695177065791, "user_match_score": 0.21577285893580664, "suitability": 0, "suitability_label": "Most Suitable" }, "geometry": { "type": "Polygon", "coordinates": [ [ [ -84.393872627004527, 33.722755738926757 ], [ -84.389045173093876, 33.724756757557259 ], [ -84.388780237006785, 33.729555616079615 ], [ -84.393343148961108, 33.732353718531435 ], [ -84.398171107710908, 33.730352762688774 ], [ -84.398435649638046, 33.725553641611491 ], [ -84.393872627004527, 33.722755738926757 ] ] ] } },
{ "type": "Feature", "properties": { "hex_id": "8844c1a907fffff", "lat": 33.733941883170587, "lon": -84.298953160587587, "restaurant_accessibility": 0.27172504593456515, "park_accessibility": 4.3122652035209965, "clinic_accessibility": 0.72970324699116595, "restaurant_norm": 0.0044014320042636895, "park_norm": 0.21196037925592057, "clinic_norm": 0.099439000524991744, "user_match_score": 0.063172354137720599, "suitability": 1, "suitability_label": "Okay" }, "geometry": { "type": "Polygon", "coordinates": [ [ [ -84.299221894206738, 33.729145817019223 ], [ -84.294397662962069, 33.731141821951738 ], [ -84.294128721057461, 33.735937697588803 ], [ -84.298684403486462, 33.738737831634772 ], [ -84.303509140104467, 33.736741890521991 ], [ -84.303777688890847, 33.731945751548452 ], [ -84.299221894206738, 33.729145817019223 ] ] ] } },
{ "type": "Feature", "properties": { "hex_id": "8844c13219fffff", "lat": 33.842696508943725, "lon": -84.387247489655834, "restaurant_accessibility": 12.492059804250601, "park_accessibility": 5.9767257694365066, "clinic_accessibility": 0.81212591579867865, "restaurant_norm": 0.20234775058183335, "park_norm": 0.29377345803407923, "clinic_norm": 0.11067100180855009, "user_match_score": 0.17481962181774463, "suitability": 0, "suitability_label": "Most Suitable" }, "geometry": { "type": "Polygon", "coordinates": [ [ [ -84.387512773474455, 33.837900301793326 ], [ -84.382680307302834, 33.839896751322208 ], [ -84.382414814416734, 33.844692767806031 ], [ -84.38698218261716, 33.84749259690939 ], [ -84.391815154758376, 33.845496210598952 ], [ -84.392080252700268, 33.84069993197182 ], [ -84.387512773474455, 33.837900301793326 ] ] ] } },
{ "type": "Feature", "properties": { "hex_id": "8844c1ab15fffff", "lat": 33.694773709362288, "lon": -84.348268888259554, "restaurant_accessibility": 0.0, "park_accessibility": 1.6635357029928755, "clinic_accessibility": 0.0, "restaurant_norm": 0.0, "park_norm": 0.081767619075058473, "clinic_norm": 0.0, "user_match_score": 0.0081767619075058477, "suitability": 2, "suitability_label": "Less Suitable" }, "geometry": { "type": "Polygon", "coordinates": [ [ [ -84.348535445205798, 33.689975270418671 ], [ -84.343711162737222, 33.691975207893989 ], [ -84.343444397461852, 33.696773456696562 ], [ -84.348002308021393, 33.699572031102903 ], [ -84.352827095244848, 33.697572156795587 ], [ -84.353093467124665, 33.69277364491893 ], [ -84.348535445205798, 33.689975270418671 ] ] ] } },
{ "type": "Feature", "properties": { "hex_id": "8844c1a303fffff", "lat": 33.650616297481683, "lon": -84.511055867683169, "restaurant_accessibility": 3.7488483243092054, "park_accessibility": 0.32401269839977759, "clinic_accessibility": 1.0920620727848163, "restaurant_norm": 0.060724255053464314, "park_norm": 0.015926166688559666, "clinic_norm": 0.14881879925400357, "user_match_score": 0.091482263897189553, "suitability": 0, "suitability_label": "Most Suitable" }, "geometry": { "type": "Polygon", "coordinates": [ [ [ -84.511315448153098, 33.645811993265326 ], [ -84.506487165107103, 33.647821766171482 ], [ -84.50622737583484, 33.652625881093776 ], [ -84.510796264512223, 33.655420484968822 ], [ -84.515625051066692, 33.653410773348682 ], [ -84.5158844454063, 33.648606396572625 ], [ -84.511315448153098, 33.645811993265326 ] ] ] } },
{ "type": "Feature", "properties": { "hex_id": "8844c1ac29fffff", "lat": 33.843101463292051, "lon": -84.476993627566245, "restaurant_accessibility": 1.6976112997884047, "park_accessibility": 0.87530825029090775, "clinic_accessibility": 0.40589852001612076, "restaurant_norm": 0.02749809344953685, "park_norm": 0.04302394679854335, "clinic_norm": 0.055313092426824625, "user_match_score": 0.04017667837535261, "suitability": 1, "suitability_label": "Okay" }, "geometry": { "type": "Polygon", "coordinates": [ [ [ -84.477255120066758, 33.838302590569278 ], [ -84.472419322400796, 33.840303562243285 ], [ -84.472157620473965, 33.845102244649745 ], [ -84.476732112161869, 33.847900216760912 ], [ -84.481568415342792, 33.845899307346933 ], [ -84.481829721291632, 33.841100363566952 ], [ -84.477255120066758, 33.838302590569278 ] ] ] } },
{ "type": "Feature", "properties": { "hex_id": "8844c114cbfffff", "lat": 33.653591517916006, "lon": -84.289324962596197, "restaurant_accessibility": 0.0, "park_accessibility": 0.0, "clinic_accessibility": 0.0, "restaurant_norm": 0.0, "park_norm": 0.0, "clinic_norm": 0.0, "user_match_score": 0.0, "suitability": 2, "suitability_label": "Less Suitable" }, "geometry": { "type": "Polygon", "coordinates": [ [ [ -84.289593897927162, 33.648793914589547 ], [ -84.284773678842825, 33.650792394825643 ], [ -84.284504535580425, 33.655589807969982 ], [ -84.289056003785191, 33.658389004624702 ], [ -84.293876727525117, 33.65639058805445 ], [ -84.294145478375455, 33.651592911168549 ], [ -84.289593897927162, 33.648793914589547 ] ] ] } },
{ "type": "Feature", "properties": { "hex_id": "8844c1b999fffff", "lat": 33.641153970295804, "lon": -84.398369455016663, "restaurant_accessibility": 1.2683985413079122, "park_accessibility": 0.84545351106720634, "clinic_accessibility": 0.0, "restaurant_norm": 0.02054565825786419, "park_norm": 0.041556499517407794, "clinic_norm": 0.0, "user_match_score": 0.014428479080672876, "suitability": 2, "suitability_label": "Less Suitable" }, "geometry": { "type": "Polygon", "coordinates": [ [ [ -84.398633766330363, 33.636352814472033 ], [ -84.393810064876149, 33.638357251188246 ], [ -84.393545545243924, 33.643158217316007 ], [ -84.39810512061004, 33.645955009592768 ], [ -84.402929326058015, 33.643950635337092 ], [ -84.403193452117009, 33.639149406349127 ], [ -84.398633766330363, 33.636352814472033 ] ] ] } },
{ "type": "Feature", "properties": { "hex_id": "8844c1b997fffff", "lat": 33.65476335043433, "lon": -84.388192197597519, "restaurant_accessibility": 1.1401434515127167, "park_accessibility": 1.8871761766587574, "clinic_accessibility": 0.0, "restaurant_norm": 0.018468168290044929, "park_norm": 0.092760198932273469, "clinic_norm": 0.0, "user_match_score": 0.018510104038249812, "suitability": 2, "suitability_label": "Less Suitable" }, "geometry": { "type": "Polygon", "coordinates": [ [ [ -84.388456971796927, 33.649962807241153 ], [ -84.38363302856385, 33.65196623063666 ], [ -84.383368046033056, 33.656766584030642 ], [ -84.387927400263592, 33.659563776927165 ], [ -84.392751847670937, 33.657560416144769 ], [ -84.393016436644345, 33.652759799857733 ], [ -84.388456971796927, 33.649962807241153 ] ] ] } },
{ "type": "Feature", "properties": { "hex_id": "8844c1a16bfffff", "lat": 33.675500148455903, "lon": -84.462513133631418, "restaurant_accessibility": 0.0, "park_accessibility": 3.888711160310415, "clinic_accessibility": 0.56664874995316683, "restaurant_norm": 0.0, "park_norm": 0.19114146590128966, "clinic_norm": 0.077219041543830524, "user_match_score": 0.050001763207661185, "suitability": 1, "suitability_label": "Okay" }, "geometry": { "type": "Polygon", "coordinates": [ [ [ -84.462774824500883, 33.670697855424237 ], [ -84.457947195045207, 33.672704266129465 ], [ -84.457685295467599, 33.677506369559218 ], [ -84.462251419879394, 33.680302324461536 ], [ -84.467079553329071, 33.678295975641355 ], [ -84.467341058343848, 33.673493610038939 ], [ -84.462774824500883, 33.670697855424237 ] ] ] } },
{ "type": "Feature", "properties": { "hex_id": "8844c13229fffff", "lat": 33.831882657470203, "lon": -84.345359220936714, "restaurant_accessibility": 4.2715908573981798, "park_accessibility": 4.4905285543855076, "clinic_accessibility": 1.9641904495161104, "restaurant_norm": 0.069191695760721567, "park_norm": 0.22072254152409959, "clinic_norm": 0.26766652875121555, "user_match_score": 0.16373471353325697, "suitability": 0, "suitability_label": "Most Suitable" }, "geometry": { "type": "Polygon", "coordinates": [ [ [ -84.345626245729576, 33.827087452305918 ], [ -84.340795826099807, 33.829082184215743 ], [ -84.340528592449701, 33.833877198599041 ], [ -84.345092172781293, 33.836677743622012 ], [ -84.349923098488318, 33.834683075344628 ], [ -84.350189937757165, 33.82988779841687 ], [ -84.345626245729576, 33.827087452305918 ] ] ] } },
{ "type": "Feature", "properties": { "hex_id": "8844c1a1b3fffff", "lat": 33.772690644383424, "lon": -84.499725252656361, "restaurant_accessibility": 0.12439551922814854, "park_accessibility": 2.0738528186183691, "clinic_accessibility": 0.99579243059605527, "restaurant_norm": 0.0020149722217716417, "park_norm": 0.10193589893228122, "clinic_norm": 0.13569982652142798, "user_match_score": 0.065481006612685147, "suitability": 1, "suitability_label": "Okay" }, "geometry": { "type": "Polygon", "coordinates": [ [ [ -84.499985610793274, 33.767889467328899 ], [ -84.495152188535329, 33.769894182917753 ], [ -84.494891621160136, 33.774695170068597 ], [ -84.499464871726175, 33.777491703098647 ], [ -84.504298798710622, 33.775487049305781 ], [ -84.504558970373381, 33.770685800692064 ], [ -84.499985610793274, 33.767889467328899 ] ] ] } },
{ "type": "Feature", "properties": { "hex_id": "8844c13025fffff", "lat": 33.885363492894939, "lon": -84.295172472752824, "restaurant_accessibility": 0.53321782061059475, "park_accessibility": 1.741468528834587, "clinic_accessibility": 0.0, "restaurant_norm": 0.0086371205598926477, "park_norm": 0.085598244173998861, "clinic_norm": 0.0, "user_match_score": 0.01287838469734621, "suitability": 2, "suitability_label": "Less Suitable" }, "geometry": { "type": "Polygon", "coordinates": [ [ [ -84.295441750451246, 33.880571032806692 ], [ -84.290610756115171, 33.882561247962741 ], [ -84.290341269549927, 33.887353516831432 ], [ -84.294903171491896, 33.890155833301549 ], [ -84.299734672667682, 33.888165682480825 ], [ -84.300003765032358, 33.883373150859683 ], [ -84.295441750451246, 33.880571032806692 ] ] ] } },
{ "type": "Feature", "properties": { "hex_id": "8844c1a82bfffff", "lat": 33.738755000712658, "lon": -84.355255451851448, "restaurant_accessibility": 12.149302607058154, "park_accessibility": 7.6280762094897305, "clinic_accessibility": 2.4566374978994143, "restaurant_norm": 0.19679573202489159, "park_norm": 0.37494213598837528, "clinic_norm": 0.33477386656920227, "user_match_score": 0.26980162623896425, "suitability": 0, "suitability_label": "Most Suitable" }, "geometry": { "type": "Polygon", "coordinates": [ [ [ -84.355521824805805, 33.733957355987187 ], [ -84.350695281970715, 33.735956025736996 ], [ -84.350428700486376, 33.740753480146388 ], [ -84.354989055610289, 33.743552527648482 ], [ -84.359816103584208, 33.741553921132045 ], [ -84.360082291266153, 33.736756203885172 ], [ -84.355521824805805, 33.733957355987187 ] ] ] } },
{ "type": "Feature", "properties": { "hex_id": "8844c106d7fffff", "lat": 33.776294431860514, "lon": -84.287150322050195, "restaurant_accessibility": 12.080788846899553, "park_accessibility": 4.175723395489376, "clinic_accessibility": 2.3810559115833425, "restaurant_norm": 0.19568593864659869, "park_norm": 0.20524895218714001, "clinic_norm": 0.32447412152578392, "user_match_score": 0.24815751315232693, "suitability": 0, "suitability_label": "Most Suitable" }, "geometry": { "type": "Polygon", "coordinates": [ [ [ -84.287419660454731, 33.77149969040007 ], [ -84.282593940334451, 33.773493535779494 ], [ -84.282324393525315, 33.778288086485595 ], [ -84.286880960103588, 33.781089055082603 ], [ -84.29170718605981, 33.779095273783092 ], [ -84.291976339572486, 33.774300459811627 ], [ -84.287419660454731, 33.77149969040007 ] ] ] } },
{ "type": "Feature", "properties": { "hex_id": "8844c13311fffff", "lat": 33.843845135445058, "lon": -84.316376777335364, "restaurant_accessibility": 3.5958384879505272, "park_accessibility": 2.8232834508616453, "clinic_accessibility": 1.3894337236396801, "restaurant_norm": 0.058245784994144074, "park_norm": 0.13877259462219085, "clinic_norm": 0.18934258733827455, "user_match_score": 0.11873718689460094, "suitability": 0, "suitability_label": "Most Suitable" }, "geometry": { "type": "Polygon", "coordinates": [ [ [ -84.31664505509913, 33.83905107538579 ], [ -84.311815166792158, 33.841043899958024 ], [ -84.311546680240227, 33.84583776906878 ], [ -84.316108476102016, 33.848639076354566 ], [ -84.320938870745579, 33.846646315761902 ], [ -84.321206963161387, 33.841852183908912 ], [ -84.31664505509913, 33.83905107538579 ] ] ] } },
{ "type": "Feature", "properties": { "hex_id": "8844c13237fffff", "lat": 33.861458393335894, "lon": -84.353153840214787, "restaurant_accessibility": 2.2530482908218445, "park_accessibility": 4.0451366215217996, "clinic_accessibility": 0.75038177674392226, "restaurant_norm": 0.03649512256136641, "park_norm": 0.19883023236597169, "clinic_norm": 0.10225693005924977, "user_match_score": 0.079033356540980287, "suitability": 1, "suitability_label": "Okay" }, "geometry": { "type": "Polygon", "coordinates": [ [ [ -84.353420610610669, 33.856663640784312 ], [ -84.348588551866939, 33.858657672932814 ], [ -84.348321572465849, 33.86345223459913 ], [ -84.352887046470713, 33.866253026479512 ], [ -84.35771961153543, 33.864259057972411 ], [ -84.35798619624498, 33.859464233948586 ], [ -84.353420610610669, 33.856663640784312 ] ] ] } },
{ "type": "Feature", "properties": { "hex_id": "8844c1a19bfffff", "lat": 33.76065681209527, "lon": -84.528728849942524, "restaurant_accessibility": 0.46216215535361155, "park_accessibility": 0.65130903731149614, "clinic_accessibility": 0.48508454448643368, "restaurant_norm": 0.0074861531248861342, "park_norm": 0.032013733860485435, "clinic_norm": 0.066104025811517086, "user_match_score": 0.033386060273098449, "suitability": 2, "suitability_label": "Less Suitable" }, "geometry": { "type": "Polygon", "coordinates": [ [ [ -84.528987952414496, 33.7558544962139 ], [ -84.524154013896634, 33.757861119689949 ], [ -84.523894702119222, 33.76266324583775 ], [ -84.528469724784799, 33.765459009776229 ], [ -84.5333041677643, 33.763452447747923 ], [ -84.533563083587524, 33.758650060338617 ], [ -84.528987952414496, 33.7558544962139 ] ] ] } },
{ "type": "Feature", "properties": { "hex_id": "8844c1aa63fffff", "lat": 33.676761713253555, "lon": -84.391693260549502, "restaurant_accessibility": 0.11839213692799588, "park_accessibility": 3.3964298455592887, "clinic_accessibility": 0.40748740029352781, "restaurant_norm": 0.0019177287788683876, "park_norm": 0.16694440722084158, "clinic_norm": 0.055529614235369, "user_match_score": 0.039865150805665953, "suitability": 1, "suitability_label": "Okay" }, "geometry": { "type": "Polygon", "coordinates": [ [ [ -84.391957942020085, 33.671961564309129 ], [ -84.387132869424363, 33.673964355569424 ], [ -84.386867979522094, 33.678764314626662 ], [ -84.391428555947115, 33.681561745203751 ], [ -84.396254132908481, 33.679559016589728 ], [ -84.396518629050021, 33.674758794757352 ], [ -84.391957942020085, 33.671961564309129 ] ] ] } },
{ "type": "Feature", "properties": { "hex_id": "8844c1b9b1fffff", "lat": 33.653174698569018, "lon": -84.369427308604756, "restaurant_accessibility": 0.35993309466640189, "park_accessibility": 0.78613193065679321, "clinic_accessibility": 0.0, "restaurant_norm": 0.0058302356222248069, "park_norm": 0.038640671272061208, "clinic_norm": 0.0, "user_match_score": 0.0067791849383185242, "suitability": 2, "suitability_label": "Less Suitable" }, "geometry": { "type": "Polygon", "coordinates": [ [ [ -84.369692869659289, 33.648374681345807 ], [ -84.364869693488657, 33.650377216702601 ], [ -84.364603924183768, 33.655177044060075 ], [ -84.369161724350604, 33.657974599125723 ], [ -84.373985404774686, 33.655972126577474 ], [ -84.374250780749335, 33.651172036160048 ], [ -84.369692869659289, 33.648374681345807 ] ] ] } },
{ "type": "Feature", "properties": { "hex_id": "8844c1aa15fffff", "lat": 33.700348359070311, "lon": -84.413974857100825, "restaurant_accessibility": 0.53931432775872545, "park_accessibility": 4.0056986856544325, "clinic_accessibility": 0.75661630627848031, "restaurant_norm": 0.0087358724492656529, "park_norm": 0.19689174309200672, "clinic_norm": 0.103106529383655, "user_match_score": 0.065299722287295497, "suitability": 1, "suitability_label": "Okay" }, "geometry": { "type": "Polygon", "coordinates": [ [ [ -84.414238657605608, 33.69554808059204 ], [ -84.409411688569136, 33.697551128632291 ], [ -84.409147679451252, 33.702351217202157 ], [ -84.413711033532181, 33.705148520226665 ], [ -84.418538507045923, 33.703145534669879 ], [ -84.418802121972305, 33.698345183610179 ], [ -84.414238657605608, 33.69554808059204 ] ] ] } },
{ "type": "Feature", "properties": { "hex_id": "8844c1a867fffff", "lat": 33.723561879544874, "lon": -84.346669057344414, "restaurant_accessibility": 3.2677774996206992, "park_accessibility": 4.036745481493961, "clinic_accessibility": 0.37321200163544688, "restaurant_norm": 0.052931817235231632, "park_norm": 0.19841778342353697, "clinic_norm": 0.050858795790735614, "user_match_score": 0.066651205276263753, "suitability": 1, "suitability_label": "Okay" }, "geometry": { "type": "Polygon", "coordinates": [ [ [ -84.346935754088079, 33.71876414476894 ], [ -84.342110221377865, 33.720762941050751 ], [ -84.341843316198336, 33.725560485546808 ], [ -84.346402337290513, 33.728359496738015 ], [ -84.351228375037735, 33.726360763733069 ], [ -84.351494886626512, 33.721562956265061 ], [ -84.346935754088079, 33.71876414476894 ] ] ] } },
{ "type": "Feature", "properties": { "hex_id": "8844c1a0a3fffff", "lat": 33.762233691647729, "lon": -84.54754970066459, "restaurant_accessibility": 0.12228226669223191, "park_accessibility": 0.16838109324065748, "clinic_accessibility": 0.19141644908606545, "restaurant_norm": 0.0019807415261333945, "park_norm": 0.0082764205581964297, "clinic_norm": 0.026084933100745476, "user_match_score": 0.01225198605918453, "suitability": 2, "suitability_label": "Less Suitable" }, "geometry": { "type": "Polygon", "coordinates": [ [ [ -84.54780801103432, 33.757430853394943 ], [ -84.542973310955645, 33.759438369558531 ], [ -84.542714791199998, 33.764241018145022 ], [ -84.547291367674902, 33.767036411665977 ], [ -84.552126572132181, 33.765028956753746 ], [ -84.552384695706891, 33.76022604707444 ], [ -84.54780801103432, 33.757430853394943 ] ] ] } },
{ "type": "Feature", "properties": { "hex_id": "8844c1aebdfffff", "lat": 33.863858855566704, "lon": -84.551540442827473, "restaurant_accessibility": 0.0, "park_accessibility": 0.6682715457824514, "clinic_accessibility": 0.98825862811294829, "restaurant_norm": 0.0, "park_norm": 0.032847490496255377, "clinic_norm": 0.1346731711075157, "user_match_score": 0.057154017492631819, "suitability": 1, "suitability_label": "Okay" }, "geometry": { "type": "Polygon", "coordinates": [ [ [ -84.551798831925538, 33.859058252844356 ], [ -84.546959349652582, 33.861062228354371 ], [ -84.546700750751114, 33.865862640959286 ], [ -84.551282031080177, 33.868659338707587 ], [ -84.556122018678636, 33.866655424724712 ], [ -84.556380220593368, 33.861854751471682 ], [ -84.551798831925538, 33.859058252844356 ] ] ] } },
{ "type": "Feature", "properties": { "hex_id": "8844c1ab5dfffff", "lat": 33.666777997359354, "lon": -84.359248602756153, "restaurant_accessibility": 0.0, "park_accessibility": 1.1430912287279531, "clinic_accessibility": 0.0, "restaurant_norm": 0.0, "park_norm": 0.056186259177070458, "clinic_norm": 0.0, "user_match_score": 0.0056186259177070461, "suitability": 2, "suitability_label": "Less Suitable" }, "geometry": { "type": "Polygon", "coordinates": [ [ [ -84.359514626773347, 33.661978593385264 ], [ -84.354691209752133, 33.663980115099605 ], [ -84.354424977471822, 33.668779329104993 ], [ -84.358982555497732, 33.671577284493615 ], [ -84.363806476952675, 33.66957582574031 ], [ -84.364072315918804, 33.664776348642356 ], [ -84.359514626773347, 33.661978593385264 ] ] ] } },
{ "type": "Feature", "properties": { "hex_id": "8844c1a9c3fffff", "lat": 33.766736193713101, "lon": -84.344267737325765, "restaurant_accessibility": 16.504911576406027, "park_accessibility": 13.46268422812145, "clinic_accessibility": 3.7466025400268865, "restaurant_norm": 0.26734836234945253, "park_norm": 0.66173009314579578, "clinic_norm": 0.51056153783180203, "user_match_score": 0.40407180562202666, "suitability": 0, "suitability_label": "Most Suitable" }, "geometry": { "type": "Polygon", "coordinates": [ [ [ -84.344534643971116, 33.761939519458949 ], [ -84.339707234697215, 33.763936602390807 ], [ -84.339440119455745, 33.768733086157454 ], [ -84.34400080734278, 33.771532749815435 ], [ -84.348828722077243, 33.769535730322971 ], [ -84.349095443434848, 33.764738983738155 ], [ -84.344534643971116, 33.761939519458949 ] ] ] } },
{ "type": "Feature", "properties": { "hex_id": "8844c1ae55fffff", "lat": 33.79104823602016, "lon": -84.545999363323318, "restaurant_accessibility": 0.0, "park_accessibility": 0.71311611089262295, "clinic_accessibility": 0.27499975643273677, "restaurant_norm": 0.0, "park_norm": 0.035051731325543345, "clinic_norm": 0.037475098318451867, "user_match_score": 0.018495212459935084, "suitability": 2, "suitability_label": "Less Suitable" }, "geometry": { "type": "Polygon", "coordinates": [ [ [ -84.546257809457273, 33.786246108125574 ], [ -84.541421852794045, 33.788252485943936 ], [ -84.541163197166526, 33.793054424033315 ], [ -84.545740894551642, 33.79585024529986 ], [ -84.550577355875674, 33.793843928840268 ], [ -84.550835615124669, 33.789041729760612 ], [ -84.546257809457273, 33.786246108125574 ] ] ] } },
{ "type": "Feature", "properties": { "hex_id": "8844c1af1dfffff", "lat": 33.799907323231068, "lon": -84.479346235890858, "restaurant_accessibility": 0.73653577343537979, "park_accessibility": 3.1535191330039303, "clinic_accessibility": 0.0, "restaurant_norm": 0.011930486990383141, "park_norm": 0.15500463906453252, "clinic_norm": 0.0, "user_match_score": 0.021465707401644822, "suitability": 2, "suitability_label": "Less Suitable" }, "geometry": { "type": "Polygon", "coordinates": [ [ [ -84.479607522391319, 33.795107380067719 ], [ -84.474773608755569, 33.797110063553362 ], [ -84.474512112990112, 33.801909816607541 ], [ -84.479084926513494, 33.804707147709529 ], [ -84.483919345240139, 33.802704526323531 ], [ -84.484180445323332, 33.797904511741102 ], [ -84.479607522391319, 33.795107380067719 ] ] ] } },
{ "type": "Feature", "properties": { "hex_id": "8844c1a949fffff", "lat": 33.699170949472091, "lon": -84.315035312392709, "restaurant_accessibility": 0.45687479773576734, "park_accessibility": 2.3138595533430943, "clinic_accessibility": 0.0, "restaurant_norm": 0.0074005079280765216, "park_norm": 0.11373292813046007, "clinic_norm": 0.0, "user_match_score": 0.015073546777084269, "suitability": 2, "suitability_label": "Less Suitable" }, "geometry": { "type": "Polygon", "coordinates": [ [ [ -84.315303280578831, 33.69437360756627 ], [ -84.310480032793933, 33.696371706128232 ], [ -84.310211856394446, 33.701168857742481 ], [ -84.314767320796307, 33.703968174139447 ], [ -84.319591073543464, 33.701970139114671 ], [ -84.319858856897255, 33.697172724160694 ], [ -84.315303280578831, 33.69437360756627 ] ] ] } },
{ "type": "Feature", "properties": { "hex_id": "8844c132e5fffff", "lat": 33.869860219624741, "lon": -84.366852603169662, "restaurant_accessibility": 1.8148203284754032, "park_accessibility": 3.0605877201252376, "clinic_accessibility": 0.30535893176116774, "restaurant_norm": 0.029396658111757384, "park_norm": 0.15043678978140568, "clinic_norm": 0.041612240456533535, "user_match_score": 0.046386904216632677, "suitability": 1, "suitability_label": "Okay" }, "geometry": { "type": "Polygon", "coordinates": [ [ [ -84.367118816374017, 33.865065252792192 ], [ -84.362285865847525, 33.867059666762096 ], [ -84.36201944354994, 33.871854442724647 ], [ -84.366586366661622, 33.87465506692886 ], [ -84.371419823520512, 33.872660716480034 ], [ -84.37168585090599, 33.867865678310999 ], [ -84.367118816374017, 33.865065252792192 ] ] ] } },
{ "type": "Feature", "properties": { "hex_id": "8844c1a041fffff", "lat": 33.674981153925572, "lon": -84.542791950085757, "restaurant_accessibility": 0.0, "park_accessibility": 0.45300814563607877, "clinic_accessibility": 0.19905667247982331, "restaurant_norm": 0.0, "park_norm": 0.02226666817167082, "clinic_norm": 0.027126090833283482, "user_match_score": 0.013077103150480477, "suitability": 2, "suitability_label": "Less Suitable" }, "geometry": { "type": "Polygon", "coordinates": [ [ [ -84.543050249317915, 33.670176459755574 ], [ -84.538219695076293, 33.672186940153786 ], [ -84.537961186820851, 33.676991445042518 ], [ -84.542533628254034, 33.67978573102107 ], [ -84.547364686070651, 33.677775311647565 ], [ -84.547622798850085, 33.672970545275987 ], [ -84.543050249317915, 33.670176459755574 ] ] ] } },
{ "type": "Feature", "properties": { "hex_id": "8844c1ae05fffff", "lat": 33.796274815063519, "lon": -84.522078883807495, "restaurant_accessibility": 0.41765712199382476, "park_accessibility": 2.9468286491702065, "clinic_accessibility": 0.669440182746599, "restaurant_norm": 0.0067652557283768688, "park_norm": 0.14484520051557351, "clinic_norm": 0.091226759587648545, "user_match_score": 0.054357851750805201, "suitability": 1, "suitability_label": "Okay" }, "geometry": { "type": "Polygon", "coordinates": [ [ [ -84.522338354573179, 33.791473517811468 ], [ -84.517503036495967, 33.793478494483445 ], [ -84.517243356310487, 33.798279601811643 ], [ -84.521819390317305, 33.801075993648482 ], [ -84.526655213229674, 33.799071078607618 ], [ -84.526914497270951, 33.794269710104032 ], [ -84.522338354573179, 33.791473517811468 ] ] ] } },
{ "type": "Feature", "properties": { "hex_id": "8844c1a8a7fffff", "lat": 33.797923201954696, "lon": -84.370843356050401, "restaurant_accessibility": 11.889684354913003, "park_accessibility": 10.063885205369708, "clinic_accessibility": 3.7183992954531111, "restaurant_norm": 0.19259040719017673, "park_norm": 0.49466923397394086, "clinic_norm": 0.50671819128847484, "user_match_score": 0.3484494035078724, "suitability": 0, "suitability_label": "Most Suitable" }, "geometry": { "type": "Polygon", "coordinates": [ [ [ -84.371109220064454, 33.793126449762305 ], [ -84.366279403792149, 33.795123724035129 ], [ -84.366013330952825, 33.799920285701248 ], [ -84.370577468778308, 33.802719835564837 ], [ -84.375407790675411, 33.800722624545607 ], [ -84.375673469092945, 33.795925800414274 ], [ -84.371109220064454, 33.793126449762305 ] ] ] } },
{ "type": "Feature", "properties": { "hex_id": "8844c1ac1dfffff", "lat": 33.853086312490191, "lon": -84.509547626470663, "restaurant_accessibility": 2.382698647948879, "park_accessibility": 2.4947868675765714, "clinic_accessibility": 1.2668319241591033, "restaurant_norm": 0.038595213221984295, "park_norm": 0.12262603194776943, "clinic_norm": 0.17263524712403869, "user_match_score": 0.10061430865538457, "suitability": 0, "suitability_label": "Most Suitable" }, "geometry": { "type": "Polygon", "coordinates": [ [ [ -84.509807766592914, 33.848286704439886 ], [ -84.50497031626773, 33.850288953697088 ], [ -84.504709966550678, 33.85508837151361 ], [ -84.509287463555225, 33.857885801131495 ], [ -84.514125419322184, 33.855883613817198 ], [ -84.514385372613603, 33.851083934947333 ], [ -84.509807766592914, 33.848286704439886 ] ] ] } },
{ "type": "Feature", "properties": { "hex_id": "8844c1aa31fffff", "lat": 33.706355981486929, "lon": -84.399493586082329, "restaurant_accessibility": 0.334628486279472, "park_accessibility": 4.4122006268833722, "clinic_accessibility": 0.67616767539703648, "restaurant_norm": 0.0054203488087861467, "park_norm": 0.21687249602918734, "clinic_norm": 0.092143536576043711, "user_match_score": 0.061254838637729292, "suitability": 1, "suitability_label": "Okay" }, "geometry": { "type": "Polygon", "coordinates": [ [ [ -84.399758012392439, 33.701556272818642 ], [ -84.394931305384503, 33.70355836896772 ], [ -84.394666670495297, 33.708357887642848 ], [ -84.399229136654853, 33.711155572763708 ], [ -84.404056348270501, 33.709153539272087 ], [ -84.404320589089707, 33.704353758007194 ], [ -84.399758012392439, 33.701556272818642 ] ] ] } },
{ "type": "Feature", "properties": { "hex_id": "8844c1a8e1fffff", "lat": 33.76994123117499, "lon": -84.381830669497518, "restaurant_accessibility": 51.177555160962768, "park_accessibility": 17.84472438612141, "clinic_accessibility": 7.3381997318825789, "restaurant_norm": 0.82897963421331455, "park_norm": 0.87712011439169646, "clinic_norm": 1.0, "user_match_score": 0.90220182854582698, "suitability": 0, "suitability_label": "Most Suitable" }, "geometry": { "type": "Polygon", "coordinates": [ [ [ -84.382095999760523, 33.765143506280587 ], [ -84.377267051660297, 33.767142368092394 ], [ -84.377001512638415, 33.771939902631772 ], [ -84.381565316027334, 33.774738837849092 ], [ -84.386394769429998, 33.772740039085285 ], [ -84.386659914112045, 33.76794224206121 ], [ -84.382095999760523, 33.765143506280587 ] ] ] } },
{ "type": "Feature", "properties": { "hex_id": "8844c1a119fffff", "lat": 33.69987245907442, "lon": -84.494227764122087, "restaurant_accessibility": 0.0, "park_accessibility": 0.74699740084123534, "clinic_accessibility": 0.0, "restaurant_norm": 0.0, "park_norm": 0.03671709528815955, "clinic_norm": 0.0, "user_match_score": 0.003671709528815955, "suitability": 2, "suitability_label": "Less Suitable" }, "geometry": { "type": "Polygon", "coordinates": [ [ [ -84.494488175864191, 33.695069776307072 ], [ -84.489658271244423, 33.69707689215884 ], [ -84.489397650572755, 33.701879385336873 ], [ -84.49396732959859, 33.704675024470731 ], [ -84.498797738280956, 33.702667970242764 ], [ -84.499057963845772, 33.697865215262318 ], [ -84.494488175864191, 33.695069776307072 ] ] ] } },
{ "type": "Feature", "properties": { "hex_id": "8844c1a027fffff", "lat": 33.708258825016891, "lon": -84.507939130513734, "restaurant_accessibility": 0.43420752092288073, "park_accessibility": 1.5338004554690068, "clinic_accessibility": 0.0, "restaurant_norm": 0.007033340899838098, "park_norm": 0.075390754255713177, "clinic_norm": 0.0, "user_match_score": 0.011055745875490366, "suitability": 2, "suitability_label": "Less Suitable" }, "geometry": { "type": "Polygon", "coordinates": [ [ [ -84.508198983592123, 33.703455925746383 ], [ -84.503368193738851, 33.705463425583645 ], [ -84.503108131643671, 33.710266135280349 ], [ -84.507679254698658, 33.713061606795691 ], [ -84.512510548623382, 33.711054168462276 ], [ -84.512770215392578, 33.706251197114817 ], [ -84.508198983592123, 33.703455925746383 ] ] ] } },
{ "type": "Feature", "properties": { "hex_id": "8844c1a995fffff", "lat": 33.79551375583911, "lon": -84.34266580725631, "restaurant_accessibility": 5.2943195435877346, "park_accessibility": 7.5273066428941036, "clinic_accessibility": 2.8807936119991515, "restaurant_norm": 0.085757966844018291, "park_norm": 0.36998901864864769, "clinic_norm": 0.39257497986636275, "user_match_score": 0.23690787723341902, "suitability": 0, "suitability_label": "Most Suitable" }, "geometry": { "type": "Polygon", "coordinates": [ [ [ -84.342932853973295, 33.790717791443285 ], [ -84.338104192855454, 33.792713731104975 ], [ -84.337836937435426, 33.797509504875315 ], [ -84.342398737183359, 33.800309601704207 ], [ -84.347227904044502, 33.798313725589722 ], [ -84.347494765385093, 33.793517689104156 ], [ -84.342932853973295, 33.790717791443285 ] ] ] } },
{ "type": "Feature", "properties": { "hex_id": "8844c1adddfffff", "lat": 33.879488570034461, "lon": -84.479738632642878, "restaurant_accessibility": 11.778562934243954, "park_accessibility": 3.4048608951740311, "clinic_accessibility": 0.57581229316263105, "restaurant_norm": 0.19079045026824551, "park_norm": 0.16735881783557074, "clinic_norm": 0.078467786950643451, "user_match_score": 0.14351822169793721, "suitability": 0, "suitability_label": "Most Suitable" }, "geometry": { "type": "Polygon", "coordinates": [ [ [ -84.480000098877198, 33.87469046263962 ], [ -84.475162538586218, 33.876690229704963 ], [ -84.474900862770724, 33.881488146628136 ], [ -84.479477143498613, 33.884286557693166 ], [ -84.484315209637884, 33.88228685297166 ], [ -84.484576489171715, 33.877488674846497 ], [ -84.480000098877198, 33.87469046263962 ] ] ] } },
{ "type": "Feature", "properties": { "hex_id": "8844c1b995fffff", "lat": 33.647165760582538, "lon": -84.38389798794536, "restaurant_accessibility": 0.82071294768477809, "park_accessibility": 1.0377185910844726, "clinic_accessibility": 0.0, "restaurant_norm": 0.013293998062744884, "park_norm": 0.051006887504875469, "clinic_norm": 0.0, "user_match_score": 0.01174768778185999, "suitability": 2, "suitability_label": "Less Suitable" }, "geometry": { "type": "Polygon", "coordinates": [ [ [ -84.384162924180586, 33.642365173931751 ], [ -84.379339485071242, 33.64436865996182 ], [ -84.379074340551526, 33.649169056831703 ], [ -84.38363302856385, 33.65196623063666 ], [ -84.388456971796927, 33.649962807241153 ], [ -84.38872172286483, 33.645162147411114 ], [ -84.384162924180586, 33.642365173931751 ] ] ] } },
{ "type": "Feature", "properties": { "hex_id": "8844c1a1a7fffff", "lat": 33.755911030250694, "lon": -84.472294096300658, "restaurant_accessibility": 0.0, "park_accessibility": 1.4595256610794032, "clinic_accessibility": 1.7289511639941519, "restaurant_norm": 0.0, "park_norm": 0.071739932043962062, "clinic_norm": 0.23560971725562424, "user_match_score": 0.10141788010664592, "suitability": 0, "suitability_label": "Most Suitable" }, "geometry": { "type": "Polygon", "coordinates": [ [ [ -84.472555572357209, 33.751110283504808 ], [ -84.467723923401962, 33.753114231211455 ], [ -84.467462238281911, 33.757914788022653 ], [ -84.472032597361292, 33.760711658898607 ], [ -84.476864751024735, 33.758707773228352 ], [ -84.477126040871468, 33.75390695465088 ], [ -84.472555572357209, 33.751110283504808 ] ] ] } },
{ "type": "Feature", "properties": { "hex_id": "8844c1aabbfffff", "lat": 33.760331708935659, "lon": -84.438998767004961, "restaurant_accessibility": 0.48422795486523168, "park_accessibility": 3.6198099858035362, "clinic_accessibility": 0.41680281309649309, "restaurant_norm": 0.0078435773580335603, "park_norm": 0.17792419093306588, "clinic_norm": 0.056799055398505001, "user_match_score": 0.044433829931725372, "suitability": 1, "suitability_label": "Okay" }, "geometry": { "type": "Polygon", "coordinates": [ [ [ -84.439261660262218, 33.755532055996646 ], [ -84.434431036866826, 33.757534159342875 ], [ -84.43416793466082, 33.762333622195619 ], [ -84.438735850745744, 33.765131243741479 ], [ -84.443566979061927, 33.763129202801679 ], [ -84.443829686343221, 33.758329477914714 ], [ -84.439261660262218, 33.755532055996646 ] ] ] } },
{ "type": "Feature", "properties": { "hex_id": "8844c1a8a9fffff", "lat": 33.784333696283468, "lon": -84.381034539453324, "restaurant_accessibility": 55.077957209193144, "park_accessibility": 14.504587046399479, "clinic_accessibility": 6.3229739895518069, "restaurant_norm": 0.89215877305762603, "park_norm": 0.71294264758927117, "clinic_norm": 0.86165193379516802, "user_match_score": 0.86203442480580739, "suitability": 0, "suitability_label": "Most Suitable" }, "geometry": { "type": "Polygon", "coordinates": [ [ [ -84.38129993934696, 33.779536326239644 ], [ -84.376470364916543, 33.78153461691722 ], [ -84.376204756210484, 33.786331796536906 ], [ -84.380769116343416, 33.789130947917357 ], [ -84.385599196217569, 33.787132720341688 ], [ -84.385864410485794, 33.78233527828872 ], [ -84.38129993934696, 33.779536326239644 ] ] ] } },
{ "type": "Feature", "properties": { "hex_id": "8844c1a11dfffff", "lat": 33.699083690490561, "lon": -84.484828452854188, "restaurant_accessibility": 0.0, "park_accessibility": 0.63036286727871638, "clinic_accessibility": 0.0, "restaurant_norm": 0.0, "park_norm": 0.030984168670366356, "clinic_norm": 0.0, "user_match_score": 0.0030984168670366357, "suitability": 2, "suitability_label": "Less Suitable" }, "geometry": { "type": "Polygon", "coordinates": [ [ [ -84.485089259630072, 33.694281269576145 ], [ -84.480259736424927, 33.696287940011963 ], [ -84.479998720759752, 33.701090171303534 ], [ -84.484567623264127, 33.703885994050907 ], [ -84.489397650572755, 33.701879385336873 ], [ -84.489658271244423, 33.69707689215884 ], [ -84.485089259630072, 33.694281269576145 ] ] ] } },
{ "type": "Feature", "properties": { "hex_id": "8844c1a8e5fffff", "lat": 33.769140912277024, "lon": -84.372438191370293, "restaurant_accessibility": 34.21146174976716, "park_accessibility": 17.685888980099474, "clinic_accessibility": 5.4058888623608814, "restaurant_norm": 0.55416099807865959, "park_norm": 0.86931289212897744, "clinic_norm": 0.73667780380434367, "user_match_score": 0.65868290977396504, "suitability": 0, "suitability_label": "Most Suitable" }, "geometry": { "type": "Polygon", "coordinates": [ [ [ -84.372703915899862, 33.764343449917597 ], [ -84.367875352204507, 33.766341866864963 ], [ -84.367609418956718, 33.771139138836197 ], [ -84.372172443600931, 33.773938256433254 ], [ -84.377001512638415, 33.771939902631772 ], [ -84.377267051660297, 33.767142368092394 ], [ -84.372703915899862, 33.764343449917597 ] ] ] } },
{ "type": "Feature", "properties": { "hex_id": "8844c1ad49fffff", "lat": 33.811119941694635, "lon": -84.440938641462864, "restaurant_accessibility": 3.2988761873581072, "park_accessibility": 3.1271317706140587, "clinic_accessibility": 0.93843535871541395, "restaurant_norm": 0.053435557179509693, "park_norm": 0.15370762344147812, "clinic_norm": 0.12788359447865055, "user_match_score": 0.093241978725362884, "suitability": 0, "suitability_label": "Most Suitable" }, "geometry": { "type": "Polygon", "coordinates": [ [ [ -84.441201578750395, 33.806321401388672 ], [ -84.436368568828257, 33.808321730559754 ], [ -84.436105422383946, 33.813120080554015 ], [ -84.440675681158169, 33.815918363194704 ], [ -84.4455091964753, 33.813918096569211 ], [ -84.445771947593983, 33.809119484762576 ], [ -84.441201578750395, 33.806321401388672 ] ] ] } },
{ "type": "Feature", "properties": { "hex_id": "8844c1ace5fffff", "lat": 33.881084456703867, "lon": -84.498569253920579, "restaurant_accessibility": 2.6341448195575698, "park_accessibility": 4.6242232151491205, "clinic_accessibility": 1.208414438565675, "restaurant_norm": 0.042668165802640351, "park_norm": 0.22729402302222473, "clinic_norm": 0.16467450910547271, "user_match_score": 0.10993328884573174, "suitability": 0, "suitability_label": "Most Suitable" }, "geometry": { "type": "Polygon", "coordinates": [ [ [ -84.498829927396685, 33.876285827055824 ], [ -84.493991601653562, 33.878286487654641 ], [ -84.493730718515323, 33.883084926897766 ], [ -84.498308557600438, 33.885882966581164 ], [ -84.503147389109586, 33.883882368129697 ], [ -84.503407875738347, 33.879083667852719 ], [ -84.498829927396685, 33.876285827055824 ] ] ] } },
{ "type": "Feature", "properties": { "hex_id": "8844c1af2dfffff", "lat": 33.789127143557749, "lon": -84.437420924315006, "restaurant_accessibility": 1.3687840638871418, "park_accessibility": 4.5035419089927906, "clinic_accessibility": 0.74881511301769188, "restaurant_norm": 0.022171713928681364, "park_norm": 0.22136218575926847, "clinic_norm": 0.10204343577134921, "user_match_score": 0.074039449848807212, "suitability": 1, "suitability_label": "Okay" }, "geometry": { "type": "Polygon", "coordinates": [ [ [ -84.43768395562914, 33.784328200367128 ], [ -84.432852078273172, 33.786329162849384 ], [ -84.432588837903026, 33.791127915815274 ], [ -84.437157869980865, 33.793925968235563 ], [ -84.441990252540052, 33.791925068267432 ], [ -84.442253097788978, 33.787126053370017 ], [ -84.43768395562914, 33.784328200367128 ] ] ] } },
{ "type": "Feature", "properties": { "hex_id": "8844c1ac3dfffff", "lat": 33.858294765844875, "lon": -84.485621378417434, "restaurant_accessibility": 3.0222373626276666, "park_accessibility": 1.9728942256166497, "clinic_accessibility": 0.80903558527634389, "restaurant_norm": 0.048954531249041471, "park_norm": 0.096973490394810943, "clinic_norm": 0.11024987256224353, "user_match_score": 0.078274563688899249, "suitability": 1, "suitability_label": "Okay" }, "geometry": { "type": "Polygon", "coordinates": [ [ [ -84.485882543521427, 33.853495989784939 ], [ -84.481045734775307, 33.85549683696135 ], [ -84.480784360150665, 33.860295422669481 ], [ -84.485360190433454, 33.863093422444159 ], [ -84.490197504795034, 33.861092637482813 ], [ -84.490458483229162, 33.856293790536938 ], [ -84.485882543521427, 33.853495989784939 ] ] ] } },
{ "type": "Feature", "properties": { "hex_id": "8844c1af13fffff", "lat": 33.815101488303533, "lon": -84.487971041033589, "restaurant_accessibility": 0.85932976175173348, "park_accessibility": 3.0057004083622179, "clinic_accessibility": 0.40187868216615807, "restaurant_norm": 0.013919517439335323, "park_norm": 0.14773891873949282, "clinic_norm": 0.054765296237454429, "user_match_score": 0.043639769088598721, "suitability": 1, "suitability_label": "Okay" }, "geometry": { "type": "Polygon", "coordinates": [ [ [ -84.488232000352511, 33.810301639941258 ], [ -84.483397076484792, 33.812304199249887 ], [ -84.483135907806655, 33.817103857467281 ], [ -84.487710058861609, 33.819901217773975 ], [ -84.492545487920566, 33.817898720520411 ], [ -84.492806260704171, 33.813098800910296 ], [ -84.488232000352511, 33.810301639941258 ] ] ] } },
{ "type": "Feature", "properties": { "hex_id": "8844c13209fffff", "lat": 33.826701222671673, "lon": -84.369247683440577, "restaurant_accessibility": 11.126520784950545, "park_accessibility": 8.5149018045874314, "clinic_accessibility": 0.92562373760225847, "restaurant_norm": 0.18022860024018439, "park_norm": 0.41853219378845813, "clinic_norm": 0.12613771380201916, "user_match_score": 0.18242260501974567, "suitability": 0, "suitability_label": "Most Suitable" }, "geometry": { "type": "Polygon", "coordinates": [ [ [ -84.369513687048567, 33.821905182919885 ], [ -84.364682617556838, 33.823901313690492 ], [ -84.364416405016456, 33.828697162778283 ], [ -84.368981656556286, 33.831497143462478 ], [ -84.373813231955666, 33.829501076052765 ], [ -84.374079049878262, 33.824704964603015 ], [ -84.369513687048567, 33.821905182919885 ] ] ] } },
{ "type": "Feature", "properties": { "hex_id": "8844c1a037fffff", "lat": 33.724242931722209, "lon": -84.525968560884408, "restaurant_accessibility": 0.23314552106238542, "park_accessibility": 1.1325906938221659, "clinic_accessibility": 0.17581373335677797, "restaurant_norm": 0.0037765166421273996, "park_norm": 0.055670127340094529, "clinic_norm": 0.023958701013943897, "user_match_score": 0.017038751460650713, "suitability": 2, "suitability_label": "Less Suitable" }, "geometry": { "type": "Polygon", "coordinates": [ [ [ -84.526227691139141, 33.719439862069031 ], [ -84.521395512207491, 33.7214476848213 ], [ -84.521136172801803, 33.726250564898137 ], [ -84.525709407949734, 33.729045883659275 ], [ -84.530542091011284, 33.727038122268858 ], [ -84.530801034765929, 33.722234980760661 ], [ -84.526227691139141, 33.719439862069031 ] ] ] } },
{ "type": "Feature", "properties": { "hex_id": "8844c1a33dfffff", "lat": 33.656644096431386, "lon": -84.496570650027678, "restaurant_accessibility": 3.8763003815098971, "park_accessibility": 0.80507514070047825, "clinic_accessibility": 0.97419997922033597, "restaurant_norm": 0.062788737411514819, "park_norm": 0.039571785152048365, "clinic_norm": 0.13275735395804086, "user_match_score": 0.088454488804178596, "suitability": 1, "suitability_label": "Okay" }, "geometry": { "type": "Polygon", "coordinates": [ [ [ -84.496830856871128, 33.65184036018276 ], [ -84.492002831813693, 33.653849181290077 ], [ -84.491742416201433, 33.658652728159147 ], [ -84.496310420429651, 33.661447715880691 ], [ -84.501138949127395, 33.659438956233714 ], [ -84.501398969927578, 33.654635147409969 ], [ -84.496830856871128, 33.65184036018276 ] ] ] } },
{ "type": "Feature", "properties": { "hex_id": "8844c1a113fffff", "lat": 33.714279802896314, "lon": -84.493446392195523, "restaurant_accessibility": 0.36061881597494772, "park_accessibility": 0.91406670229511544, "clinic_accessibility": 0.33852665296112738, "restaurant_norm": 0.0058413430109568931, "park_norm": 0.044929037463996027, "clinic_norm": 0.046132112143298133, "user_match_score": 0.025866420109197305, "suitability": 2, "suitability_label": "Less Suitable" }, "geometry": { "type": "Polygon", "coordinates": [ [ [ -84.49370687229073, 33.709477472432518 ], [ -84.488876340828611, 33.711484019446608 ], [ -84.488615651750166, 33.716286160251364 ], [ -84.493185889309927, 33.719082015798683 ], [ -84.498016924975545, 33.717075530462651 ], [ -84.498277218848798, 33.7122731279064 ], [ -84.49370687229073, 33.709477472432518 ] ] ] } },
{ "type": "Feature", "properties": { "hex_id": "8844c11697fffff", "lat": 33.649192138224812, "lon": -84.322535404349992, "restaurant_accessibility": 0.0, "park_accessibility": 0.25174452169537437, "clinic_accessibility": 0.0, "restaurant_norm": 0.0, "park_norm": 0.012373975573344411, "clinic_norm": 0.0, "user_match_score": 0.0012373975573344411, "suitability": 2, "suitability_label": "Less Suitable" }, "geometry": { "type": "Polygon", "coordinates": [ [ [ -84.322802930553877, 33.644393437385027 ], [ -84.317981675546179, 33.646393754320123 ], [ -84.317713941294954, 33.651192265128316 ], [ -84.322267854784101, 33.653990722482646 ], [ -84.327089614241331, 33.651990468844417 ], [ -84.327356955730679, 33.647191694559936 ], [ -84.322802930553877, 33.644393437385027 ] ] ] } },
{ "type": "Feature", "properties": { "hex_id": "8844c1a8ebfffff", "lat": 33.770740922634637, "lon": -84.391224310533232, "restaurant_accessibility": 44.886325482370346, "park_accessibility": 16.425472196989961, "clinic_accessibility": 6.9342269562001961, "restaurant_norm": 0.72707360800107323, "park_norm": 0.80735974065065863, "clinic_norm": 0.94494933492649091, "user_match_score": 0.82225251203619887, "suitability": 0, "suitability_label": "Most Suitable" }, "geometry": { "type": "Polygon", "coordinates": [ [ [ -84.391489246415745, 33.765942935288706 ], [ -84.386659914112045, 33.76794224206121 ], [ -84.386394769429998, 33.772740039085285 ], [ -84.390959351476212, 33.775538791743124 ], [ -84.395789189042546, 33.77353954792072 ], [ -84.3960539392708, 33.768741488495465 ], [ -84.391489246415745, 33.765942935288706 ] ] ] } },
{ "type": "Feature", "properties": { "hex_id": "8844c132a5fffff", "lat": 33.891032350432354, "lon": -84.360953521113146, "restaurant_accessibility": 0.0, "park_accessibility": 1.4832973579158193, "clinic_accessibility": 0.17769291684256253, "restaurant_norm": 0.0, "park_norm": 0.072908380096018188, "clinic_norm": 0.024214783371258319, "user_match_score": 0.016976751358105148, "suitability": 2, "suitability_label": "Less Suitable" }, "geometry": { "type": "Polygon", "coordinates": [ [ [ -84.361220036715423, 33.88623805305275 ], [ -84.356386337926068, 33.888231385110039 ], [ -84.356119613170492, 33.893025491500424 ], [ -84.360686982177072, 33.89582652800879 ], [ -84.365521187531229, 33.893833259601315 ], [ -84.365787517284645, 33.889038891040762 ], [ -84.361220036715423, 33.88623805305275 ] ] ] } },
{ "type": "Feature", "properties": { "hex_id": "8844c1af3dfffff", "lat": 33.805117616673833, "lon": -84.455438820747034, "restaurant_accessibility": 1.1242623207495082, "park_accessibility": 3.624242700414591, "clinic_accessibility": 0.5368849850779871, "restaurant_norm": 0.018210923997511383, "park_norm": 0.17814207175109287, "clinic_norm": 0.073163037896796512, "user_match_score": 0.056184884332583583, "suitability": 1, "suitability_label": "Okay" }, "geometry": { "type": "Polygon", "coordinates": [ [ [ -84.455701130496365, 33.800318505601702 ], [ -84.450867859650899, 33.802319788911248 ], [ -84.450605340710865, 33.807118709756168 ], [ -84.455176488034255, 33.809916609009107 ], [ -84.460010264143179, 33.807915388071258 ], [ -84.460272387636053, 33.803116205513945 ], [ -84.455701130496365, 33.800318505601702 ] ] ] } },
{ "type": "Feature", "properties": { "hex_id": "8844c1a001fffff", "lat": 33.696208292983471, "lon": -84.536926927594635, "restaurant_accessibility": 0.0, "park_accessibility": 0.96396154625033525, "clinic_accessibility": 0.0, "restaurant_norm": 0.0, "park_norm": 0.047381514189923785, "clinic_norm": 0.0, "user_match_score": 0.0047381514189923785, "suitability": 2, "suitability_label": "Less Suitable" }, "geometry": { "type": "Polygon", "coordinates": [ [ [ -84.537185526337794, 33.691404256867436 ], [ -84.532354221494813, 33.69341366238347 ], [ -84.532095413667918, 33.69821750909643 ], [ -84.536668306222197, 33.70101221174744 ], [ -84.54150011487198, 33.699002867386753 ], [ -84.541758527131648, 33.694198759224911 ], [ -84.537185526337794, 33.691404256867436 ] ] ] } },
{ "type": "Feature", "properties": { "hex_id": "8844c132e9fffff", "lat": 33.863875641034156, "lon": -84.381352610462926, "restaurant_accessibility": 5.4505292238450256, "park_accessibility": 3.413424747508941, "clinic_accessibility": 0.28941980404168366, "restaurant_norm": 0.08828826832467683, "park_norm": 0.16777975609032306, "clinic_norm": 0.039440164429462111, "user_match_score": 0.07669817554315557, "suitability": 1, "suitability_label": "Okay" }, "geometry": { "type": "Polygon", "coordinates": [ [ [ -84.381618196318868, 33.859080101759318 ], [ -84.376784981676067, 33.861075470292754 ], [ -84.376519186692548, 33.86587081878146 ], [ -84.381087001356931, 33.868671060849152 ], [ -84.385920722201618, 33.866675755663188 ], [ -84.386186122150747, 33.861880145067168 ], [ -84.381618196318868, 33.859080101759318 ] ] ] } },
{ "type": "Feature", "properties": { "hex_id": "8844c1a8d1fffff", "lat": 33.780733033757514, "lon": -84.42371583266619, "restaurant_accessibility": 6.3242825583332278, "park_accessibility": 4.9601106986862433, "clinic_accessibility": 2.8489775969663009, "restaurant_norm": 0.10244142037226026, "park_norm": 0.24380386994437464, "clinic_norm": 0.38823930951187263, "user_match_score": 0.23089682098531666, "suitability": 0, "suitability_label": "Most Suitable" }, "geometry": { "type": "Polygon", "coordinates": [ [ [ -84.423979421911454, 33.775934305959169 ], [ -84.419148433064507, 33.777934885534457 ], [ -84.418884634850855, 33.782733423092694 ], [ -84.423452220356282, 33.785531643163601 ], [ -84.428283714396301, 33.783531126222556 ], [ -84.428547117708604, 33.778732326581476 ], [ -84.423979421911454, 33.775934305959169 ] ] ] } },
{ "type": "Feature", "properties": { "hex_id": "8844c1a03bfffff", "lat": 33.718218125475929, "lon": -84.540466239659807, "restaurant_accessibility": 0.0, "park_accessibility": 0.53551645114492685, "clinic_accessibility": 0.0, "restaurant_norm": 0.0, "park_norm": 0.026322191406452231, "clinic_norm": 0.0, "user_match_score": 0.0026322191406452232, "suitability": 2, "suitability_label": "Less Suitable" }, "geometry": { "type": "Polygon", "coordinates": [ [ [ -84.540724742394772, 33.713414487264401 ], [ -84.535892306299246, 33.715423263291768 ], [ -84.535633594379888, 33.720226712012291 ], [ -84.540207714298646, 33.723021646041069 ], [ -84.545040654391485, 33.721012931201322 ], [ -84.545298970539221, 33.7162092211504 ], [ -84.540724742394772, 33.713414487264401 ] ] ] } },
{ "type": "Feature", "properties": { "hex_id": "8844c1b9b9fffff", "lat": 33.646371829099365, "lon": -84.374516133542144, "restaurant_accessibility": 0.50635710316924432, "park_accessibility": 0.65228899157010112, "clinic_accessibility": 0.0, "restaurant_norm": 0.0082020277218466699, "park_norm": 0.032061901463010849, "clinic_norm": 0.0, "user_match_score": 0.0073072040072244202, "suitability": 2, "suitability_label": "Less Suitable" }, "geometry": { "type": "Polygon", "coordinates": [ [ [ -84.374781463156154, 33.641571505458877 ], [ -84.36995840751726, 33.64357454751952 ], [ -84.369692869659289, 33.648374681345807 ], [ -84.374250780749335, 33.651172036160048 ], [ -84.379074340551526, 33.649169056831703 ], [ -84.379339485071242, 33.64436865996182 ], [ -84.374781463156154, 33.641571505458877 ] ] ] } },
{ "type": "Feature", "properties": { "hex_id": "8844c13265fffff", "lat": 33.816691413788739, "lon": -84.336767681986956, "restaurant_accessibility": 8.1123332688121224, "park_accessibility": 4.8267233029743215, "clinic_accessibility": 2.6870351756771202, "restaurant_norm": 0.13140446128473995, "park_norm": 0.23724749141738297, "clinic_norm": 0.36617089665775215, "user_match_score": 0.23589533844720914, "suitability": 0, "suitability_label": "Most Suitable" }, "geometry": { "type": "Polygon", "coordinates": [ [ [ -84.337035030920433, 33.811896114611763 ], [ -84.332205623291955, 33.813890973852949 ], [ -84.33193806559558, 33.81868608228465 ], [ -84.336500309667485, 33.821486594159644 ], [ -84.341330223271072, 33.819491798595195 ], [ -84.341597386798355, 33.814696427484066 ], [ -84.337035030920433, 33.811896114611763 ] ] ] } },
{ "type": "Feature", "properties": { "hex_id": "8844c1a8adfffff", "lat": 33.783532589883315, "lon": -84.371640878330552, "restaurant_accessibility": 33.07911659213206, "park_accessibility": 13.913648415637002, "clinic_accessibility": 4.7655525746433343, "restaurant_norm": 0.53581914740550396, "park_norm": 0.6838962948299101, "clinic_norm": 0.64941712528459017, "user_match_score": 0.59606605329957918, "suitability": 0, "suitability_label": "Most Suitable" }, "geometry": { "type": "Polygon", "coordinates": [ [ [ -84.371906672588693, 33.778735482323086 ], [ -84.367077482685133, 33.78073332803676 ], [ -84.366811479655254, 33.785530245139718 ], [ -84.371375060823496, 33.788329579050796 ], [ -84.376204756210484, 33.786331796536906 ], [ -84.376470364916543, 33.78153461691722 ], [ -84.371906672588693, 33.778735482323086 ] ] ] } },
{ "type": "Feature", "properties": { "hex_id": "8844c1a141fffff", "lat": 33.669479581258969, "lon": -84.476997167149591, "restaurant_accessibility": 0.0, "park_accessibility": 2.8331929212105784, "clinic_accessibility": 0.43078409227877901, "restaurant_norm": 0.0, "park_norm": 0.13925967391677369, "clinic_norm": 0.058704329129545714, "user_match_score": 0.037407699043495654, "suitability": 1, "suitability_label": "Okay" }, "geometry": { "type": "Polygon", "coordinates": [ [ [ -84.47725823182715, 33.664676719592002 ], [ -84.472430342958077, 33.666684082156749 ], [ -84.472169069538637, 33.67148675430704 ], [ -84.476736079643032, 33.674282325969777 ], [ -84.481564472374785, 33.672275025115887 ], [ -84.481825351110416, 33.667472090893497 ], [ -84.47725823182715, 33.664676719592002 ] ] ] } },
{ "type": "Feature", "properties": { "hex_id": "8844c1a9b5fffff", "lat": 33.800694313082232, "lon": -84.318790432671406, "restaurant_accessibility": 7.4450433049639626, "park_accessibility": 6.2111490976775983, "clinic_accessibility": 4.5241579214393743, "restaurant_norm": 0.12059562548933622, "park_norm": 0.30529604656129827, "clinic_norm": 0.61652150210399415, "user_match_score": 0.33743601824239561, "suitability": 0, "suitability_label": "Most Suitable" }, "geometry": { "type": "Polygon", "coordinates": [ [ [ -84.31905849934671, 33.795899183511295 ], [ -84.31423048933101, 33.797893725590249 ], [ -84.313962214027981, 33.802688664418767 ], [ -84.318522342554104, 33.805489324070749 ], [ -84.323350858481774, 33.803494845810448 ], [ -84.32361873994202, 33.798699644084522 ], [ -84.31905849934671, 33.795899183511295 ] ] ] } },
{ "type": "Feature", "properties": { "hex_id": "8844c1335dfffff", "lat": 33.815078990048299, "lon": -84.317986091981183, "restaurant_accessibility": 7.334481053913124, "park_accessibility": 4.1769381078753547, "clinic_accessibility": 3.2297234646688668, "restaurant_norm": 0.11880472605801996, "park_norm": 0.20530865883454394, "clinic_norm": 0.44012476938131767, "user_match_score": 0.25598313666499145, "suitability": 0, "suitability_label": "Most Suitable" }, "geometry": { "type": "Polygon", "coordinates": [ [ [ -84.318254228991705, 33.810284216413798 ], [ -84.313425593039341, 33.812278186196707 ], [ -84.313157247347604, 33.817072769020008 ], [ -84.317717931519439, 33.819873644911205 ], [ -84.322547073525286, 33.817879739000695 ], [ -84.322815025276455, 33.813084893331613 ], [ -84.318254228991705, 33.810284216413798 ] ] ] } },
{ "type": "Feature", "properties": { "hex_id": "8844c1aa87fffff", "lat": 33.745137418299741, "lon": -84.430390295754819, "restaurant_accessibility": 2.7324654188395501, "park_accessibility": 5.8903076182130949, "clinic_accessibility": 0.88316030879093199, "restaurant_norm": 0.044260773620111486, "park_norm": 0.28952575450857398, "clinic_norm": 0.12035108624174251, "user_match_score": 0.099223396757610161, "suitability": 0, "suitability_label": "Most Suitable" }, "geometry": { "type": "Polygon", "coordinates": [ [ [ -84.430653514777589, 33.74033767347693 ], [ -84.425823901072619, 33.742339901701982 ], [ -84.425560473195191, 33.747139456474542 ], [ -84.430127053706414, 33.74993704519639 ], [ -84.434957172231378, 33.747934879421727 ], [ -84.435220205395964, 33.743135062479936 ], [ -84.430653514777589, 33.74033767347693 ] ] ] } },
{ "type": "Feature", "properties": { "hex_id": "8844c1b8a1fffff", "lat": 33.642737292221447, "lon": -84.417138941802392, "restaurant_accessibility": 4.5336491070327396, "park_accessibility": 1.2843949488969, "clinic_accessibility": 0.3769835874070977, "restaurant_norm": 0.073436543941557408, "park_norm": 0.063131748079939279, "clinic_norm": 0.051372761873624342, "user_match_score": 0.063580551528222368, "suitability": 1, "suitability_label": "Okay" }, "geometry": { "type": "Polygon", "coordinates": [ [ [ -84.417402465775311, 33.637935610827583 ], [ -84.412577998706695, 33.639940935955849 ], [ -84.412314266334391, 33.644742427720431 ], [ -84.416875394801721, 33.647538857054769 ], [ -84.421700365784289, 33.645533594191484 ], [ -84.421963704356472, 33.640731839733924 ], [ -84.417402465775311, 33.637935610827583 ] ] ] } },
{ "type": "Feature", "properties": { "hex_id": "8844c1ae41fffff", "lat": 33.775852589445094, "lon": -84.537362441148446, "restaurant_accessibility": 0.16401424597965941, "park_accessibility": 0.60225606288436273, "clinic_accessibility": 0.45123045573854825, "restaurant_norm": 0.0026567206895749033, "park_norm": 0.029602637470885672, "clinic_norm": 0.061490620618851341, "user_match_score": 0.028884872339416556, "suitability": 2, "suitability_label": "Less Suitable" }, "geometry": { "type": "Polygon", "coordinates": [ [ [ -84.537621215593489, 33.771050367178461 ], [ -84.532786268102527, 33.773056867781207 ], [ -84.532527284257995, 33.777858900278424 ], [ -84.537103644041636, 33.780654693304079 ], [ -84.541939096093841, 33.778648254104645 ], [ -84.542197683772073, 33.773845960481481 ], [ -84.537621215593489, 33.771050367178461 ] ] ] } },
{ "type": "Feature", "properties": { "hex_id": "8844c132e1fffff", "lat": 33.870666047787452, "lon": -84.376253368441084, "restaurant_accessibility": 4.6925509677314556, "park_accessibility": 3.4534987147665648, "clinic_accessibility": 0.27135193714897321, "restaurant_norm": 0.076010453655367169, "park_norm": 0.16974950815735265, "clinic_norm": 0.036977998291599951, "user_match_score": 0.069771376960058834, "suitability": 1, "suitability_label": "Okay" }, "geometry": { "type": "Polygon", "coordinates": [ [ [ -84.376519186692548, 33.86587081878146 ], [ -84.37168585090599, 33.867865678310999 ], [ -84.371419823520512, 33.872660716480034 ], [ -84.375987526918635, 33.875461157247713 ], [ -84.380821368997829, 33.873466361141254 ], [ -84.381087001356931, 33.868671060849152 ], [ -84.376519186692548, 33.86587081878146 ] ] ] } },
{ "type": "Feature", "properties": { "hex_id": "8844c1a835fffff", "lat": 33.753147227898296, "lon": -84.354456193255444, "restaurant_accessibility": 24.07920675608602, "park_accessibility": 11.974066401874554, "clinic_accessibility": 3.2008952263509047, "restaurant_norm": 0.39003762383774343, "park_norm": 0.58856019655391056, "clinic_norm": 0.43619625293705805, "user_match_score": 0.42835333274908599, "suitability": 0, "suitability_label": "Most Suitable" }, "geometry": { "type": "Polygon", "coordinates": [ [ [ -84.354722636079316, 33.748349936731451 ], [ -84.349895467600888, 33.750348035463801 ], [ -84.349628816193629, 33.755145136245361 ], [ -84.354189727135648, 33.75794440108583 ], [ -84.359017400894032, 33.75594636564098 ], [ -84.359283658401182, 33.751149002073198 ], [ -84.354722636079316, 33.748349936731451 ] ] ] } },
{ "type": "Feature", "properties": { "hex_id": "8844c1ac8dfffff", "lat": 33.890274453650783, "lon": -84.521724498241753, "restaurant_accessibility": 2.4670426705693584, "park_accessibility": 4.3737861220387124, "clinic_accessibility": 1.4495251005079435, "restaurant_norm": 0.039961426922503887, "park_norm": 0.21498431136717858, "clinic_norm": 0.19753143188650646, "user_match_score": 0.12049171735257239, "suitability": 0, "suitability_label": "Most Suitable" }, "geometry": { "type": "Polygon", "coordinates": [ [ [ -84.52198421427309, 33.88547535140416 ], [ -84.517144618209585, 33.887476843970759 ], [ -84.516884692387976, 33.892275755861696 ], [ -84.521464759444285, 33.895073435988714 ], [ -84.526304861241258, 33.893072005350206 ], [ -84.526564390219278, 33.888272832661848 ], [ -84.52198421427309, 33.88547535140416 ] ] ] } },
{ "type": "Feature", "properties": { "hex_id": "8844c1a321fffff", "lat": 33.648259185310913, "lon": -84.482868637971265, "restaurant_accessibility": 0.0, "park_accessibility": 1.3542064365439506, "clinic_accessibility": 0.53765971186937644, "restaurant_norm": 0.0, "park_norm": 0.066563185781406894, "clinic_norm": 0.073268612400039235, "user_match_score": 0.035963763538156383, "suitability": 2, "suitability_label": "Less Suitable" }, "geometry": { "type": "Polygon", "coordinates": [ [ [ -84.48312940268093, 33.643455667059754 ], [ -84.478302262307025, 33.64546410463322 ], [ -84.478041288915662, 33.650267433489461 ], [ -84.482607850462344, 33.653062586883429 ], [ -84.487435494467505, 33.651054210889882 ], [ -84.487696073265681, 33.646250619927571 ], [ -84.48312940268093, 33.643455667059754 ] ] ] } },
{ "type": "Feature", "properties": { "hex_id": "8844c1a147fffff", "lat": 33.676289309477859, "lon": -84.471907773272363, "restaurant_accessibility": 0.0, "park_accessibility": 2.939090944906579, "clinic_accessibility": 0.36310574295494802, "restaurant_norm": 0.0, "park_norm": 0.14446486984181311, "clinic_norm": 0.049481583524818434, "user_match_score": 0.034239120394108688, "suitability": 2, "suitability_label": "Less Suitable" }, "geometry": { "type": "Polygon", "coordinates": [ [ [ -84.472169069538637, 33.67148675430704 ], [ -84.467341058343848, 33.673493610038939 ], [ -84.467079553329071, 33.678295975641355 ], [ -84.471646454156243, 33.681091747605706 ], [ -84.476474969304476, 33.679084953660912 ], [ -84.476736079643032, 33.674282325969777 ], [ -84.472169069538637, 33.67148675430704 ] ] ] } },
{ "type": "Feature", "properties": { "hex_id": "8844c1aad1fffff", "lat": 33.733118518653363, "lon": -84.459371057503816, "restaurant_accessibility": 0.19691221942707834, "park_accessibility": 1.741359850308692, "clinic_accessibility": 0.54623967020511865, "restaurant_norm": 0.0031896056605162865, "park_norm": 0.085592902308302174, "clinic_norm": 0.074437830825433746, "user_match_score": 0.039929225391261862, "suitability": 1, "suitability_label": "Okay" }, "geometry": { "type": "Polygon", "coordinates": [ [ [ -84.459633023161288, 33.728317634122398 ], [ -84.454802888029548, 33.730321768070262 ], [ -84.454540713449646, 33.735122462720561 ], [ -84.459109068927887, 33.737919285397062 ], [ -84.463939708617261, 33.735915213551564 ], [ -84.464201488241613, 33.731114256932329 ], [ -84.459633023161288, 33.728317634122398 ] ] ] } },
{ "type": "Feature", "properties": { "hex_id": "8844c1ab21fffff", "lat": 33.684778572292402, "lon": -84.315839146732429, "restaurant_accessibility": 0.9375344087735864, "park_accessibility": 1.7931976282967781, "clinic_accessibility": 0.0, "restaurant_norm": 0.015186284862633577, "park_norm": 0.088140879893996008, "clinic_norm": 0.0, "user_match_score": 0.016407230420716387, "suitability": 2, "suitability_label": "Less Suitable" }, "geometry": { "type": "Polygon", "coordinates": [ [ [ -84.31610704470603, 33.679980879050945 ], [ -84.311284421454673, 33.681979548348771 ], [ -84.311016315320998, 33.686777051368097 ], [ -84.315571225357715, 33.689576148485273 ], [ -84.320394353430316, 33.687577542670049 ], [ -84.320662066615682, 33.682779776259991 ], [ -84.31610704470603, 33.679980879050945 ] ] ] } },
{ "type": "Feature", "properties": { "hex_id": "8844c1a81bfffff", "lat": 33.749548069282973, "lon": -84.397112708647398, "restaurant_accessibility": 25.329743589051354, "park_accessibility": 16.352977302682678, "clinic_accessibility": 4.2367613547527787, "restaurant_norm": 0.41029395619088854, "park_norm": 0.80379640570573374, "clinic_norm": 0.57735705071437993, "user_match_score": 0.51646943895176967, "suitability": 0, "suitability_label": "Most Suitable" }, "geometry": { "type": "Polygon", "coordinates": [ [ [ -84.397377343122571, 33.744749419418255 ], [ -84.392548758261142, 33.746749804795336 ], [ -84.392283915046434, 33.751548264458627 ], [ -84.396848051027675, 33.754346601186306 ], [ -84.401677140919972, 33.752346278629396 ], [ -84.401941589770956, 33.747547556529703 ], [ -84.397377343122571, 33.744749419418255 ] ] ] } },
{ "type": "Feature", "properties": { "hex_id": "8844c1a91dfffff", "lat": 33.735548756448942, "lon": -84.317715934819702, "restaurant_accessibility": 1.7012175760199908, "park_accessibility": 5.3433319793614613, "clinic_accessibility": 0.58333065698029907, "restaurant_norm": 0.027556508306243659, "park_norm": 0.26264031069123217, "clinic_norm": 0.079492338488127867, "user_match_score": 0.071839220617496202, "suitability": 1, "suitability_label": "Okay" }, "geometry": { "type": "Polygon", "coordinates": [ [ [ -84.3179838820067, 33.730752163773616 ], [ -84.313158879430574, 33.732749056593256 ], [ -84.312890723876563, 33.737545458820257 ], [ -84.317447964215759, 33.740345231402948 ], [ -84.322273472087474, 33.738348402207677 ], [ -84.322541234295102, 33.733551736810313 ], [ -84.3179838820067, 33.730752163773616 ] ] ] } },
{ "type": "Feature", "properties": { "hex_id": "8844c1a191fffff", "lat": 33.759867425181497, "lon": -84.519320161255791, "restaurant_accessibility": 0.17681136747634338, "park_accessibility": 0.89389374093724761, "clinic_accessibility": 0.46548237993356345, "restaurant_norm": 0.0028640098628059923, "park_norm": 0.043937477729535025, "clinic_norm": 0.063432776013326947, "user_match_score": 0.03119886310968728, "suitability": 2, "suitability_label": "Less Suitable" }, "geometry": { "type": "Polygon", "coordinates": [ [ [ -84.519579659608823, 33.755065370612307 ], [ -84.514746102176744, 33.757071547887797 ], [ -84.514486394558531, 33.761873412689837 ], [ -84.519060640184136, 33.76466936156735 ], [ -84.523894702119222, 33.76266324583775 ], [ -84.524154013896634, 33.757861119689949 ], [ -84.519579659608823, 33.755065370612307 ] ] ] } },
{ "type": "Feature", "properties": { "hex_id": "8844c1aeedfffff", "lat": 33.826664665248337, "lon": -84.539351973248444, "restaurant_accessibility": 0.0, "park_accessibility": 1.2434389807114608, "clinic_accessibility": 0.26752123413775097, "restaurant_norm": 0.0, "park_norm": 0.061118643101541623, "clinic_norm": 0.036455976112975019, "user_match_score": 0.020694254755344171, "suitability": 2, "suitability_label": "Less Suitable" }, "geometry": { "type": "Polygon", "coordinates": [ [ [ -84.539610787528119, 33.821863558954881 ], [ -84.534773449810942, 33.823868289236479 ], [ -84.534514425923163, 33.82866920553478 ], [ -84.539093136292337, 33.831465652460579 ], [ -84.543930979044163, 33.829460983720558 ], [ -84.544189606363034, 33.824659806518426 ], [ -84.539610787528119, 33.821863558954881 ] ] ] } },
{ "type": "Feature", "properties": { "hex_id": "8844c1325bfffff", "lat": 33.829109741013632, "lon": -84.397442811601408, "restaurant_accessibility": 2.6425150615451063, "park_accessibility": 6.5872758160558789, "clinic_accessibility": 1.6841835215314434, "restaurant_norm": 0.04280374789755053, "park_norm": 0.32378376893297661, "clinic_norm": 0.22950908711493664, "user_match_score": 0.14558388568804759, "suitability": 0, "suitability_label": "Most Suitable" }, "geometry": { "type": "Polygon", "coordinates": [ [ [ -84.397707630891432, 33.824312914525613 ], [ -84.392875407325249, 33.82631038137179 ], [ -84.392610378980663, 33.831107017295139 ], [ -84.397177969133153, 33.833906448488939 ], [ -84.402010698487487, 33.831909044709803 ], [ -84.40227533187192, 33.827112146674928 ], [ -84.397707630891432, 33.824312914525613 ] ] ] } },
{ "type": "Feature", "properties": { "hex_id": "8844c1ac15fffff", "lat": 33.859887669898143, "lon": -84.504449594022446, "restaurant_accessibility": 1.6236294787443732, "park_accessibility": 2.9542433719803127, "clinic_accessibility": 1.3275066162525742, "restaurant_norm": 0.02629972782314802, "park_norm": 0.14520965571133104, "clinic_norm": 0.18090358190782155, "user_match_score": 0.10003226224583574, "suitability": 0, "suitability_label": "Most Suitable" }, "geometry": { "type": "Polygon", "coordinates": [ [ [ -84.504709966550678, 33.85508837151361 ], [ -84.499872392920295, 33.857090112019151 ], [ -84.499611810790526, 33.861889220118691 ], [ -84.504189198680095, 33.864686848787485 ], [ -84.509027277843614, 33.86268517030058 ], [ -84.509287463555225, 33.857885801131495 ], [ -84.504709966550678, 33.85508837151361 ] ] ] } },
{ "type": "Feature", "properties": { "hex_id": "8844c1ac39fffff", "lat": 33.859091534008343, "lon": -84.495034905646193, "restaurant_accessibility": 2.9854285451081881, "park_accessibility": 2.2324539057047663, "clinic_accessibility": 1.2300292557881798, "restaurant_norm": 0.04835829799821207, "park_norm": 0.10973160373767801, "clinic_norm": 0.16762002953449481, "user_match_score": 0.10220032118667176, "suitability": 0, "suitability_label": "Most Suitable" }, "geometry": { "type": "Polygon", "coordinates": [ [ [ -84.495295674519213, 33.854292496744058 ], [ -84.490458483229162, 33.856293790536938 ], [ -84.490197504795034, 33.861092637482813 ], [ -84.494774113926113, 33.86389045179471 ], [ -84.499611810790526, 33.861889220118691 ], [ -84.499872392920295, 33.857090112019151 ], [ -84.495295674519213, 33.854292496744058 ] ] ] } },
{ "type": "Feature", "properties": { "hex_id": "8844c1ade7fffff", "lat": 33.883083754201913, "lon": -84.43699181840158, "restaurant_accessibility": 0.0, "park_accessibility": 1.9037593140347542, "clinic_accessibility": 0.18145151139725216, "restaurant_norm": 0.0, "park_norm": 0.09357530837512483, "clinic_norm": 0.024726979099368517, "user_match_score": 0.01924832247725989, "suitability": 2, "suitability_label": "Less Suitable" }, "geometry": { "type": "Polygon", "coordinates": [ [ [ -84.437255101263162, 33.878287002615956 ], [ -84.432418952109018, 33.88028447469992 ], [ -84.432155459821942, 33.885081035630051 ], [ -84.436728512477586, 33.887880386034993 ], [ -84.441565167734211, 33.885882976763227 ], [ -84.441828264203409, 33.881086154279508 ], [ -84.437255101263162, 33.878287002615956 ] ] ] } },
{ "type": "Feature", "properties": { "hex_id": "8844c1a883fffff", "lat": 33.79353053225406, "lon": -84.40412711724403, "restaurant_accessibility": 16.785024928613026, "park_accessibility": 7.389585802992519, "clinic_accessibility": 4.1098768962249395, "restaurant_norm": 0.27188566905588829, "park_norm": 0.36321963873362095, "clinic_norm": 0.56006609882374669, "user_match_score": 0.3962912379308049, "suitability": 0, "suitability_label": "Most Suitable" }, "geometry": { "type": "Polygon", "coordinates": [ [ [ -84.404391565430814, 33.78873268406948 ], [ -84.399560717187171, 33.790731802057707 ], [ -84.399296060059584, 33.795529459866579 ], [ -84.403862645918139, 33.798328261891015 ], [ -84.4086939995764, 33.796329206786758 ], [ -84.408958261932241, 33.79153128677919 ], [ -84.404391565430814, 33.78873268406948 ] ] ] } },
{ "type": "Feature", "properties": { "hex_id": "8844c1a997fffff", "lat": 33.803109643504406, "lon": -84.346961019362723, "restaurant_accessibility": 3.9521269465917976, "park_accessibility": 6.916955228868674, "clinic_accessibility": 2.9765374331485539, "restaurant_norm": 0.064016984403531998, "park_norm": 0.33998847111957048, "clinic_norm": 0.40562229728039007, "user_match_score": 0.22825625822587908, "suitability": 0, "suitability_label": "Most Suitable" }, "geometry": { "type": "Polygon", "coordinates": [ [ [ -84.347227904044502, 33.798313725589722 ], [ -84.342398737183359, 33.800309601704207 ], [ -84.342131643751443, 33.805105328975472 ], [ -84.346694111336745, 33.807905442785106 ], [ -84.351523783992178, 33.805909630195778 ], [ -84.351790483238673, 33.801113640276718 ], [ -84.347227904044502, 33.798313725589722 ] ] ] } },
{ "type": "Feature", "properties": { "hex_id": "8844c1aab7fffff", "lat": 33.76633649543875, "lon": -84.42450653122026, "restaurant_accessibility": 0.39224699565350446, "park_accessibility": 5.6614549031266268, "clinic_accessibility": 2.440131357836421, "restaurant_norm": 0.0063536597235919349, "park_norm": 0.27827697782297772, "clinic_norm": 0.33252452195252769, "user_match_score": 0.16401433642510482, "suitability": 0, "suitability_label": "Most Suitable" }, "geometry": { "type": "Polygon", "coordinates": [ [ [ -84.424770051289798, 33.761537412843197 ], [ -84.419939689240792, 33.763538563000395 ], [ -84.41967596025647, 33.768337455425055 ], [ -84.424242988095145, 33.771135459831839 ], [ -84.429073855196009, 33.769134372254996 ], [ -84.429337189377151, 33.764335217696136 ], [ -84.424770051289798, 33.761537412843197 ] ] ] } },
{ "type": "Feature", "properties": { "hex_id": "8844c1a941fffff", "lat": 33.705965892095129, "lon": -84.309943656566887, "restaurant_accessibility": 0.11562359051548766, "park_accessibility": 2.8221336510417272, "clinic_accessibility": 0.16686722854278613, "restaurant_norm": 0.0018728835613677618, "park_norm": 0.1387160786162413, "clinic_norm": 0.022739532124996711, "user_match_score": 0.023903862492306697, "suitability": 2, "suitability_label": "Less Suitable" }, "geometry": { "type": "Polygon", "coordinates": [ [ [ -84.310211856394446, 33.701168857742481 ], [ -84.305388488968362, 33.703166448973597 ], [ -84.305120080921171, 33.707963292983464 ], [ -84.309675433308229, 33.710762809122912 ], [ -84.314499305786541, 33.708765281505073 ], [ -84.314767320796307, 33.703968174139447 ], [ -84.310211856394446, 33.701168857742481 ] ] ] } },
{ "type": "Feature", "properties": { "hex_id": "8844c1a809fffff", "lat": 33.725959503314776, "lon": -84.374828875867124, "restaurant_accessibility": 4.445725288999852, "park_accessibility": 7.3299320817877058, "clinic_accessibility": 2.2190418832295187, "restaurant_norm": 0.07201234432353544, "park_norm": 0.3602874848020225, "clinic_norm": 0.30239595054742868, "user_match_score": 0.19299330086094146, "suitability": 0, "suitability_label": "Most Suitable" }, "geometry": { "type": "Polygon", "coordinates": [ [ [ -84.375094391374915, 33.721160979972346 ], [ -84.37026770534149, 33.723161109375226 ], [ -84.370001981275891, 33.72795944253722 ], [ -84.374563337146839, 33.730757909023268 ], [ -84.379390528098881, 33.728757842603926 ], [ -84.379655858232141, 33.723959246720014 ], [ -84.375094391374915, 33.721160979972346 ] ] ] } },
{ "type": "Feature", "properties": { "hex_id": "8844c1a04dfffff", "lat": 33.667382318230828, "lon": -84.538478180717206, "restaurant_accessibility": 0.0, "park_accessibility": 0.54102403584150682, "clinic_accessibility": 0.42724706014199976, "restaurant_norm": 0.0, "park_norm": 0.026592905216010609, "clinic_norm": 0.058222326422340605, "user_match_score": 0.025948221090537307, "suitability": 2, "suitability_label": "Less Suitable" }, "geometry": { "type": "Polygon", "coordinates": [ [ [ -84.538736643746546, 33.66257757933721 ], [ -84.533906593030295, 33.66458812078195 ], [ -84.533647921024553, 33.669392670412464 ], [ -84.538219695076293, 33.672186940153786 ], [ -84.543050249317915, 33.670176459755574 ], [ -84.543308525953421, 33.665371648574677 ], [ -84.538736643746546, 33.66257757933721 ] ] ] } },
{ "type": "Feature", "properties": { "hex_id": "8844c13233fffff", "lat": 33.862264771311288, "lon": -84.362552264826547, "restaurant_accessibility": 2.985343723572373, "park_accessibility": 3.7342200894913375, "clinic_accessibility": 0.59523683899057189, "restaurant_norm": 0.048356924049700607, "park_norm": 0.18354778035158656, "clinic_norm": 0.081114832075832158, "user_match_score": 0.074979172890341811, "suitability": 1, "suitability_label": "Okay" }, "geometry": { "type": "Polygon", "coordinates": [ [ [ -84.362818640490062, 33.857469756435236 ], [ -84.35798619624498, 33.859464233948586 ], [ -84.35771961153543, 33.864259057972411 ], [ -84.362285865847525, 33.867059666762096 ], [ -84.367118816374017, 33.865065252792192 ], [ -84.367385006277686, 33.860270166494239 ], [ -84.362818640490062, 33.857469756435236 ] ] ] } },
{ "type": "Feature", "properties": { "hex_id": "8844c1aa03fffff", "lat": 33.692750922780682, "lon": -84.409675674608323, "restaurant_accessibility": 0.88152894664663051, "park_accessibility": 4.6420605447488237, "clinic_accessibility": 0.7876363514029916, "restaurant_norm": 0.014279102263505327, "park_norm": 0.22817077966135232, "clinic_norm": 0.107333730367261, "user_match_score": 0.0728901212447923, "suitability": 1, "suitability_label": "Okay" }, "geometry": { "type": "Polygon", "coordinates": [ [ [ -84.409939637571824, 33.687950599710717 ], [ -84.40511317296216, 33.689953710256162 ], [ -84.40484900143251, 33.694753843435855 ], [ -84.409411688569136, 33.697551128632291 ], [ -84.414238657605608, 33.69554808059204 ], [ -84.414502435049499, 33.690747684855211 ], [ -84.409939637571824, 33.687950599710717 ] ] ] } },
{ "type": "Feature", "properties": { "hex_id": "8844c1ac59fffff", "lat": 33.832677330782936, "lon": -84.52483958890717, "restaurant_accessibility": 0.23470845886523303, "park_accessibility": 1.5539386168191573, "clinic_accessibility": 1.1230981150797763, "restaurant_norm": 0.0038018332795483889, "park_norm": 0.076380603468560654, "clinic_norm": 0.15304818022330541, "user_match_score": 0.070758249075952434, "suitability": 1, "suitability_label": "Okay" }, "geometry": { "type": "Polygon", "coordinates": [ [ [ -84.525099031977675, 33.827876794559863 ], [ -84.520261951994897, 33.829880569604484 ], [ -84.520002299349855, 33.834680915747505 ], [ -84.524580123106333, 33.837477747855672 ], [ -84.52941770825673, 33.835474034526705 ], [ -84.529676964453841, 33.830673427379175 ], [ -84.525099031977675, 33.827876794559863 ] ] ] } },
{ "type": "Feature", "properties": { "hex_id": "8844c1a045fffff", "lat": 33.674197103048982, "lon": -84.53338922638936, "restaurant_accessibility": 0.0, "park_accessibility": 1.1631339970494803, "clinic_accessibility": 0.43956126421660052, "restaurant_norm": 0.0, "park_norm": 0.057171419545060047, "clinic_norm": 0.05990042248466209, "user_match_score": 0.029677310948370842, "suitability": 2, "suitability_label": "Less Suitable" }, "geometry": { "type": "Polygon", "coordinates": [ [ [ -84.533647921024553, 33.669392670412464 ], [ -84.52881774694184, 33.671402705120649 ], [ -84.528558843323495, 33.676206948442179 ], [ -84.533130509121733, 33.679001418627898 ], [ -84.537961186820851, 33.676991445042518 ], [ -84.538219695076293, 33.672186940153786 ], [ -84.533647921024553, 33.669392670412464 ] ] ] } },
{ "type": "Feature", "properties": { "hex_id": "8844c1a033fffff", "lat": 33.725030043063192, "lon": -84.5353748598164, "restaurant_accessibility": 0.0, "park_accessibility": 0.79645254980918834, "clinic_accessibility": 0.0, "restaurant_norm": 0.0, "park_norm": 0.039147959726377843, "clinic_norm": 0.0, "user_match_score": 0.0039147959726377841, "suitability": 2, "suitability_label": "Less Suitable" }, "geometry": { "type": "Polygon", "coordinates": [ [ [ -84.535633594379888, 33.720226712012291 ], [ -84.530801034765929, 33.722234980760661 ], [ -84.530542091011284, 33.727038122268858 ], [ -84.535116102605826, 33.729833256380992 ], [ -84.539949166308276, 33.727825048896349 ], [ -84.540207714298646, 33.723021646041069 ], [ -84.535633594379888, 33.720226712012291 ] ] ] } },
{ "type": "Feature", "properties": { "hex_id": "8844c1aac7fffff", "lat": 33.723934616315731, "lon": -84.43627210800642, "restaurant_accessibility": 0.51539400582128214, "park_accessibility": 4.2291065746679406, "clinic_accessibility": 0.50425033031310074, "restaurant_norm": 0.0083484084590926318, "park_norm": 0.20787289073696213, "clinic_norm": 0.06871580888187924, "user_match_score": 0.052447816855994228, "suitability": 1, "suitability_label": "Okay" }, "geometry": { "type": "Polygon", "coordinates": [ [ [ -84.43653502616209, 33.719134210492165 ], [ -84.431706160672292, 33.721137516190559 ], [ -84.431443033722047, 33.725937732084724 ], [ -84.436009166854959, 33.728734904489649 ], [ -84.440838536933043, 33.726731661111451 ], [ -84.441101269260784, 33.72193118301324 ], [ -84.43653502616209, 33.719134210492165 ] ] ] } },
{ "type": "Feature", "properties": { "hex_id": "8844c1a187fffff", "lat": 33.750689051957373, "lon": -84.496194229983644, "restaurant_accessibility": 0.0, "park_accessibility": 1.4073017093718259, "clinic_accessibility": 0.87902732184259036, "restaurant_norm": 0.0, "park_norm": 0.069172972896564835, "clinic_norm": 0.11978787086203775, "user_match_score": 0.054832445634471587, "suitability": 1, "suitability_label": "Okay" }, "geometry": { "type": "Polygon", "coordinates": [ [ [ -84.496454683347537, 33.745887473944833 ], [ -84.491622393232447, 33.747892820870135 ], [ -84.491361730731015, 33.752694209066384 ], [ -84.495933753823465, 33.755490511924307 ], [ -84.500766548473976, 33.753485226763232 ], [ -84.501026815467483, 33.748683576985215 ], [ -84.496454683347537, 33.745887473944833 ] ] ] } },
{ "type": "Feature", "properties": { "hex_id": "8844c1ae29fffff", "lat": 33.795483152973794, "lon": -84.512667804440611, "restaurant_accessibility": 0.92304773510186311, "park_accessibility": 2.7432651665344752, "clinic_accessibility": 0.55837956868882421, "restaurant_norm": 0.014951628138536815, "park_norm": 0.13483946317203177, "clinic_norm": 0.076092173706148875, "user_match_score": 0.051396629868931135, "suitability": 1, "suitability_label": "Okay" }, "geometry": { "type": "Polygon", "coordinates": [ [ [ -84.512927671277296, 33.790682116947821 ], [ -84.508092734689811, 33.792686647215298 ], [ -84.507832658473689, 33.797487493283889 ], [ -84.512407914846548, 33.800284070349825 ], [ -84.517243356310487, 33.798279601811643 ], [ -84.517503036495967, 33.793478494483445 ], [ -84.512927671277296, 33.790682116947821 ] ] ] } },
{ "type": "Feature", "properties": { "hex_id": "8844c1a833fffff", "lat": 33.761544476730705, "lon": -84.368141262197682, "restaurant_accessibility": 29.919017702017161, "park_accessibility": 17.382302581076793, "clinic_accessibility": 4.9270800057362178, "restaurant_norm": 0.48463152006054677, "park_norm": 0.85439073747549144, "clinic_norm": 0.6714289860944137, "user_match_score": 0.59632642821558801, "suitability": 0, "suitability_label": "Most Suitable" }, "geometry": { "type": "Polygon", "coordinates": [ [ [ -84.368407148939298, 33.756746968496628 ], [ -84.363579090535254, 33.758745448611798 ], [ -84.363312995122499, 33.763542766475695 ], [ -84.367875352204507, 33.766341866864963 ], [ -84.372703915899862, 33.764343449917597 ], [ -84.372969617192638, 33.75954586941819 ], [ -84.368407148939298, 33.756746968496628 ] ] ] } },
{ "type": "Feature", "properties": { "hex_id": "8844c13235fffff", "lat": 33.853862991898701, "lon": -84.348855507905, "restaurant_accessibility": 2.9141991162820431, "park_accessibility": 4.3548516135785631, "clinic_accessibility": 1.0187130929001988, "restaurant_norm": 0.04720451592191309, "park_norm": 0.21405362519533536, "clinic_norm": 0.13882329864560025, "user_match_score": 0.1005369399387302, "suitability": 0, "suitability_label": "Most Suitable" }, "geometry": { "type": "Polygon", "coordinates": [ [ [ -84.349122440583145, 33.849068191559795 ], [ -84.344290888109299, 33.851062287372002 ], [ -84.344023746473198, 33.855856896843427 ], [ -84.348588551866939, 33.858657672932814 ], [ -84.353420610610669, 33.856663640784312 ], [ -84.353687357661414, 33.85186876888779 ], [ -84.349122440583145, 33.849068191559795 ] ] ] } },
{ "type": "Feature", "properties": { "hex_id": "8844c1ad8dfffff", "lat": 33.884686112338819, "lon": -84.455813165209008, "restaurant_accessibility": 11.131416227289762, "park_accessibility": 3.4428369132479459, "clinic_accessibility": 0.0, "restaurant_norm": 0.18030789715045906, "park_norm": 0.16922544959722685, "clinic_norm": 0.0, "user_match_score": 0.10707649353495222, "suitability": 0, "suitability_label": "Most Suitable" }, "geometry": { "type": "Polygon", "coordinates": [ [ [ -84.456075656239562, 33.879888837795988 ], [ -84.451238739681784, 33.881887202645515 ], [ -84.450976039144493, 33.886684286599021 ], [ -84.455550651181767, 33.889483267094128 ], [ -84.460388073760782, 33.887484964860469 ], [ -84.460650378252041, 33.88268761952105 ], [ -84.456075656239562, 33.879888837795988 ] ] ] } },
{ "type": "Feature", "properties": { "hex_id": "8844c1ad55fffff", "lat": 33.833111354702808, "lon": -84.444457961947492, "restaurant_accessibility": 0.83737771125120453, "park_accessibility": 0.71281555054932488, "clinic_accessibility": 0.85218329705803286, "restaurant_norm": 0.013563935725106785, "park_norm": 0.035036957910331609, "clinic_norm": 0.11612974955635467, "user_match_score": 0.056737563476128426, "suitability": 1, "suitability_label": "Okay" }, "geometry": { "type": "Polygon", "coordinates": [ [ [ -84.444720805093411, 33.82831321865973 ], [ -84.439886662110879, 33.830312914227534 ], [ -84.439623609707354, 33.835110859872074 ], [ -84.444195095787279, 33.837909371647044 ], [ -84.449029744356622, 33.835909738656056 ], [ -84.449292401229982, 33.831111531318456 ], [ -84.444720805093411, 33.82831321865973 ] ] ] } },
{ "type": "Feature", "properties": { "hex_id": "8844c1b883fffff", "lat": 33.645107579366019, "lon": -84.445301863549375, "restaurant_accessibility": 9.8477230938634648, "park_accessibility": 0.91186337669510809, "clinic_accessibility": 0.36903378267805054, "restaurant_norm": 0.15951449541716189, "park_norm": 0.044820737601218456, "clinic_norm": 0.050289416500166148, "user_match_score": 0.10435508806876925, "suitability": 0, "suitability_label": "Most Suitable" }, "geometry": { "type": "Polygon", "coordinates": [ [ [ -84.445564205660673, 33.64030511024459 ], [ -84.440738591679747, 33.642311768706328 ], [ -84.44047604104793, 33.647114048298761 ], [ -84.445039498508152, 33.64990993187628 ], [ -84.449865616282509, 33.64790333538604 ], [ -84.450127772774138, 33.643100793351849 ], [ -84.445564205660673, 33.64030511024459 ] ] ] } },
{ "type": "Feature", "properties": { "hex_id": "8844c1a0a1fffff", "lat": 33.754635602777753, "lon": -84.543231808076314, "restaurant_accessibility": 0.13355004847226115, "park_accessibility": 0.28206047549452434, "clinic_accessibility": 0.20572882731930617, "restaurant_norm": 0.0021632582874172366, "park_norm": 0.013864092892549662, "clinic_norm": 0.028035326760794975, "user_match_score": 0.013682169137281576, "suitability": 2, "suitability_label": "Less Suitable" }, "geometry": { "type": "Polygon", "coordinates": [ [ [ -84.543490282565017, 33.749832717866127 ], [ -84.538656086815237, 33.751840295303246 ], [ -84.538397402987627, 33.756642990566533 ], [ -84.542973310955645, 33.759438369558531 ], [ -84.54780801103432, 33.757430853394943 ], [ -84.54806629878702, 33.752627896971056 ], [ -84.543490282565017, 33.749832717866127 ] ] ] } },
{ "type": "Feature", "properties": { "hex_id": "8844c1af55fffff", "lat": 33.785507137939547, "lon": -84.480130026773452, "restaurant_accessibility": 0.15362559081888233, "park_accessibility": 2.9735480078693679, "clinic_accessibility": 0.62299585901582577, "restaurant_norm": 0.0024884441173927624, "park_norm": 0.14615853472301626, "clinic_norm": 0.084897642715974331, "user_match_score": 0.04981913261738774, "suitability": 1, "suitability_label": "Okay" }, "geometry": { "type": "Polygon", "coordinates": [ [ [ -84.480391244661135, 33.780706839101271 ], [ -84.47555795871294, 33.782710092775972 ], [ -84.475296531614006, 33.787510201574314 ], [ -84.47986878601786, 33.790307318282792 ], [ -84.484702576915723, 33.788304126654069 ], [ -84.484963608430888, 33.783503756276062 ], [ -84.480391244661135, 33.780706839101271 ] ] ] } },
{ "type": "Feature", "properties": { "hex_id": "8844c1a881fffff", "lat": 33.785934025741412, "lon": -84.399825351160828, "restaurant_accessibility": 28.832300466507775, "park_accessibility": 9.2194178976322494, "clinic_accessibility": 5.1045103086443913, "restaurant_norm": 0.46702875545890676, "park_norm": 0.45316120921908387, "clinic_norm": 0.69560798222302611, "user_match_score": 0.55707369154057229, "suitability": 0, "suitability_label": "Most Suitable" }, "geometry": { "type": "Polygon", "coordinates": [ [ [ -84.400089961983539, 33.78113613098089 ], [ -84.395259619103896, 33.783135311875178 ], [ -84.394994799387462, 33.787933016277911 ], [ -84.399560717187171, 33.790731802057707 ], [ -84.404391565430814, 33.78873268406948 ], [ -84.404655990481501, 33.783934717400491 ], [ -84.400089961983539, 33.78113613098089 ] ] ] } },
{ "type": "Feature", "properties": { "hex_id": "8844c1aa95fffff", "lat": 33.753529634917669, "lon": -84.444092370640419, "restaurant_accessibility": 1.0386026858319048, "park_accessibility": 3.4685277264806116, "clinic_accessibility": 0.48193982124091772, "restaurant_norm": 0.016823399865154902, "park_norm": 0.17048822780292314, "clinic_norm": 0.065675484294467207, "user_match_score": 0.051730716430656645, "suitability": 1, "suitability_label": "Okay" }, "geometry": { "type": "Polygon", "coordinates": [ [ [ -84.444355031956547, 33.748729673873846 ], [ -84.439524530520515, 33.750732284987748 ], [ -84.439261660262218, 33.755532055996646 ], [ -84.443829686343221, 33.758329477914714 ], [ -84.448660692609266, 33.756326929131255 ], [ -84.448923167935121, 33.751526896104401 ], [ -84.444355031956547, 33.748729673873846 ] ] ] } },
{ "type": "Feature", "properties": { "hex_id": "8844c1ad63fffff", "lat": 33.830712275403968, "lon": -84.416245382679477, "restaurant_accessibility": 0.26092584340043007, "park_accessibility": 2.0236268661045402, "clinic_accessibility": 1.2867796808404381, "restaurant_norm": 0.0042265053408389501, "park_norm": 0.099467147257493546, "clinic_norm": 0.1753535918693673, "user_match_score": 0.082201404143915746, "suitability": 1, "suitability_label": "Okay" }, "geometry": { "type": "Polygon", "coordinates": [ [ [ -84.416509411853866, 33.825914924842884 ], [ -84.41167641991423, 33.827913282888552 ], [ -84.411412181604021, 33.832710442951345 ], [ -84.415981330392427, 33.835509506917909 ], [ -84.420814828039966, 33.833511211743243 ], [ -84.421078671161936, 33.828713789736149 ], [ -84.416509411853866, 33.825914924842884 ] ] ] } },
{ "type": "Feature", "properties": { "hex_id": "8844c1a993fffff", "lat": 33.803913499819927, "lon": -84.35635354485747, "restaurant_accessibility": 6.8144947934571594, "park_accessibility": 7.7933575637580237, "clinic_accessibility": 3.4404771755336263, "restaurant_norm": 0.11038193175624102, "park_norm": 0.38306619535885067, "clinic_norm": 0.46884485313007268, "user_match_score": 0.28103552666603465, "suitability": 0, "suitability_label": "Most Suitable" }, "geometry": { "type": "Polygon", "coordinates": [ [ [ -84.356620035313014, 33.799117319290495 ], [ -84.351790483238673, 33.801113640276718 ], [ -84.351523783992178, 33.805909630195778 ], [ -84.356087031090325, 33.808709561698187 ], [ -84.360917088919521, 33.806713304139286 ], [ -84.361183393866426, 33.801917051655707 ], [ -84.356620035313014, 33.799117319290495 ] ] ] } },
{ "type": "Feature", "properties": { "hex_id": "8844c1a1c7fffff", "lat": 33.729475798282849, "lon": -84.502067655687412, "restaurant_accessibility": 0.75701459522319059, "park_accessibility": 1.3675724039388233, "clinic_accessibility": 0.59101989311702297, "restaurant_norm": 0.012262205184841331, "park_norm": 0.067220161960846486, "clinic_norm": 0.080540175344259779, "user_match_score": 0.045069188926209224, "suitability": 1, "suitability_label": "Okay" }, "geometry": { "type": "Polygon", "coordinates": [ [ [ -84.502327808818748, 33.724673559026783 ], [ -84.497496268899724, 33.726679982706706 ], [ -84.497235906691216, 33.731482032267621 ], [ -84.501807479789576, 33.734277919770172 ], [ -84.506639524012016, 33.732271557724403 ], [ -84.506899490803576, 33.727469246547123 ], [ -84.502327808818748, 33.724673559026783 ] ] ] } },
{ "type": "Feature", "properties": { "hex_id": "8844c1a193fffff", "lat": 33.767465253761991, "lon": -84.523635367638136, "restaurant_accessibility": 0.28222521419947233, "park_accessibility": 0.739946012169163, "clinic_accessibility": 0.57037681560071829, "restaurant_norm": 0.0045715148778992902, "park_norm": 0.03637049902223579, "clinic_norm": 0.077727076999904846, "user_match_score": 0.037013638141135161, "suitability": 1, "suitability_label": "Okay" }, "geometry": { "type": "Polygon", "coordinates": [ [ [ -84.523894702119222, 33.76266324583775 ], [ -84.519060640184136, 33.76466936156735 ], [ -84.518801096390831, 33.769471179706493 ], [ -84.523376010450377, 33.772267143399269 ], [ -84.528210576938335, 33.770261089193397 ], [ -84.528469724784799, 33.765459009776229 ], [ -84.523894702119222, 33.76266324583775 ] ] ] } },
{ "type": "Feature", "properties": { "hex_id": "8844c1a9a3fffff", "lat": 33.793098668219471, "lon": -84.314498741177289, "restaurant_accessibility": 6.2638548407339973, "park_accessibility": 7.8736891073750908, "clinic_accessibility": 4.4500715837426119, "restaurant_norm": 0.10146260559546595, "park_norm": 0.38701472441438839, "clinic_norm": 0.60642551938293565, "user_match_score": 0.3320029829923461, "suitability": 0, "suitability_label": "Most Suitable" }, "geometry": { "type": "Polygon", "coordinates": [ [ [ -84.31476696956986, 33.788303492369543 ], [ -84.309939465414971, 33.790298098289128 ], [ -84.309671028441784, 33.795093083414578 ], [ -84.31423048933101, 33.797893725590249 ], [ -84.31905849934671, 33.795899183511295 ], [ -84.319326542583056, 33.791103935421063 ], [ -84.31476696956986, 33.788303492369543 ] ] ] } },
{ "type": "Feature", "properties": { "hex_id": "8844c1acc3fffff", "lat": 33.88426863434362, "lon": -84.536244432278522, "restaurant_accessibility": 2.2438320414903998, "park_accessibility": 2.6804907722090174, "clinic_accessibility": 1.6085120861915798, "restaurant_norm": 0.036345836746997782, "park_norm": 0.13175391907842626, "clinic_norm": 0.21919709805703586, "user_match_score": 0.11902714950415585, "suitability": 0, "suitability_label": "Most Suitable" }, "geometry": { "type": "Polygon", "coordinates": [ [ [ -84.536503518871868, 33.879468961199116 ], [ -84.531663664671029, 33.881471410019891 ], [ -84.531404368253803, 33.886270892893329 ], [ -84.535985322973005, 33.889068187648206 ], [ -84.540825682774198, 33.887065800581581 ], [ -84.541084582226659, 33.882266057011208 ], [ -84.536503518871868, 33.879468961199116 ] ] ] } },
{ "type": "Feature", "properties": { "hex_id": "8844c1aa49fffff", "lat": 33.657141636785745, "lon": -84.416348231705015, "restaurant_accessibility": 9.2343390577428632, "park_accessibility": 3.0693612884103203, "clinic_accessibility": 0.52372812203895025, "restaurant_norm": 0.14957883373312342, "park_norm": 0.15086803618517866, "clinic_norm": 0.071370109996255232, "user_match_score": 0.11842426448358168, "suitability": 0, "suitability_label": "Most Suitable" }, "geometry": { "type": "Polygon", "coordinates": [ [ [ -84.416611824770243, 33.652340305264026 ], [ -84.411786732450082, 33.654345061434498 ], [ -84.411522930932051, 33.659146203257016 ], [ -84.416084615602983, 33.661942851556439 ], [ -84.420910211977841, 33.659938157705717 ], [ -84.42117361959798, 33.655136753240889 ], [ -84.416611824770243, 33.652340305264026 ] ] ] } },
{ "type": "Feature", "properties": { "hex_id": "8844c1ab4dfffff", "lat": 33.650787034819444, "lon": -84.341288681491775, "restaurant_accessibility": 0.0, "park_accessibility": 0.35639216407815633, "clinic_accessibility": 0.0, "restaurant_norm": 0.0, "park_norm": 0.017517711619444112, "clinic_norm": 0.0, "user_match_score": 0.0017517711619444113, "suitability": 2, "suitability_label": "Less Suitable" }, "geometry": { "type": "Polygon", "coordinates": [ [ [ -84.341555421976963, 33.64598780717651 ], [ -84.336733397903643, 33.647989011192941 ], [ -84.336466449289858, 33.652788048870541 ], [ -84.341021917709497, 33.655586145846591 ], [ -84.345844446154246, 33.65358500493177 ], [ -84.346111001778723, 33.648785703944256 ], [ -84.341555421976963, 33.64598780717651 ] ] ] } },
{ "type": "Feature", "properties": { "hex_id": "8844c1b8b5fffff", "lat": 33.657933146751738, "lon": -84.425735895417944, "restaurant_accessibility": 7.4838460751229796, "park_accessibility": 2.398249825078373, "clinic_accessibility": 0.5734837368676563, "restaurant_norm": 0.12122415700303818, "park_norm": 0.11788095547996415, "clinic_norm": 0.078150467120159994, "user_match_score": 0.10366036089757949, "suitability": 0, "suitability_label": "Most Suitable" }, "geometry": { "type": "Polygon", "coordinates": [ [ [ -84.425999094544878, 33.653131552621083 ], [ -84.42117361959798, 33.655136753240889 ], [ -84.420910211977841, 33.659938157705717 ], [ -84.425472673286833, 33.662734624114449 ], [ -84.430298652248339, 33.66072948571658 ], [ -84.430561665857141, 33.655927818693108 ], [ -84.425999094544878, 33.653131552621083 ] ] ] } },
{ "type": "Feature", "properties": { "hex_id": "8844c1aaadfffff", "lat": 33.735948547979341, "lon": -84.407298969168977, "restaurant_accessibility": 3.7384581065406199, "park_accessibility": 9.2976681165632105, "clinic_accessibility": 2.4131587938091505, "restaurant_norm": 0.060555953169990039, "park_norm": 0.45700743511166642, "clinic_norm": 0.32884888419220865, "user_match_score": 0.20751827377304513, "suitability": 0, "suitability_label": "Most Suitable" }, "geometry": { "type": "Polygon", "coordinates": [ [ [ -84.40756313992226, 33.731149282155911 ], [ -84.402734797575633, 33.733150682854216 ], [ -84.40247041809576, 33.737949758578829 ], [ -84.407034775312866, 33.740747696014211 ], [ -84.411863622509301, 33.738746357984049 ], [ -84.412127607609634, 33.733947019855421 ], [ -84.40756313992226, 33.731149282155911 ] ] ] } },
{ "type": "Feature", "properties": { "hex_id": "8844c1ac57fffff", "lat": 33.84628413669143, "lon": -84.514645303129811, "restaurant_accessibility": 2.1895910576815938, "park_accessibility": 2.2698335019331322, "clinic_accessibility": 1.313849343471982, "restaurant_norm": 0.035467235360593673, "park_norm": 0.11156891963061716, "clinic_norm": 0.1790424615677394, "user_match_score": 0.10050749427045431, "suitability": 0, "suitability_label": "Most Suitable" }, "geometry": { "type": "Polygon", "coordinates": [ [ [ -84.514905210873792, 33.841484219112701 ], [ -84.510067883924961, 33.843486977043725 ], [ -84.509807766592914, 33.848286704439886 ], [ -84.514385372613603, 33.851083934947333 ], [ -84.519223204912848, 33.849081238883493 ], [ -84.519482925811801, 33.844281250450251 ], [ -84.514905210873792, 33.841484219112701 ] ] ] } },
{ "type": "Feature", "properties": { "hex_id": "8844c1ac27fffff", "lat": 33.856699333802943, "lon": -84.466797808575336, "restaurant_accessibility": 4.0639736879339488, "park_accessibility": 1.4526188093805832, "clinic_accessibility": 0.45092161471776837, "restaurant_norm": 0.065828690149032157, "park_norm": 0.071400440190735839, "clinic_norm": 0.061448533862962423, "user_match_score": 0.064633802638774634, "suitability": 1, "suitability_label": "Okay" }, "geometry": { "type": "Polygon", "coordinates": [ [ [ -84.467059765799704, 33.851901080403806 ], [ -84.462223722751631, 33.853901034635982 ], [ -84.461961556087616, 33.858699097616586 ], [ -84.466535828405185, 33.861497467775955 ], [ -84.471372377150587, 33.85949757595521 ], [ -84.471634147851844, 33.854699251568867 ], [ -84.467059765799704, 33.851901080403806 ] ] ] } },
{ "type": "Feature", "properties": { "hex_id": "8844c132adfffff", "lat": 33.884244402699863, "lon": -84.36605382372214, "restaurant_accessibility": 0.94029239427910793, "park_accessibility": 2.1203946435632051, "clinic_accessibility": 0.20573381338805297, "restaurant_norm": 0.01523095901340811, "park_norm": 0.10422356501982036, "clinic_norm": 0.028036006228365905, "user_match_score": 0.029252238500032453, "suitability": 2, "suitability_label": "Less Suitable" }, "geometry": { "type": "Polygon", "coordinates": [ [ [ -84.366320106846786, 33.879449794641573 ], [ -84.361486528986944, 33.881443635932953 ], [ -84.361220036715423, 33.88623805305275 ], [ -84.365787517284645, 33.889038891040762 ], [ -84.370621601618595, 33.887045113323651 ], [ -84.370887698879855, 33.882250434049354 ], [ -84.366320106846786, 33.879449794641573 ] ] ] } },
{ "type": "Feature", "properties": { "hex_id": "8844c1ae3dfffff", "lat": 33.810677994563925, "lon": -84.521300335151508, "restaurant_accessibility": 0.40520316878991747, "park_accessibility": 2.0491190864751063, "clinic_accessibility": 0.53486196429181676, "restaurant_norm": 0.0065635252326739432, "park_norm": 0.10072016404630534, "clinic_norm": 0.072887354369489288, "user_match_score": 0.04250872076876322, "suitability": 1, "suitability_label": "Okay" }, "geometry": { "type": "Polygon", "coordinates": [ [ [ -84.521559874099623, 33.805877053503053 ], [ -84.516723927709236, 33.807881460334229 ], [ -84.516464179287482, 33.812682211402006 ], [ -84.521040773469934, 33.815478816767779 ], [ -84.525877224836734, 33.813474471621269 ], [ -84.526136577015535, 33.808673459429549 ], [ -84.521559874099623, 33.805877053503053 ] ] ] } },
{ "type": "Feature", "properties": { "hex_id": "8844c10691fffff", "lat": 33.790677946559384, "lon": -84.286342165571824, "restaurant_accessibility": 2.2597095925477459, "park_accessibility": 4.0107623871430942, "clinic_accessibility": 2.462053244326059, "restaurant_norm": 0.036603023055064361, "park_norm": 0.19714063875062696, "clinic_norm": 0.33551188769488993, "user_match_score": 0.17222033048055085, "suitability": 0, "suitability_label": "Most Suitable" }, "geometry": { "type": "Polygon", "coordinates": [ [ [ -84.286611574611825, 33.785883560003263 ], [ -84.281785229224411, 33.787876833050781 ], [ -84.281515611726491, 33.792671028783708 ], [ -84.286072732980514, 33.795472214687905 ], [ -84.290899584345269, 33.793479005774266 ], [ -84.291168808449271, 33.788684546827497 ], [ -84.286611574611825, 33.785883560003263 ] ] ] } },
{ "type": "Feature", "properties": { "hex_id": "8844c1a8b7fffff", "lat": 33.813917480478395, "lon": -84.388838844373666, "restaurant_accessibility": 7.9632136302526542, "park_accessibility": 8.0178517107972382, "clinic_accessibility": 2.7868142569764376, "restaurant_norm": 0.12898900507472266, "park_norm": 0.39410073574572524, "clinic_norm": 0.37976811190740029, "user_match_score": 0.25581182087489396, "suitability": 0, "suitability_label": "Most Suitable" }, "geometry": { "type": "Polygon", "coordinates": [ [ [ -84.389103988935929, 33.809120559544638 ], [ -84.384272776793779, 33.811118152591483 ], [ -84.384007423271257, 33.815914882996296 ], [ -84.388573676609568, 33.818714282606074 ], [ -84.393405394438361, 33.816716752670658 ], [ -84.393670353212954, 33.81191976001913 ], [ -84.389103988935929, 33.809120559544638 ] ] ] } },
{ "type": "Feature", "properties": { "hex_id": "8844c1a8a1fffff", "lat": 33.791128857723642, "lon": -84.375939124270289, "restaurant_accessibility": 25.81344876276588, "park_accessibility": 13.057992614419977, "clinic_accessibility": 5.0744103747849012, "restaurant_norm": 0.41812906548268247, "park_norm": 0.64183832307288469, "clinic_norm": 0.69150616775091334, "user_match_score": 0.54985083214899499, "suitability": 0, "suitability_label": "Most Suitable" }, "geometry": { "type": "Polygon", "coordinates": [ [ [ -84.376204756210484, 33.786331796536906 ], [ -84.371375060823496, 33.788329579050796 ], [ -84.371109220064454, 33.793126449762305 ], [ -84.375673469092945, 33.795925800414274 ], [ -84.380503670014193, 33.793928081078136 ], [ -84.380769116343416, 33.789130947917357 ], [ -84.376204756210484, 33.786331796536906 ] ] ] } },
{ "type": "Feature", "properties": { "hex_id": "8844c1ab67fffff", "lat": 33.670385141675574, "lon": -84.316642770462039, "restaurant_accessibility": 0.25633773760147049, "park_accessibility": 0.45577884477603958, "clinic_accessibility": 0.0, "restaurant_norm": 0.0041521867014473069, "park_norm": 0.02240285609444297, "clinic_norm": 0.0, "user_match_score": 0.0043163789601679504, "suitability": 2, "suitability_label": "Less Suitable" }, "geometry": { "type": "Polygon", "coordinates": [ [ [ -84.316910598250587, 33.665587097668315 ], [ -84.312088599373027, 33.667586337493489 ], [ -84.311820563477639, 33.672384191348144 ], [ -84.316374919281543, 33.675183068824239 ], [ -84.321197422839404, 33.67318389242697 ], [ -84.321465065883828, 33.668385775130645 ], [ -84.316910598250587, 33.665587097668315 ] ] ] } },
{ "type": "Feature", "properties": { "hex_id": "8844c1a98bfffff", "lat": 33.781125507311977, "lon": -84.343466877351617, "restaurant_accessibility": 9.0929970201770125, "park_accessibility": 11.456754151218345, "clinic_accessibility": 3.8193193514542836, "restaurant_norm": 0.1472893599543979, "park_norm": 0.5631327945580189, "clinic_norm": 0.52047089081812936, "user_match_score": 0.33814631576025256, "suitability": 0, "suitability_label": "Most Suitable" }, "geometry": { "type": "Polygon", "coordinates": [ [ [ -84.343733854019064, 33.776329187702778 ], [ -84.338905818903385, 33.778325699103078 ], [ -84.338638633586385, 33.783121828155721 ], [ -84.343199877337383, 33.785921708579849 ], [ -84.348028418054966, 33.783925260672916 ], [ -84.348295209390344, 33.779128868853512 ], [ -84.343733854019064, 33.776329187702778 ] ] ] } },
{ "type": "Feature", "properties": { "hex_id": "8844c13341fffff", "lat": 33.806676414116232, "lon": -84.304306042887134, "restaurant_accessibility": 4.4678615833043498, "park_accessibility": 6.2464794186633794, "clinic_accessibility": 3.1509684440454615, "restaurant_norm": 0.072370910439045755, "park_norm": 0.30703263461466407, "clinic_norm": 0.42939257027242245, "user_match_score": 0.23864574678995826, "suitability": 0, "suitability_label": "Most Suitable" }, "geometry": { "type": "Polygon", "coordinates": [ [ [ -84.304574735411094, 33.801881856856362 ], [ -84.299746991639083, 33.803875446047485 ], [ -84.299478090521973, 33.808669812481142 ], [ -84.304037326867729, 33.811470852724888 ], [ -84.30886557668093, 33.809477327525983 ], [ -84.30913408407784, 33.804682698096101 ], [ -84.304574735411094, 33.801881856856362 ] ] ] } },
{ "type": "Feature", "properties": { "hex_id": "8844c1a989fffff", "lat": 33.773529451749269, "lon": -84.33917298085882, "restaurant_accessibility": 9.1308435633380185, "park_accessibility": 13.748953995258619, "clinic_accessibility": 3.1525801795075377, "restaurant_norm": 0.14790240239863292, "park_norm": 0.67580108496753122, "clinic_norm": 0.42961220663024374, "user_match_score": 0.3133761923481671, "suitability": 0, "suitability_label": "Most Suitable" }, "geometry": { "type": "Polygon", "coordinates": [ [ [ -84.339440119455745, 33.768733086157454 ], [ -84.334612589890966, 33.77072966107302 ], [ -84.334345242691583, 33.775525836126278 ], [ -84.338905818903385, 33.778325699103078 ], [ -84.343733854019064, 33.776329187702778 ], [ -84.34400080734278, 33.771532749815435 ], [ -84.339440119455745, 33.768733086157454 ] ] ] } },
{ "type": "Feature", "properties": { "hex_id": "8844c1ac07fffff", "lat": 33.851494824153363, "lon": -84.490719438801264, "restaurant_accessibility": 5.977379241757335, "park_accessibility": 1.7848024378795457, "clinic_accessibility": 1.0470585667788099, "restaurant_norm": 0.096822242520211807, "park_norm": 0.087728231863139897, "clinic_norm": 0.14268602723221221, "user_match_score": 0.11425835533930478, "suitability": 0, "suitability_label": "Most Suitable" }, "geometry": { "type": "Polygon", "coordinates": [ [ [ -84.490980371514311, 33.846695738395248 ], [ -84.486143685748459, 33.848697094327505 ], [ -84.485882543521427, 33.853495989784939 ], [ -84.490458483229162, 33.856293790536938 ], [ -84.495295674519213, 33.854292496744058 ], [ -84.495556420548155, 33.849493340065038 ], [ -84.490980371514311, 33.846695738395248 ] ] ] } },
{ "type": "Feature", "properties": { "hex_id": "8844c13003fffff", "lat": 33.888606609414509, "lon": -84.332754639951531, "restaurant_accessibility": 1.2909021899299498, "park_accessibility": 1.5549383187532164, "clinic_accessibility": 0.0, "restaurant_norm": 0.020910174818776255, "park_norm": 0.076429741726781186, "clinic_norm": 0.0, "user_match_score": 0.018098061582066248, "suitability": 2, "suitability_label": "Less Suitable" }, "geometry": { "type": "Polygon", "coordinates": [ [ [ -84.333022339996276, 33.883813098946341 ], [ -84.328189799050691, 33.885805094606155 ], [ -84.327921889975258, 33.89059841398624 ], [ -84.332486916474863, 33.893400000131585 ], [ -84.337319964103742, 33.891408068415494 ], [ -84.337587478520348, 33.886614486615379 ], [ -84.333022339996276, 33.883813098946341 ] ] ] } },
{ "type": "Feature", "properties": { "hex_id": "8844c1accdfffff", "lat": 33.8690749436822, "lon": -84.527602278679922, "restaurant_accessibility": 3.1181159592203835, "park_accessibility": 4.2255867494717094, "clinic_accessibility": 2.1962948131884095, "restaurant_norm": 0.050507583239945156, "park_norm": 0.20769988108929516, "clinic_norm": 0.29929613439738867, "user_match_score": 0.16574223348785755, "suitability": 0, "suitability_label": "Most Suitable" }, "geometry": { "type": "Polygon", "coordinates": [ [ [ -84.527861693947116, 33.864275172196557 ], [ -84.523022850797034, 33.866277744593667 ], [ -84.522763225800318, 33.871077325843558 ], [ -84.527342840676511, 33.873874595534737 ], [ -84.532182189326988, 33.87187208493711 ], [ -84.53244141757169, 33.867072242854121 ], [ -84.527861693947116, 33.864275172196557 ] ] ] } },
{ "type": "Feature", "properties": { "hex_id": "8844c1acadfffff", "lat": 33.895479626771049, "lon": -84.497787096415962, "restaurant_accessibility": 0.7063685835592497, "park_accessibility": 2.3170392013732584, "clinic_accessibility": 0.84216585778586994, "restaurant_norm": 0.011441835550311349, "park_norm": 0.11388921708082973, "clinic_norm": 0.11476464099592129, "user_match_score": 0.063015695881607173, "suitability": 1, "suitability_label": "Okay" }, "geometry": { "type": "Polygon", "coordinates": [ [ [ -84.498047838433223, 33.89068135662459 ], [ -84.493208883649729, 33.892681445939928 ], [ -84.492947931916405, 33.897479525612759 ], [ -84.497526331545671, 33.900277776957424 ], [ -84.50236579223683, 33.8982777498424 ], [ -84.502626347361812, 33.893479409187655 ], [ -84.498047838433223, 33.89068135662459 ] ] ] } },
{ "type": "Feature", "properties": { "hex_id": "8844c1a315fffff", "lat": 33.658215033355276, "lon": -84.515365634040919, "restaurant_accessibility": 3.34479721399466, "park_accessibility": 0.9007735149778755, "clinic_accessibility": 1.0848260238580929, "restaurant_norm": 0.054179390989939673, "park_norm": 0.04427563863709142, "clinic_norm": 0.14783271967166614, "user_match_score": 0.09065034722734544, "suitability": 0, "suitability_label": "Most Suitable" }, "geometry": { "type": "Polygon", "coordinates": [ [ [ -84.515625051066692, 33.653410773348682 ], [ -84.510796264512223, 33.655420484968822 ], [ -84.510536638637248, 33.660224555663113 ], [ -84.515106194326052, 33.663019176528806 ], [ -84.519935484438761, 33.661009526173018 ], [ -84.520194715275395, 33.656205193692358 ], [ -84.515625051066692, 33.653410773348682 ] ] ] } },
{ "type": "Feature", "properties": { "hex_id": "8844c1a89bfffff", "lat": 33.802725139830216, "lon": -84.427229870619442, "restaurant_accessibility": 6.4331750661582587, "park_accessibility": 4.3448012101701821, "clinic_accessibility": 1.7740647302308172, "restaurant_norm": 0.10420527312023639, "park_norm": 0.21355961863090234, "clinic_norm": 0.24175748753784462, "user_match_score": 0.17016159343834628, "suitability": 0, "suitability_label": "Most Suitable" }, "geometry": { "type": "Polygon", "coordinates": [ [ [ -84.427493366148838, 33.797926814298251 ], [ -84.422661245008797, 33.799926760396076 ], [ -84.422397540410287, 33.804724895600884 ], [ -84.426966352028245, 33.807523346676824 ], [ -84.431798978553189, 33.805523463244853 ], [ -84.432062288046055, 33.800725066076225 ], [ -84.427493366148838, 33.797926814298251 ] ] ] } },
{ "type": "Feature", "properties": { "hex_id": "8844c1a1a9fffff", "lat": 33.742300190172649, "lon": -84.482480164875682, "restaurant_accessibility": 0.0, "park_accessibility": 1.2115257501473482, "clinic_accessibility": 0.96558448932220886, "restaurant_norm": 0.0, "park_norm": 0.059550014982814647, "clinic_norm": 0.13158329353274403, "user_match_score": 0.058588318911379084, "suitability": 1, "suitability_label": "Okay" }, "geometry": { "type": "Polygon", "coordinates": [ [ [ -84.482741177086496, 33.737498827728984 ], [ -84.477909773234217, 33.7395037907229 ], [ -84.477648551973218, 33.744304963334798 ], [ -84.482219129823832, 33.74710143469138 ], [ -84.487051038202438, 33.745096533581808 ], [ -84.487311864174956, 33.740295099236469 ], [ -84.482741177086496, 33.737498827728984 ] ] ] } },
{ "type": "Feature", "properties": { "hex_id": "8844c1322dfffff", "lat": 33.831076598231, "lon": -84.335965494858272, "restaurant_accessibility": 6.2526251717014434, "park_accessibility": 3.9388485678021699, "clinic_accessibility": 2.579814589861146, "restaurant_norm": 0.10128070618863294, "park_norm": 0.1936058653306624, "clinic_norm": 0.3515596037339403, "user_match_score": 0.21062478112095884, "suitability": 0, "suitability_label": "Most Suitable" }, "geometry": { "type": "Polygon", "coordinates": [ [ [ -84.336232913958952, 33.826281655661411 ], [ -84.331402879988275, 33.82827594259804 ], [ -84.331135252071235, 33.833070694353623 ], [ -84.335698052362446, 33.835871421805329 ], [ -84.340528592449701, 33.833877198599041 ], [ -84.340795826099807, 33.829082184215743 ], [ -84.336232913958952, 33.826281655661411 ] ] ] } },
{ "type": "Feature", "properties": { "hex_id": "8844c1ada9fffff", "lat": 33.89067967945391, "lon": -84.441302048217494, "restaurant_accessibility": 0.0, "park_accessibility": 1.8413217379167461, "clinic_accessibility": 0.0, "restaurant_norm": 0.0, "park_norm": 0.090506319876229285, "clinic_norm": 0.0, "user_match_score": 0.0090506319876229296, "suitability": 2, "suitability_label": "Less Suitable" }, "geometry": { "type": "Polygon", "coordinates": [ [ [ -84.441565167734211, 33.885882976763227 ], [ -84.436728512477586, 33.887880386034993 ], [ -84.436465183488195, 33.89267689805218 ], [ -84.441038905650288, 33.895476262288483 ], [ -84.445876067059899, 33.893478915806334 ], [ -84.446139000125129, 33.888682142303459 ], [ -84.441565167734211, 33.885882976763227 ] ] ] } },
{ "type": "Feature", "properties": { "hex_id": "8844c1b9b7fffff", "lat": 33.659976754727808, "lon": -84.364338131661484, "restaurant_accessibility": 0.12883078452287461, "park_accessibility": 1.0128273319472672, "clinic_accessibility": 0.0, "restaurant_norm": 0.0020868151339642426, "park_norm": 0.049783409708896775, "clinic_norm": 0.0, "user_match_score": 0.0060217485378717996, "suitability": 2, "suitability_label": "Less Suitable" }, "geometry": { "type": "Polygon", "coordinates": [ [ [ -84.364603924183768, 33.655177044060075 ], [ -84.35978062755234, 33.657179072634761 ], [ -84.359514626773347, 33.661978593385264 ], [ -84.364072315918804, 33.664776348642356 ], [ -84.368896116893822, 33.662774382952485 ], [ -84.369161724350604, 33.657974599125723 ], [ -84.364603924183768, 33.655177044060075 ] ] ] } },
{ "type": "Feature", "properties": { "hex_id": "8844c1aa1bfffff", "lat": 33.701935477153185, "lon": -84.432758438397229, "restaurant_accessibility": 0.0, "park_accessibility": 4.4042486571490604, "clinic_accessibility": 0.5729330457588413, "restaurant_norm": 0.0, "park_norm": 0.21648163358423844, "clinic_norm": 0.078075422677526138, "user_match_score": 0.052878332429434301, "suitability": 1, "suitability_label": "Okay" }, "geometry": { "type": "Polygon", "coordinates": [ [ [ -84.433021450324503, 33.697134673845603 ], [ -84.428193715508257, 33.699138611480791 ], [ -84.427930494886951, 33.703939224946659 ], [ -84.432495403471378, 33.706736163104871 ], [ -84.437323642684603, 33.704732287757395 ], [ -84.437586468887261, 33.699931411969096 ], [ -84.433021450324503, 33.697134673845603 ] ] ] } },
{ "type": "Feature", "properties": { "hex_id": "8844c132a9fffff", "lat": 33.885051017278982, "lon": -84.375455774048561, "restaurant_accessibility": 2.4056232347893771, "park_accessibility": 2.072054987494929, "clinic_accessibility": 0.19500075394214056, "restaurant_norm": 0.038966548186184058, "park_norm": 0.10184753030262195, "clinic_norm": 0.026573377812941334, "user_match_score": 0.04029737824853076, "suitability": 1, "suitability_label": "Okay" }, "geometry": { "type": "Polygon", "coordinates": [ [ [ -84.375721662122146, 33.880256147099217 ], [ -84.370887698879855, 33.882250434049354 ], [ -84.370621601618595, 33.887045113323651 ], [ -84.375189862694853, 33.889845767724012 ], [ -84.380024332371491, 33.887851544250125 ], [ -84.38029003450815, 33.883056602904745 ], [ -84.375721662122146, 33.880256147099217 ] ] ] } },
{ "type": "Feature", "properties": { "hex_id": "8844c1ab5bfffff", "lat": 33.675171320546291, "lon": -84.372923668997259, "restaurant_accessibility": 0.0, "park_accessibility": 1.3868887498552798, "clinic_accessibility": 0.0, "restaurant_norm": 0.0, "park_norm": 0.068169616554443285, "clinic_norm": 0.0, "user_match_score": 0.0068169616554443289, "suitability": 2, "suitability_label": "Less Suitable" }, "geometry": { "type": "Polygon", "coordinates": [ [ [ -84.373189137729497, 33.670371697336066 ], [ -84.368364832360214, 33.672373600162594 ], [ -84.368099155277335, 33.677173033419116 ], [ -84.372658177068061, 33.6799708267962 ], [ -84.377482986882313, 33.677968986811464 ], [ -84.377748270431724, 33.673169290612854 ], [ -84.373189137729497, 33.670371697336066 ] ] ] } },
{ "type": "Feature", "properties": { "hex_id": "8844c1a805fffff", "lat": 33.731958368871759, "lon": -84.36034845567913, "restaurant_accessibility": 6.9480279280621451, "park_accessibility": 6.3268698601562505, "clinic_accessibility": 2.3999944670802402, "restaurant_norm": 0.11254491607098677, "park_norm": 0.31098405867213319, "clinic_norm": 0.32705493919072354, "user_match_score": 0.21819283957899613, "suitability": 0, "suitability_label": "Most Suitable" }, "geometry": { "type": "Polygon", "coordinates": [ [ [ -84.360614596826153, 33.727160416155087 ], [ -84.355788174476444, 33.729159593535371 ], [ -84.355521824805805, 33.733957355987187 ], [ -84.360082291266153, 33.736756203885172 ], [ -84.364909218664366, 33.734757089662239 ], [ -84.365175174524509, 33.729959064389 ], [ -84.360614596826153, 33.727160416155087 ] ] ] } },
{ "type": "Feature", "properties": { "hex_id": "8844c11695fffff", "lat": 33.641595126970117, "lon": -84.318249386420675, "restaurant_accessibility": 0.0, "park_accessibility": 0.20195477775273663, "clinic_accessibility": 0.0, "restaurant_norm": 0.0, "park_norm": 0.0099266648187740069, "clinic_norm": 0.0, "user_match_score": 0.00099266648187740073, "suitability": 2, "suitability_label": "Less Suitable" }, "geometry": { "type": "Polygon", "coordinates": [ [ [ -84.318517073921527, 33.636796383141721 ], [ -84.313696323312399, 33.638796763395014 ], [ -84.313428427811147, 33.643595317210142 ], [ -84.317981675546179, 33.646393754320123 ], [ -84.322802930553877, 33.644393437385027 ], [ -84.323070433398797, 33.639594620026692 ], [ -84.318517073921527, 33.636796383141721 ] ] ] } },
{ "type": "Feature", "properties": { "hex_id": "8844c1ab47fffff", "lat": 33.665184017799966, "lon": -84.340488320241462, "restaurant_accessibility": 0.0, "park_accessibility": 0.58897612680197897, "clinic_accessibility": 0.0, "restaurant_norm": 0.0, "park_norm": 0.028949889980722468, "clinic_norm": 0.0, "user_match_score": 0.0028949889980722471, "suitability": 2, "suitability_label": "Less Suitable" }, "geometry": { "type": "Polygon", "coordinates": [ [ [ -84.340755130627073, 33.660385140194563 ], [ -84.335932482114657, 33.662385774245294 ], [ -84.335665463547187, 33.667184461815687 ], [ -84.340221486549638, 33.66998277859944 ], [ -84.345044639574326, 33.667982207705116 ], [ -84.345311265055059, 33.663183256875598 ], [ -84.340755130627073, 33.660385140194563 ] ] ] } },
{ "type": "Feature", "properties": { "hex_id": "8844c1a1d7fffff", "lat": 33.745460907177524, "lon": -84.520098588170825, "restaurant_accessibility": 0.0, "park_accessibility": 0.83032797190379437, "clinic_accessibility": 0.30420954604589662, "restaurant_norm": 0.0, "park_norm": 0.040813035266899882, "clinic_norm": 0.041455609980767472, "user_match_score": 0.020663547518996978, "suitability": 2, "suitability_label": "Less Suitable" }, "geometry": { "type": "Polygon", "coordinates": [ [ [ -84.520358018385735, 33.740658498438755 ], [ -84.515525088641681, 33.742665244876655 ], [ -84.51526544921532, 33.747467463917801 ], [ -84.519839135246173, 33.750263197923182 ], [ -84.524672569352219, 33.748256512977264 ], [ -84.52493181303636, 33.743454032539198 ], [ -84.520358018385735, 33.740658498438755 ] ] ] } },
{ "type": "Feature", "properties": { "hex_id": "8844c1ae37fffff", "lat": 33.825080104351343, "lon": -84.520521581894613, "restaurant_accessibility": 0.13519458113131652, "park_accessibility": 1.5287609720206732, "clinic_accessibility": 0.49348659750266594, "restaurant_norm": 0.0021898966072406005, "park_norm": 0.075143048984226024, "clinic_norm": 0.067249000508748005, "user_match_score": 0.035508853405542107, "suitability": 2, "suitability_label": "Less Suitable" }, "geometry": { "type": "Polygon", "coordinates": [ [ [ -84.520781189051959, 33.820279520051351 ], [ -84.515944614186864, 33.822283356834063 ], [ -84.515684797502075, 33.827083751071804 ], [ -84.520261951994897, 33.829880569604484 ], [ -84.525099031977675, 33.827876794559863 ], [ -84.525358452320759, 33.823076139249714 ], [ -84.520781189051959, 33.820279520051351 ] ] ] } },
{ "type": "Feature", "properties": { "hex_id": "8844c1aa51fffff", "lat": 33.679934985094505, "lon": -84.429246367889434, "restaurant_accessibility": 1.0591909586622121, "park_accessibility": 5.1691396381113135, "clinic_accessibility": 1.5571636222504068, "restaurant_norm": 0.017156890959566747, "park_norm": 0.25407825038828258, "clinic_norm": 0.21219967827871106, "user_match_score": 0.11886614183009606, "suitability": 0, "suitability_label": "Most Suitable" }, "geometry": { "type": "Polygon", "coordinates": [ [ [ -84.429509473473729, 33.675133785684373 ], [ -84.42468286883836, 33.677138354960285 ], [ -84.42441955466046, 33.681939364616568 ], [ -84.428983239303733, 33.68473606744265 ], [ -84.433810348144846, 33.682731560421693 ], [ -84.434073268107838, 33.677930288324767 ], [ -84.429509473473729, 33.675133785684373 ] ] ] } },
{ "type": "Feature", "properties": { "hex_id": "8844c1aa43fffff", "lat": 33.671544930590848, "lon": -84.415557314276469, "restaurant_accessibility": 2.9878074329268025, "park_accessibility": 4.0101681705332259, "clinic_accessibility": 0.77632598190642221, "restaurant_norm": 0.048396831483203819, "park_norm": 0.1971114312756588, "clinic_norm": 0.10579243006067097, "user_match_score": 0.086226530893436182, "suitability": 1, "suitability_label": "Okay" }, "geometry": { "type": "Polygon", "coordinates": [ [ [ -84.415820976461134, 33.666743949512622 ], [ -84.410995258729159, 33.66874813651566 ], [ -84.410731388038286, 33.673548927824854 ], [ -84.415293629045991, 33.676345794727652 ], [ -84.42011985097345, 33.674341670099054 ], [ -84.420383327668588, 33.669540616198269 ], [ -84.415820976461134, 33.666743949512622 ] ] ] } },
{ "type": "Feature", "properties": { "hex_id": "8844c1a9c5fffff", "lat": 33.758337255929106, "lon": -84.330587675734307, "restaurant_accessibility": 5.8262231466232679, "park_accessibility": 10.729272430883491, "clinic_accessibility": 2.182529261970279, "restaurant_norm": 0.094373799563934518, "park_norm": 0.52737495173842097, "clinic_norm": 0.29742025860753751, "user_match_score": 0.21889249839882435, "suitability": 0, "suitability_label": "Most Suitable" }, "geometry": { "type": "Polygon", "coordinates": [ [ [ -84.330855137978645, 33.753540798937991 ], [ -84.326028619362532, 33.755537500949778 ], [ -84.325760948609926, 33.760333767438368 ], [ -84.33032019010804, 33.763133594888892 ], [ -84.335147214172977, 33.761136956436133 ], [ -84.335414491261687, 33.756340426978838 ], [ -84.330855137978645, 33.753540798937991 ] ] ] } },
{ "type": "Feature", "properties": { "hex_id": "8844c1af45fffff", "lat": 33.769518607168479, "lon": -84.462106609778488, "restaurant_accessibility": 0.0, "park_accessibility": 3.0329415791795622, "clinic_accessibility": 0.63583936775048866, "restaurant_norm": 0.0, "park_norm": 0.14907790153051068, "clinic_norm": 0.086647868821004045, "user_match_score": 0.049566937681452691, "suitability": 1, "suitability_label": "Okay" }, "geometry": { "type": "Polygon", "coordinates": [ [ [ -84.462368549790867, 33.764718476672101 ], [ -84.4575366560167, 33.766721408778253 ], [ -84.45727450692759, 33.77152134923714 ], [ -84.461844646841513, 33.774318619393981 ], [ -84.466677045505747, 33.772315749476164 ], [ -84.466938799336802, 33.767515547218323 ], [ -84.462368549790867, 33.764718476672101 ] ] ] } },
{ "type": "Feature", "properties": { "hex_id": "8844c1b895fffff", "lat": 33.652705760768868, "lon": -84.44960343687579, "restaurant_accessibility": 4.5919876792601162, "park_accessibility": 1.4338163570703568, "clinic_accessibility": 0.40152687228485406, "restaurant_norm": 0.074381518513192801, "park_norm": 0.070476244962816445, "clinic_norm": 0.05471735397720557, "user_match_score": 0.066125325343760269, "suitability": 1, "suitability_label": "Okay" }, "geometry": { "type": "Polygon", "coordinates": [ [ [ -84.449865616282509, 33.64790333538604 ], [ -84.445039498508152, 33.64990993187628 ], [ -84.444777110533991, 33.654712167711835 ], [ -84.449341234550957, 33.657508069436787 ], [ -84.454167856168951, 33.655501534896494 ], [ -84.454429849897267, 33.650699036686397 ], [ -84.449865616282509, 33.64790333538604 ] ] ] } },
{ "type": "Feature", "properties": { "hex_id": "8844c1ad3bfffff", "lat": 33.861097034483315, "lon": -84.433472690514407, "restaurant_accessibility": 2.5175414891449144, "park_accessibility": 1.0318761432714765, "clinic_accessibility": 0.32850716799147561, "restaurant_norm": 0.040779412307294226, "park_norm": 0.050719714199018849, "clinic_norm": 0.044766724809110467, "user_match_score": 0.043368367497193187, "suitability": 1, "suitability_label": "Okay" }, "geometry": { "type": "Polygon", "coordinates": [ [ [ -84.433736067445111, 33.856299875620536 ], [ -84.428901052370151, 33.858297982316195 ], [ -84.428637466114921, 33.86309495060955 ], [ -84.433209290518462, 33.865894073885741 ], [ -84.438044811503715, 33.863896029971599 ], [ -84.438308002145888, 33.859098800004922 ], [ -84.433736067445111, 33.856299875620536 ] ] ] } },
{ "type": "Feature", "properties": { "hex_id": "8844c1ae5dfffff", "lat": 33.7842394120892, "lon": -84.55109385175389, "restaurant_accessibility": 0.0, "park_accessibility": 0.28287442910833871, "clinic_accessibility": 0.21967117505732961, "restaurant_norm": 0.0, "park_norm": 0.01390410108048299, "clinic_norm": 0.029935295179131637, "user_match_score": 0.013364528179700954, "suitability": 2, "suitability_label": "Less Suitable" }, "geometry": { "type": "Polygon", "coordinates": [ [ [ -84.551352065766309, 33.779436975889411 ], [ -84.546516232956435, 33.781443861679477 ], [ -84.546257809457273, 33.786246108125574 ], [ -84.550835615124669, 33.789041729760612 ], [ -84.5556719525039, 33.787034905253364 ], [ -84.555929979617289, 33.782232397833525 ], [ -84.551352065766309, 33.779436975889411 ] ] ] } },
{ "type": "Feature", "properties": { "hex_id": "8844c1accbfffff", "lat": 33.877466193623846, "lon": -84.541343458984969, "restaurant_accessibility": 1.9486276685333901, "park_accessibility": 1.8632169672324768, "clinic_accessibility": 1.5650316151647941, "restaurant_norm": 0.031564084036412275, "park_norm": 0.091582534090946008, "clinic_norm": 0.21327187489393848, "user_match_score": 0.11024904538487613, "suitability": 0, "suitability_label": "Most Suitable" }, "geometry": { "type": "Polygon", "coordinates": [ [ [ -84.541602313052124, 33.872666210482677 ], [ -84.536762582756083, 33.874669168277833 ], [ -84.536503518871868, 33.879468961199116 ], [ -84.541084582226659, 33.882266057011208 ], [ -84.545924818031423, 33.88026316089455 ], [ -84.546183484943498, 33.875463107292575 ], [ -84.541602313052124, 33.872666210482677 ] ] ] } },
{ "type": "Feature", "properties": { "hex_id": "8844c1a9dbfffff", "lat": 33.775936292581193, "lon": -84.367343462451274, "restaurant_accessibility": 32.086590116140549, "park_accessibility": 16.822784449646015, "clinic_accessibility": 4.8797231582219167, "restaurant_norm": 0.51974209502528246, "park_norm": 0.82688879366141488, "clinic_norm": 0.66497551668167099, "user_match_score": 0.60855013355145116, "suitability": 0, "suitability_label": "Most Suitable" }, "geometry": { "type": "Polygon", "coordinates": [ [ [ -84.367609418956718, 33.771139138836197 ], [ -84.362780734485739, 33.773137047771655 ], [ -84.362514569255652, 33.777934011077342 ], [ -84.367077482685133, 33.78073332803676 ], [ -84.371906672588693, 33.778735482323086 ], [ -84.372172443600931, 33.773938256433254 ], [ -84.367609418956718, 33.771139138836197 ] ] ] } },
{ "type": "Feature", "properties": { "hex_id": "8844c1a98dfffff", "lat": 33.772725918461653, "lon": -84.329785148697511, "restaurant_accessibility": 3.3839157088175416, "park_accessibility": 12.135162428797178, "clinic_accessibility": 2.8995608208152408, "restaurant_norm": 0.054813036646268007, "park_norm": 0.59647853491010927, "clinic_norm": 0.39513244756985827, "user_match_score": 0.24510735084208826, "suitability": 0, "suitability_label": "Most Suitable" }, "geometry": { "type": "Polygon", "coordinates": [ [ [ -84.330052681096788, 33.767929815754115 ], [ -84.325225536902437, 33.769925946189254 ], [ -84.324957795941486, 33.774721858325215 ], [ -84.329517592907138, 33.777521902948344 ], [ -84.334345242691583, 33.775525836126278 ], [ -84.334612589890966, 33.77072966107302 ], [ -84.330052681096788, 33.767929815754115 ] ] ] } },
{ "type": "Feature", "properties": { "hex_id": "8844c1ac41fffff", "lat": 33.823493014122377, "lon": -84.501695828781052, "restaurant_accessibility": 0.20273498691411992, "park_accessibility": 1.917839403028391, "clinic_accessibility": 0.47692462564453508, "restaurant_norm": 0.0032839234849284774, "park_norm": 0.09426738570854383, "clinic_norm": 0.064992047514381632, "user_match_score": 0.037065519319071275, "suitability": 1, "suitability_label": "Okay" }, "geometry": { "type": "Polygon", "coordinates": [ [ [ -84.501956228361621, 33.81869295215283 ], [ -84.497120417163742, 33.820695895820158 ], [ -84.496859808136435, 33.825495767660463 ], [ -84.501435406392275, 33.828292957079448 ], [ -84.506271722790416, 33.826290075346648 ], [ -84.506531935703308, 33.821489942265536 ], [ -84.501956228361621, 33.81869295215283 ] ] ] } },
{ "type": "Feature", "properties": { "hex_id": "8844c1aa19fffff", "lat": 33.694337880699223, "lon": -84.428456913116165, "restaurant_accessibility": 0.0, "park_accessibility": 4.6751789859346484, "clinic_accessibility": 0.77897585827708826, "restaurant_norm": 0.0, "park_norm": 0.22979864738812864, "clinic_norm": 0.10615353720785764, "user_match_score": 0.065441279621955922, "suitability": 1, "suitability_label": "Okay" }, "geometry": { "type": "Polygon", "coordinates": [ [ [ -84.428720087713643, 33.68953703266537 ], [ -84.423892857244027, 33.691541032610004 ], [ -84.423629473999469, 33.69634169082029 ], [ -84.428193715508257, 33.699138611480791 ], [ -84.433021450324503, 33.697134673845603 ], [ -84.433284439256184, 33.692333753245549 ], [ -84.428720087713643, 33.68953703266537 ] ] ] } },
{ "type": "Feature", "properties": { "hex_id": "8844c1a267fffff", "lat": 33.639333906805291, "lon": -84.549428956183831, "restaurant_accessibility": 0.0, "park_accessibility": 0.15544636104285195, "clinic_accessibility": 0.17891685571939175, "restaurant_norm": 0.0, "park_norm": 0.0076406408431682234, "clinic_norm": 0.024381573445329423, "user_match_score": 0.010516693462448592, "suitability": 2, "suitability_label": "Less Suitable" }, "geometry": { "type": "Polygon", "coordinates": [ [ [ -84.549686888392316, 33.634528205805928 ], [ -84.544857711402415, 33.636540327822857 ], [ -84.544599570284745, 33.641345839733162 ], [ -84.549171001414322, 33.644139491198906 ], [ -84.554000681606908, 33.642127430021226 ], [ -84.554258427438242, 33.63732165654374 ], [ -84.549686888392316, 33.634528205805928 ] ] ] } },
{ "type": "Feature", "properties": { "hex_id": "8844c1b8bbfffff", "lat": 33.659514286809184, "lon": -84.444514699623937, "restaurant_accessibility": 3.0309929849158426, "park_accessibility": 3.1250799178124673, "clinic_accessibility": 0.49516781919709441, "restaurant_norm": 0.049096355776198614, "park_norm": 0.1536067689073814, "clinic_norm": 0.067478105978189498, "user_match_score": 0.066900097170113249, "suitability": 1, "suitability_label": "Okay" }, "geometry": { "type": "Polygon", "coordinates": [ [ [ -84.444777110533991, 33.654712167711835 ], [ -84.439950870938063, 33.656718257516602 ], [ -84.439688251454029, 33.661520187014979 ], [ -84.444252265774949, 33.664316289104804 ], [ -84.449079009305052, 33.662310261326283 ], [ -84.449341234550957, 33.657508069436787 ], [ -84.444777110533991, 33.654712167711835 ] ] ] } },
{ "type": "Feature", "properties": { "hex_id": "8844c1aa59fffff", "lat": 33.673128899189102, "lon": -84.434336165087231, "restaurant_accessibility": 2.7778747084583486, "park_accessibility": 4.9826714875206024, "clinic_accessibility": 0.92469822541342173, "restaurant_norm": 0.04499631825837494, "park_norm": 0.24491279834556365, "clinic_norm": 0.12601159128932499, "user_match_score": 0.097394075479473832, "suitability": 0, "suitability_label": "Most Suitable" }, "geometry": { "type": "Polygon", "coordinates": [ [ [ -84.434599039086095, 33.668327393078187 ], [ -84.429772556059646, 33.670332469275692 ], [ -84.429509473473729, 33.675133785684373 ], [ -84.434073268107838, 33.677930288324767 ], [ -84.438900255249507, 33.675925274306003 ], [ -84.439162943612743, 33.67112369547317 ], [ -84.434599039086095, 33.668327393078187 ] ] ] } },
{ "type": "Feature", "properties": { "hex_id": "8844c1a159fffff", "lat": 33.67865302249777, "lon": -84.500098638499594, "restaurant_accessibility": 0.0, "park_accessibility": 1.8047390812263413, "clinic_accessibility": 0.53589393885412751, "restaurant_norm": 0.0, "park_norm": 0.088708175879900847, "clinic_norm": 0.073027984851080988, "user_match_score": 0.038082011528422478, "suitability": 1, "suitability_label": "Okay" }, "geometry": { "type": "Polygon", "coordinates": [ [ [ -84.500358750276547, 33.6738496814135 ], [ -84.495529595078068, 33.675857872797195 ], [ -84.495269274431806, 33.68066102441373 ], [ -84.499838503971006, 33.683456246488305 ], [ -84.504668163000389, 33.681448116597771 ], [ -84.504928088630621, 33.676644703144653 ], [ -84.500358750276547, 33.6738496814135 ] ] ] } },
{ "type": "Feature", "properties": { "hex_id": "8844c1325dfffff", "lat": 33.820711494572059, "lon": -84.383742046529065, "restaurant_accessibility": 7.4795659727951094, "park_accessibility": 7.8602215297356883, "clinic_accessibility": 1.9364934931547293, "restaurant_norm": 0.1211548274375481, "park_norm": 0.38635275379584305, "clinic_norm": 0.26389217572549384, "user_match_score": 0.2047695593885559, "suitability": 0, "suitability_label": "Most Suitable" }, "geometry": { "type": "Polygon", "coordinates": [ [ [ -84.384007423271257, 33.815914882996296 ], [ -84.379176089972063, 33.817911967574624 ], [ -84.378910504263189, 33.822708388570426 ], [ -84.383476646564176, 33.825507987255634 ], [ -84.388308485640621, 33.823510965864514 ], [ -84.388573676609568, 33.818714282606074 ], [ -84.384007423271257, 33.815914882996296 ] ] ] } },
{ "type": "Feature", "properties": { "hex_id": "8844c1ac5bfffff", "lat": 33.840274522483661, "lon": -84.52915842934425, "restaurant_accessibility": 0.22881175161802975, "park_accessibility": 1.8066371234295742, "clinic_accessibility": 1.185253214232088, "restaurant_norm": 0.0037063177708165796, "park_norm": 0.088801470175648808, "clinic_norm": 0.16151825482242865, "user_match_score": 0.075340607831944628, "suitability": 1, "suitability_label": "Okay" }, "geometry": { "type": "Polygon", "coordinates": [ [ [ -84.52941770825673, 33.835474034526705 ], [ -84.524580123106333, 33.837477747855672 ], [ -84.524320634572177, 33.842278045714828 ], [ -84.528899127713416, 33.845074891186826 ], [ -84.533737218081356, 33.843071239551008 ], [ -84.53399631006134, 33.838270680755315 ], [ -84.52941770825673, 33.835474034526705 ] ] ] } },
{ "type": "Feature", "properties": { "hex_id": "8844c1a855fffff", "lat": 33.726757458782451, "lon": -84.384217806769939, "restaurant_accessibility": 3.8838817220350474, "park_accessibility": 8.5974397426035178, "clinic_accessibility": 2.4837369291968523, "restaurant_norm": 0.062911540794279366, "park_norm": 0.42258917354717213, "clinic_norm": 0.33846679293909898, "user_match_score": 0.20910140492749651, "suitability": 0, "suitability_label": "Most Suitable" }, "geometry": { "type": "Polygon", "coordinates": [ [ [ -84.384482928304763, 33.721958672751313 ], [ -84.379655858232141, 33.723959246720014 ], [ -84.379390528098881, 33.728757842603926 ], [ -84.383952662055222, 33.731556127162605 ], [ -84.388780237006785, 33.729555616079615 ], [ -84.389045173093876, 33.724756757557259 ], [ -84.384482928304763, 33.721958672751313 ] ] ] } },
{ "type": "Feature", "properties": { "hex_id": "8844c13307fffff", "lat": 33.834631989374742, "lon": -84.293304325527103, "restaurant_accessibility": 1.3453906386036012, "park_accessibility": 1.3265862326240712, "clinic_accessibility": 0.74061590829096002, "restaurant_norm": 0.021792784668118747, "park_norm": 0.065205572410781329, "clinic_norm": 0.10092610386075697, "user_match_score": 0.057787391119440298, "suitability": 1, "suitability_label": "Okay" }, "geometry": { "type": "Polygon", "coordinates": [ [ [ -84.293573552912008, 33.82983840791055 ], [ -84.288744943937871, 33.83183040721412 ], [ -84.288475507893892, 33.836623797681888 ], [ -84.293035074595778, 33.839425451826862 ], [ -84.297864189933051, 33.83743351672063 ], [ -84.2981332321759, 33.83263986327708 ], [ -84.293573552912008, 33.82983840791055 ] ] ] } },
{ "type": "Feature", "properties": { "hex_id": "8844c1af23fffff", "lat": 33.804320754173034, "lon": -84.446034675713435, "restaurant_accessibility": 1.7234234540649578, "park_accessibility": 3.5018988859111322, "clinic_accessibility": 0.83492810057774847, "restaurant_norm": 0.027916201546790319, "park_norm": 0.17212851736659085, "clinic_norm": 0.11377832862060186, "user_match_score": 0.076682283958294989, "suitability": 1, "suitability_label": "Okay" }, "geometry": { "type": "Polygon", "coordinates": [ [ [ -84.446297380836597, 33.79952190486383 ], [ -84.441464493023759, 33.801522742339998 ], [ -84.441201578750395, 33.806321401388672 ], [ -84.445771947593983, 33.809119484762576 ], [ -84.450605340710865, 33.807118709756168 ], [ -84.450867859650899, 33.802319788911248 ], [ -84.446297380836597, 33.79952190486383 ] ] ] } },
{ "type": "Feature", "properties": { "hex_id": "8844c11493fffff", "lat": 33.69756740191535, "lon": -84.296279598559522, "restaurant_accessibility": 0.25347685922883334, "park_accessibility": 2.3599614851967732, "clinic_accessibility": 0.0, "restaurant_norm": 0.0041058458807610044, "park_norm": 0.11599897219290727, "clinic_norm": 0.0, "user_match_score": 0.013652820159671231, "suitability": 2, "suitability_label": "Less Suitable" }, "geometry": { "type": "Polygon", "coordinates": [ [ [ -84.296548352576693, 33.692770586872157 ], [ -84.291725875711535, 33.694767798138351 ], [ -84.291456913562513, 33.69956442282394 ], [ -84.296010821067156, 33.702364099754099 ], [ -84.300833802972178, 33.700366952220385 ], [ -84.301102372303447, 33.695570064028963 ], [ -84.296548352576693, 33.692770586872157 ] ] ] } },
{ "type": "Feature", "properties": { "hex_id": "8844c1a953fffff", "lat": 33.729556745723912, "lon": -84.332192098578417, "restaurant_accessibility": 1.2028610340858459, "park_accessibility": 3.9807564915289988, "clinic_accessibility": 0.17202834653019403, "restaurant_norm": 0.019484074550058579, "park_norm": 0.19566576169318528, "clinic_norm": 0.023442854217060268, "user_match_score": 0.03868575513117193, "suitability": 1, "suitability_label": "Okay" }, "geometry": { "type": "Polygon", "coordinates": [ [ [ -84.332459420595356, 33.724759581871915 ], [ -84.327634152655108, 33.726757426414736 ], [ -84.327366622236667, 33.731554399902571 ], [ -84.331924753197882, 33.734353791923816 ], [ -84.336750526304527, 33.732356010831651 ], [ -84.337017663254315, 33.727558774272573 ], [ -84.332459420595356, 33.724759581871915 ] ] ] } },
{ "type": "Feature", "properties": { "hex_id": "8844c1a317fffff", "lat": 33.665813741780397, "lon": -84.519676230927914, "restaurant_accessibility": 0.90104432510699495, "park_accessibility": 1.379556131621724, "clinic_accessibility": 0.72408215749225247, "restaurant_norm": 0.014595214497603362, "park_norm": 0.067809197037467767, "clinic_norm": 0.098672996640620583, "user_match_score": 0.053547725608796691, "suitability": 1, "suitability_label": "Okay" }, "geometry": { "type": "Polygon", "coordinates": [ [ [ -84.519935484438761, 33.661009526173018 ], [ -84.515106194326052, 33.663019176528806 ], [ -84.514846731919093, 33.667823202805685 ], [ -84.519416954739896, 33.670617840450895 ], [ -84.524246748460584, 33.66860825133773 ], [ -84.524505815723487, 33.663803963341906 ], [ -84.519935484438761, 33.661009526173018 ] ] ] } },
{ "type": "Feature", "properties": { "hex_id": "8844c11691fffff", "lat": 33.642392803716746, "lon": -84.327624273875799, "restaurant_accessibility": 0.0, "park_accessibility": 0.39209068385605417, "clinic_accessibility": 0.0, "restaurant_norm": 0.0, "park_norm": 0.019272397714543265, "clinic_norm": 0.0, "user_match_score": 0.0019272397714543265, "suitability": 2, "suitability_label": "Less Suitable" }, "geometry": { "type": "Polygon", "coordinates": [ [ [ -84.327891568679675, 33.637593796378241 ], [ -84.323070433398797, 33.639594620026692 ], [ -84.322802930553877, 33.644393437385027 ], [ -84.327356955730679, 33.647191694559936 ], [ -84.332178595371175, 33.645190934132096 ], [ -84.332445705446062, 33.640391853313673 ], [ -84.327891568679675, 33.637593796378241 ] ] ] } },
{ "type": "Feature", "properties": { "hex_id": "8844c1a15bfffff", "lat": 33.686251412916931, "lon": -84.504408214633415, "restaurant_accessibility": 0.0, "park_accessibility": 1.9638880574970037, "clinic_accessibility": 0.44779913818608508, "restaurant_norm": 0.0, "park_norm": 0.096530811032529584, "clinic_norm": 0.061023023976918174, "user_match_score": 0.034062290694020225, "suitability": 2, "suitability_label": "Less Suitable" }, "geometry": { "type": "Polygon", "coordinates": [ [ [ -84.504668163000389, 33.681448116597771 ], [ -84.499838503971006, 33.683456246488305 ], [ -84.499578346687827, 33.688259353321577 ], [ -84.504148243526771, 33.691054592038604 ], [ -84.50897840643691, 33.689046523619467 ], [ -84.509238168598316, 33.684243155017064 ], [ -84.504668163000389, 33.681448116597771 ] ] ] } },
{ "type": "Feature", "properties": { "hex_id": "8844c1a103fffff", "lat": 33.698294292958678, "lon": -84.475430299570689, "restaurant_accessibility": 0.0, "park_accessibility": 1.0014472329092003, "clinic_accessibility": 0.0, "restaurant_norm": 0.0, "park_norm": 0.049224044736142072, "clinic_norm": 0.0, "user_match_score": 0.0049224044736142078, "suitability": 2, "suitability_label": "Less Suitable" }, "geometry": { "type": "Polygon", "coordinates": [ [ [ -84.475691501267036, 33.693492133981231 ], [ -84.470862359679032, 33.695498359096497 ], [ -84.470600949133697, 33.700300328417583 ], [ -84.475169075027438, 33.703096334599024 ], [ -84.479998720759752, 33.701090171303534 ], [ -84.480259736424927, 33.696287940011963 ], [ -84.475691501267036, 33.693492133981231 ] ] ] } },
{ "type": "Feature", "properties": { "hex_id": "8844c1ab1bfffff", "lat": 33.696369595976108, "lon": -84.367036214767936, "restaurant_accessibility": 0.0, "park_accessibility": 2.2443079362173841, "clinic_accessibility": 0.18576065078861698, "restaurant_norm": 0.0, "park_norm": 0.11031426382108712, "clinic_norm": 0.025314199337139194, "user_match_score": 0.021157106116964391, "suitability": 2, "suitability_label": "Less Suitable" }, "geometry": { "type": "Polygon", "coordinates": [ [ [ -84.36730198472803, 33.691570631033962 ], [ -84.362476933664198, 33.693571456762733 ], [ -84.362210955293705, 33.698370231630172 ], [ -84.366770421580952, 33.701168443681254 ], [ -84.371595977320908, 33.699167680925029 ], [ -84.371861562068304, 33.694368643150177 ], [ -84.36730198472803, 33.691570631033962 ] ] ] } },
{ "type": "Feature", "properties": { "hex_id": "8844c1a9bdfffff", "lat": 33.79390432379914, "lon": -84.323886597978046, "restaurant_accessibility": 7.2857559041971136, "park_accessibility": 7.1188319862491456, "clinic_accessibility": 5.4182376816472848, "restaurant_norm": 0.11801547075534818, "park_norm": 0.34991130101008416, "clinic_norm": 0.7383606169925363, "user_match_score": 0.38934311227569707, "suitability": 0, "suitability_label": "Most Suitable" }, "geometry": { "type": "Polygon", "coordinates": [ [ [ -84.324154432592962, 33.789108885017392 ], [ -84.319326542583056, 33.791103935421063 ], [ -84.31905849934671, 33.795899183511295 ], [ -84.32361873994202, 33.798699644084522 ], [ -84.328447135773658, 33.796704657423689 ], [ -84.328714785158937, 33.791909146451815 ], [ -84.324154432592962, 33.789108885017392 ] ] ] } },
{ "type": "Feature", "properties": { "hex_id": "8844c13007fffff", "lat": 33.88779677206859, "lon": -84.323357346752431, "restaurant_accessibility": 3.4049617450079501, "park_accessibility": 1.8030790680825306, "clinic_accessibility": 0.0, "restaurant_norm": 0.055153942641638282, "park_norm": 0.088626581404856811, "clinic_norm": 0.0, "user_match_score": 0.036439629461304822, "suitability": 1, "suitability_label": "Okay" }, "geometry": { "type": "Polygon", "coordinates": [ [ [ -84.32362544138239, 33.883003524070723 ], [ -84.318793286787553, 33.884995074458864 ], [ -84.318524983167833, 33.889788131335735 ], [ -84.323089228657864, 33.89258990033273 ], [ -84.327921889975258, 33.89059841398624 ], [ -84.328189799050691, 33.885805094606155 ], [ -84.32362544138239, 33.883003524070723 ] ] ] } },
{ "type": "Feature", "properties": { "hex_id": "8844c1aa47fffff", "lat": 33.67075200638984, "lon": -84.406169628205916, "restaurant_accessibility": 3.2528109303579771, "park_accessibility": 4.0923965252329122, "clinic_accessibility": 0.56876426552348325, "restaurant_norm": 0.052689387109880442, "park_norm": 0.20115319411378502, "clinic_norm": 0.077507329631864574, "user_match_score": 0.077462944819064558, "suitability": 1, "suitability_label": "Okay" }, "geometry": { "type": "Polygon", "coordinates": [ [ [ -84.406433684313242, 33.665951287953476 ], [ -84.401608349530591, 33.667955030502597 ], [ -84.401344084957515, 33.672755559136597 ], [ -84.405905549020162, 33.675552607901722 ], [ -84.410731388038286, 33.673548927824854 ], [ -84.410995258729159, 33.66874813651566 ], [ -84.406433684313242, 33.665951287953476 ] ] ] } },
{ "type": "Feature", "properties": { "hex_id": "8844c1aad3fffff", "lat": 33.740716052343302, "lon": -84.463677906089302, "restaurant_accessibility": 0.0, "park_accessibility": 0.94223476934188144, "clinic_accessibility": 0.74213265513430138, "restaurant_norm": 0.0, "park_norm": 0.04631357990105759, "clinic_norm": 0.10113279581501811, "user_match_score": 0.045084476316113002, "suitability": 1, "suitability_label": "Okay" }, "geometry": { "type": "Polygon", "coordinates": [ [ [ -84.463939708617261, 33.735915213551564 ], [ -84.459109068927887, 33.737919285397062 ], [ -84.458847057430489, 33.742719934290101 ], [ -84.463416080654753, 33.745516773244198 ], [ -84.46824722495198, 33.74351276347911 ], [ -84.46850884138793, 33.738711852684666 ], [ -84.463939708617261, 33.735915213551564 ] ] ] } },
{ "type": "Feature", "properties": { "hex_id": "8844c13021fffff", "lat": 33.886175213531331, "lon": -84.30456626286545, "restaurant_accessibility": 2.8838004747993335, "park_accessibility": 2.5215853946452174, "clinic_accessibility": 0.0, "restaurant_norm": 0.046712115403411178, "park_norm": 0.12394325751087541, "clinic_norm": 0.0, "user_match_score": 0.035750383452793133, "suitability": 2, "suitability_label": "Less Suitable" }, "geometry": { "type": "Polygon", "coordinates": [ [ [ -84.304835146322304, 33.881382490723482 ], [ -84.300003765032358, 33.883373150859683 ], [ -84.299734672667682, 33.888165682480825 ], [ -84.304297355878731, 33.890967816640199 ], [ -84.309129243969451, 33.888977220741431 ], [ -84.309397942018919, 33.884184426450879 ], [ -84.304835146322304, 33.881382490723482 ] ] ] } },
{ "type": "Feature", "properties": { "hex_id": "8844c1a145fffff", "lat": 33.668691127433753, "lon": -84.467602540493885, "restaurant_accessibility": 0.0, "park_accessibility": 3.104458540706355, "clinic_accessibility": 0.54417258244095768, "restaurant_norm": 0.0, "park_norm": 0.15259316823443991, "clinic_norm": 0.074156142149779419, "user_match_score": 0.044921773683355759, "suitability": 1, "suitability_label": "Okay" }, "geometry": { "type": "Polygon", "coordinates": [ [ [ -84.467863999782239, 33.663888527889334 ], [ -84.463036492490801, 33.665895445430031 ], [ -84.462774824500883, 33.670697855424237 ], [ -84.467341058343848, 33.673493610038939 ], [ -84.472169069538637, 33.67148675430704 ], [ -84.472430342958077, 33.666684082156749 ], [ -84.467863999782239, 33.663888527889334 ] ] ] } },
{ "type": "Feature", "properties": { "hex_id": "8844c1a33bfffff", "lat": 33.665028509500992, "lon": -84.510276990055274, "restaurant_accessibility": 2.6590913403548542, "park_accessibility": 1.7295092163342589, "clinic_accessibility": 0.9118853095855608, "restaurant_norm": 0.043072252274148896, "park_norm": 0.085010409174625476, "clinic_norm": 0.12426553417777049, "user_match_score": 0.079743380725645185, "suitability": 1, "suitability_label": "Okay" }, "geometry": { "type": "Polygon", "coordinates": [ [ [ -84.510536638637248, 33.660224555663113 ], [ -84.505707729130648, 33.662233760616957 ], [ -84.505447871692766, 33.667037525090706 ], [ -84.510017318763389, 33.669832346418879 ], [ -84.514846731919093, 33.667823202805685 ], [ -84.515106194326052, 33.663019176528806 ], [ -84.510536638637248, 33.660224555663113 ] ] ] } },
{ "type": "Feature", "properties": { "hex_id": "8844c1aa93fffff", "lat": 33.761921350088706, "lon": -84.45779878216635, "restaurant_accessibility": 0.0, "park_accessibility": 2.078384158501831, "clinic_accessibility": 0.69103719573377131, "restaurant_norm": 0.0, "park_norm": 0.10215862746935074, "clinic_norm": 0.094169853776450582, "user_match_score": 0.04788380425751531, "suitability": 1, "suitability_label": "Okay" }, "geometry": { "type": "Polygon", "coordinates": [ [ [ -84.458060885379581, 33.757121173231774 ], [ -84.453229496445203, 33.759124167548343 ], [ -84.452967184202308, 33.763924154385727 ], [ -84.4575366560167, 33.766721408778253 ], [ -84.462368549790867, 33.764718476672101 ], [ -84.462630466881691, 33.759918227968171 ], [ -84.458060885379581, 33.757121173231774 ] ] ] } },
{ "type": "Feature", "properties": { "hex_id": "8844c1ab6bfffff", "lat": 33.66438609141715, "lon": -84.331109921776047, "restaurant_accessibility": 0.0, "park_accessibility": 0.48384582163046974, "clinic_accessibility": 0.0, "restaurant_norm": 0.0, "park_norm": 0.02378242965447696, "clinic_norm": 0.0, "user_match_score": 0.0023782429654476962, "suitability": 2, "suitability_label": "Less Suitable" }, "geometry": { "type": "Polygon", "coordinates": [ [ [ -84.33137712517528, 33.659587477120958 ], [ -84.326554861217588, 33.66158766748368 ], [ -84.326287449677153, 33.666386091711722 ], [ -84.330842695038129, 33.669184588924338 ], [ -84.335665463547187, 33.667184461815687 ], [ -84.335932482114657, 33.662385774245294 ], [ -84.33137712517528, 33.659587477120958 ] ] ] } },
{ "type": "Feature", "properties": { "hex_id": "8844c1a131fffff", "lat": 33.711909253448425, "lon": -84.465248377763132, "restaurant_accessibility": 0.20857104743790661, "park_accessibility": 2.0407081597788665, "clinic_accessibility": 0.3537928624412604, "restaurant_norm": 0.0033784566314033165, "park_norm": 0.10030674253155873, "clinic_norm": 0.048212487444859536, "user_match_score": 0.031004897546801351, "suitability": 2, "suitability_label": "Less Suitable" }, "geometry": { "type": "Polygon", "coordinates": [ [ [ -84.465510042914474, 33.70710770864271 ], [ -84.46068065666644, 33.709112919393561 ], [ -84.460418782652866, 33.713914274439709 ], [ -84.464986689723176, 33.716710680743645 ], [ -84.469816580297078, 33.714705531964881 ], [ -84.470078059445697, 33.709903914915216 ], [ -84.465510042914474, 33.70710770864271 ] ] ] } },
{ "type": "Feature", "properties": { "hex_id": "8844c1ab57fffff", "lat": 33.681175507989131, "lon": -84.3584503912451, "restaurant_accessibility": 0.0, "park_accessibility": 1.1897377468596855, "clinic_accessibility": 0.0, "restaurant_norm": 0.0, "park_norm": 0.058479071239301045, "clinic_norm": 0.0, "user_match_score": 0.0058479071239301052, "suitability": 2, "suitability_label": "Less Suitable" }, "geometry": { "type": "Polygon", "coordinates": [ [ [ -84.358716484995071, 33.676376454724675 ], [ -84.353892443131215, 33.678377406463298 ], [ -84.353626141064808, 33.683176269689433 ], [ -84.35818427424482, 33.68597444422366 ], [ -84.363008820683277, 33.683973555500735 ], [ -84.363274729337945, 33.679174429232894 ], [ -84.358716484995071, 33.676376454724675 ] ] ] } },
{ "type": "Feature", "properties": { "hex_id": "8844c1a8d9fffff", "lat": 33.773933408571203, "lon": -84.428810497974169, "restaurant_accessibility": 0.55467923426319976, "park_accessibility": 5.0876833748448513, "clinic_accessibility": 1.7092512730365572, "restaurant_norm": 0.0089847548848126426, "park_norm": 0.25007443809013541, "clinic_norm": 0.23292514996700114, "user_match_score": 0.12266988123822033, "suitability": 0, "suitability_label": "Most Suitable" }, "geometry": { "type": "Polygon", "coordinates": [ [ [ -84.429073855196009, 33.769134372254996 ], [ -84.424242988095145, 33.771135459831839 ], [ -84.423979421911454, 33.775934305959169 ], [ -84.428547117708604, 33.778732326581476 ], [ -84.433378489911803, 33.776731301562961 ], [ -84.433641661186329, 33.77193219336894 ], [ -84.429073855196009, 33.769134372254996 ] ] ] } },
{ "type": "Feature", "properties": { "hex_id": "8844c1ab11fffff", "lat": 33.695571965349409, "lon": -84.357651970481115, "restaurant_accessibility": 0.0, "park_accessibility": 1.5350605126758632, "clinic_accessibility": 0.0, "restaurant_norm": 0.0, "park_norm": 0.07545268973297263, "clinic_norm": 0.0, "user_match_score": 0.007545268973297263, "suitability": 2, "suitability_label": "Less Suitable" }, "geometry": { "type": "Polygon", "coordinates": [ [ [ -84.357918133991163, 33.690773263364861 ], [ -84.353093467124665, 33.69277364491893 ], [ -84.352827095244848, 33.697572156795587 ], [ -84.357385783711635, 33.700370550113952 ], [ -84.362210955293705, 33.698370231630172 ], [ -84.362476933664198, 33.693571456762733 ], [ -84.357918133991163, 33.690773263364861 ] ] ] } },
{ "type": "Feature", "properties": { "hex_id": "8844c1a801fffff", "lat": 33.732757658042161, "lon": -84.36973623397995, "restaurant_accessibility": 7.1713930613221288, "park_accessibility": 9.3338709130276296, "clinic_accessibility": 2.7440052542763564, "restaurant_norm": 0.1161630089221105, "park_norm": 0.45878690787286341, "clinic_norm": 0.37393439188556887, "user_match_score": 0.25353395200256912, "suitability": 0, "suitability_label": "Most Suitable" }, "geometry": { "type": "Polygon", "coordinates": [ [ [ -84.370001981275891, 33.72795944253722 ], [ -84.365175174524509, 33.729959064389 ], [ -84.364909218664366, 33.734757089662239 ], [ -84.369470463450682, 33.737555755826776 ], [ -84.374297775211033, 33.735556197034562 ], [ -84.374563337146839, 33.730757909023268 ], [ -84.370001981275891, 33.72795944253722 ] ] ] } },
{ "type": "Feature", "properties": { "hex_id": "8844c1ac43fffff", "lat": 33.831090089375053, "lon": -84.50601148708428, "restaurant_accessibility": 1.9404451733633188, "park_accessibility": 1.4515864530178022, "clinic_accessibility": 0.49423344829787075, "restaurant_norm": 0.031431543084979488, "park_norm": 0.071349696872350959, "clinic_norm": 0.067350776260634376, "user_match_score": 0.049791051733978589, "suitability": 1, "suitability_label": "Okay" }, "geometry": { "type": "Polygon", "coordinates": [ [ [ -84.506271722790416, 33.826290075346648 ], [ -84.501435406392275, 33.828292957079448 ], [ -84.501174961192305, 33.833092780960811 ], [ -84.505751228581929, 33.835889984287519 ], [ -84.510588050230382, 33.833887164466837 ], [ -84.510848099209738, 33.829087079412538 ], [ -84.506271722790416, 33.826290075346648 ] ] ] } },
{ "type": "Feature", "properties": { "hex_id": "8844c1aac9fffff", "lat": 33.71032574344089, "lon": -84.446455495527175, "restaurant_accessibility": 0.0, "park_accessibility": 2.9302454275621734, "clinic_accessibility": 0.40110919835192549, "restaurant_norm": 0.0, "park_norm": 0.14403008693247252, "clinic_norm": 0.05466043621151518, "user_match_score": 0.036267183177853324, "suitability": 1, "suitability_label": "Okay" }, "geometry": { "type": "Polygon", "coordinates": [ [ [ -84.446717950148738, 33.705524722827015 ], [ -84.441889328388527, 33.707529043213334 ], [ -84.44162666498552, 33.712329874000794 ], [ -84.446193017951558, 33.715126646578298 ], [ -84.451022144118696, 33.713122388359984 ], [ -84.451284412883751, 33.708321295401255 ], [ -84.446717950148738, 33.705524722827015 ] ] ] } },
{ "type": "Feature", "properties": { "hex_id": "8844c13057fffff", "lat": 33.882629286326598, "lon": -84.347253421170308, "restaurant_accessibility": 0.79179968177515814, "park_accessibility": 2.6090894726255245, "clinic_accessibility": 0.19423202345455765, "restaurant_norm": 0.012825657820185745, "park_norm": 0.12824433749547409, "clinic_norm": 0.02646862044523942, "user_match_score": 0.029824710837736051, "suitability": 2, "suitability_label": "Less Suitable" }, "geometry": { "type": "Polygon", "coordinates": [ [ [ -84.347520494053995, 33.877835202761368 ], [ -84.342687687564251, 33.879828153026025 ], [ -84.3424204056154, 33.884622045586781 ], [ -84.346986324908343, 33.887423250209125 ], [ -84.351819637951351, 33.885430363714697 ], [ -84.352086525118764, 33.880636208832762 ], [ -84.347520494053995, 33.877835202761368 ] ] ] } },
{ "type": "Feature", "properties": { "hex_id": "8844c1a227fffff", "lat": 33.660566720446504, "lon": -84.543566779995245, "restaurant_accessibility": 0.0, "park_accessibility": 0.64912319075113989, "clinic_accessibility": 0.3964418963090407, "restaurant_norm": 0.0, "park_norm": 0.031906293143353741, "clinic_norm": 0.054024408001134568, "user_match_score": 0.024800392514789202, "suitability": 2, "suitability_label": "Less Suitable" }, "geometry": { "type": "Polygon", "coordinates": [ [ [ -84.54382501144633, 33.65576167543464 ], [ -84.538995084167269, 33.657772723536546 ], [ -84.538736643746546, 33.66257757933721 ], [ -84.543308525953421, 33.665371648574677 ], [ -84.548138956666818, 33.663360661443001 ], [ -84.548397001710015, 33.658555544108808 ], [ -84.54382501144633, 33.65576167543464 ] ] ] } },
{ "type": "Feature", "properties": { "hex_id": "8844c114d5fffff", "lat": 33.667983627935456, "lon": -84.28851801571075, "restaurant_accessibility": 0.0, "park_accessibility": 0.0, "clinic_accessibility": 0.0, "restaurant_norm": 0.0, "park_norm": 0.0, "clinic_norm": 0.0, "user_match_score": 0.0, "suitability": 2, "suitability_label": "Less Suitable" }, "geometry": { "type": "Polygon", "coordinates": [ [ [ -84.288787021491061, 33.663186374652291 ], [ -84.283966178559197, 33.665184284272435 ], [ -84.283696964794274, 33.669981347303917 ], [ -84.288248986441218, 33.672780764410867 ], [ -84.293070334169599, 33.670782918511406 ], [ -84.293339155425272, 33.665985591789202 ], [ -84.288787021491061, 33.663186374652291 ] ] ] } },
{ "type": "Feature", "properties": { "hex_id": "8844c1a115fffff", "lat": 33.705892285217786, "lon": -84.479737682262524, "restaurant_accessibility": 0.0, "park_accessibility": 0.92774157969330084, "clinic_accessibility": 0.0, "restaurant_norm": 0.0, "park_norm": 0.04560119746872647, "clinic_norm": 0.0, "user_match_score": 0.0045601197468726476, "suitability": 2, "suitability_label": "Less Suitable" }, "geometry": { "type": "Polygon", "coordinates": [ [ [ -84.479998720759752, 33.701090171303534 ], [ -84.475169075027438, 33.703096334599024 ], [ -84.474907827634269, 33.707898258838782 ], [ -84.479476620930271, 33.710694281691225 ], [ -84.484306770856918, 33.708688180193697 ], [ -84.484567623264127, 33.703885994050907 ], [ -84.479998720759752, 33.701090171303534 ] ] ] } },
{ "type": "Feature", "properties": { "hex_id": "8844c1a1a5fffff", "lat": 33.748313556342502, "lon": -84.467985585624305, "restaurant_accessibility": 0.0, "park_accessibility": 1.1915706882506389, "clinic_accessibility": 1.3216259577513871, "restaurant_norm": 0.0, "park_norm": 0.058569165640745359, "clinic_norm": 0.18010220572346436, "user_match_score": 0.077897798853460293, "suitability": 1, "suitability_label": "Okay" }, "geometry": { "type": "Polygon", "coordinates": [ [ [ -84.46824722495198, 33.74351276347911 ], [ -84.463416080654753, 33.745516773244198 ], [ -84.463154232310643, 33.750317376190864 ], [ -84.467723923401962, 33.753114231211455 ], [ -84.472555572357209, 33.751110283504808 ], [ -84.472817025533971, 33.74630941872428 ], [ -84.46824722495198, 33.74351276347911 ] ] ] } },
{ "type": "Feature", "properties": { "hex_id": "8844c1ade1fffff", "lat": 33.876289212065792, "lon": -84.44209133762817, "restaurant_accessibility": 0.77514472104665877, "park_accessibility": 2.3058319410419994, "clinic_accessibility": 0.20212563254996599, "restaurant_norm": 0.01255587894526442, "park_norm": 0.11333834763330737, "clinic_norm": 0.027544307859567033, "user_match_score": 0.028629497379789759, "suitability": 2, "suitability_label": "Less Suitable" }, "geometry": { "type": "Polygon", "coordinates": [ [ [ -84.442354388011481, 33.871492150185162 ], [ -84.437518361065386, 33.873490131340205 ], [ -84.437255101263162, 33.878287002615956 ], [ -84.441828264203409, 33.881086154279508 ], [ -84.446664797160892, 33.879088235861019 ], [ -84.44692766113748, 33.874291103047625 ], [ -84.442354388011481, 33.871492150185162 ] ] ] } },
{ "type": "Feature", "properties": { "hex_id": "8844c1a9cbfffff", "lat": 33.759942119024558, "lon": -84.349362141472625, "restaurant_accessibility": 24.034456189224667, "park_accessibility": 12.975558275962385, "clinic_accessibility": 3.5958013608664099, "restaurant_norm": 0.38931274926272935, "park_norm": 0.63778643553384473, "clinic_norm": 0.49001137775571624, "user_match_score": 0.45443956928703566, "suitability": 0, "suitability_label": "Most Suitable" }, "geometry": { "type": "Polygon", "coordinates": [ [ [ -84.349628816193629, 33.755145136245361 ], [ -84.344801527281874, 33.757142727116182 ], [ -84.344534643971116, 33.761939519458949 ], [ -84.349095443434848, 33.764738983738155 ], [ -84.353923237716899, 33.762741456230806 ], [ -84.354189727135648, 33.75794440108583 ], [ -84.349628816193629, 33.755145136245361 ] ] ] } },
{ "type": "Feature", "properties": { "hex_id": "8844c1aa29fffff", "lat": 33.683564156666449, "lon": -84.386603066470173, "restaurant_accessibility": 0.0, "park_accessibility": 2.4017416133592486, "clinic_accessibility": 0.53637573728394783, "restaurant_norm": 0.0, "park_norm": 0.1180525870316812, "clinic_norm": 0.073093641067513343, "user_match_score": 0.041042715130173463, "suitability": 1, "suitability_label": "Okay" }, "geometry": { "type": "Polygon", "coordinates": [ [ [ -84.386867979522094, 33.678764314626662 ], [ -84.382042786033793, 33.680766598878165 ], [ -84.381777664543719, 33.685566250979292 ], [ -84.386338130265571, 33.688363881625406 ], [ -84.391163828209841, 33.686361660096352 ], [ -84.391428555947115, 33.681561745203751 ], [ -84.386867979522094, 33.678764314626662 ] ] ] } },
{ "type": "Feature", "properties": { "hex_id": "8844c1a9a9fffff", "lat": 33.778712785484586, "lon": -84.31530335600614, "restaurant_accessibility": 5.7992489247438384, "park_accessibility": 10.349916413896207, "clinic_accessibility": 3.5365722451145345, "restaurant_norm": 0.093936868168590051, "park_norm": 0.50872849994598801, "clinic_norm": 0.48194003629378518, "user_match_score": 0.29061729859640795, "suitability": 0, "suitability_label": "Most Suitable" }, "geometry": { "type": "Polygon", "coordinates": [ [ [ -84.315571514055989, 33.773917254575792 ], [ -84.310744635536054, 33.775912432530973 ], [ -84.310476268959022, 33.780707772784197 ], [ -84.315035174511792, 33.783508198103533 ], [ -84.319862558751126, 33.781513083935081 ], [ -84.320130531689003, 33.776717480665553 ], [ -84.315571514055989, 33.773917254575792 ] ] ] } },
{ "type": "Feature", "properties": { "hex_id": "8844c1ae69fffff", "lat": 33.774272879535545, "lon": -84.518541529872948, "restaurant_accessibility": 0.13075878495185894, "park_accessibility": 1.453316824951816, "clinic_accessibility": 0.6045575708066413, "restaurant_norm": 0.0021180450957190722, "park_norm": 0.071434749686609206, "clinic_norm": 0.082384998077933896, "user_match_score": 0.041156496747694019, "suitability": 1, "suitability_label": "Okay" }, "geometry": { "type": "Polygon", "coordinates": [ [ [ -84.518801096390831, 33.769471179706493 ], [ -84.513966911109478, 33.771476787611064 ], [ -84.513707135272639, 33.776278297603497 ], [ -84.518281940627503, 33.779074460991104 ], [ -84.523116630552977, 33.777068914686232 ], [ -84.523376010450377, 33.772267143399269 ], [ -84.518801096390831, 33.769471179706493 ] ] ] } },
{ "type": "Feature", "properties": { "hex_id": "8844c13349fffff", "lat": 33.799887950037949, "lon": -84.309402567997111, "restaurant_accessibility": 5.3696094904329552, "park_accessibility": 6.4811597905109855, "clinic_accessibility": 3.7474162914102482, "restaurant_norm": 0.086977521635164298, "park_norm": 0.31856785758289052, "clinic_norm": 0.51067243034128584, "user_match_score": 0.27961451871238552, "suitability": 0, "suitability_label": "Most Suitable" }, "geometry": { "type": "Polygon", "coordinates": [ [ [ -84.309671028441784, 33.795093083414578 ], [ -84.30484340444265, 33.797087181008365 ], [ -84.304574735411094, 33.801881856856362 ], [ -84.30913408407784, 33.804682698096101 ], [ -84.313962214027981, 33.802688664418767 ], [ -84.31423048933101, 33.797893725590249 ], [ -84.309671028441784, 33.795093083414578 ] ] ] } },
{ "type": "Feature", "properties": { "hex_id": "8844c1a947fffff", "lat": 33.712760019645351, "lon": -84.304851649425103, "restaurant_accessibility": 0.0, "park_accessibility": 2.8537429019874572, "clinic_accessibility": 0.19660214441233387, "restaurant_norm": 0.0, "park_norm": 0.14026976525243937, "clinic_norm": 0.026791604425558009, "user_match_score": 0.024743618295467139, "suitability": 2, "suitability_label": "Less Suitable" }, "geometry": { "type": "Polygon", "coordinates": [ [ [ -84.305120080921171, 33.707963292983464 ], [ -84.300296593925069, 33.709960376806251 ], [ -84.300027954203131, 33.71475691307419 ], [ -84.30458319447709, 33.717556628896027 ], [ -84.309407186615388, 33.715559608762597 ], [ -84.309675433308229, 33.710762809122912 ], [ -84.305120080921171, 33.707963292983464 ] ] ] } },
{ "type": "Feature", "properties": { "hex_id": "8844c1adebfffff", "lat": 33.877089998944705, "lon": -84.451501417207439, "restaurant_accessibility": 6.2663492495758204, "park_accessibility": 3.5319609044539626, "clinic_accessibility": 0.18133034587820748, "restaurant_norm": 0.10150301030262263, "park_norm": 0.17360615302924307, "clinic_norm": 0.024710467485693263, "user_match_score": 0.077996307448512922, "suitability": 1, "suitability_label": "Okay" }, "geometry": { "type": "Polygon", "coordinates": [ [ [ -84.451764071724526, 33.872292675559677 ], [ -84.44692766113748, 33.874291103047625 ], [ -84.446664797160892, 33.879088235861019 ], [ -84.451238739681784, 33.881887202645515 ], [ -84.456075656239562, 33.879888837795988 ], [ -84.456338124276471, 33.875091443528753 ], [ -84.451764071724526, 33.872292675559677 ] ] ] } },
{ "type": "Feature", "properties": { "hex_id": "8844c13053fffff", "lat": 33.883437158956653, "lon": -84.356653039332997, "restaurant_accessibility": 0.1506797759217974, "park_accessibility": 2.5719045186144749, "clinic_accessibility": 0.20542619943439139, "restaurant_norm": 0.0024407274855965579, "park_norm": 0.12641658883373583, "clinic_norm": 0.027994086688846547, "user_match_score": 0.025059657301710482, "suitability": 2, "suitability_label": "Less Suitable" }, "geometry": { "type": "Polygon", "coordinates": [ [ [ -84.356919717394362, 33.878642813103212 ], [ -84.352086525118764, 33.880636208832762 ], [ -84.351819637951351, 33.885430363714697 ], [ -84.356386337926068, 33.888231385110039 ], [ -84.361220036715423, 33.88623805305275 ], [ -84.361486528986944, 33.881443635932953 ], [ -84.356919717394362, 33.878642813103212 ] ] ] } },
{ "type": "Feature", "properties": { "hex_id": "8844c1a0adfffff", "lat": 33.747037481949334, "lon": -84.538914747995889, "restaurant_accessibility": 0.0, "park_accessibility": 0.70321300909119655, "clinic_accessibility": 0.21179601577051513, "restaurant_norm": 0.0, "park_norm": 0.034564965063596742, "clinic_norm": 0.028862121979361815, "user_match_score": 0.015001345298104402, "suitability": 2, "suitability_label": "Less Suitable" }, "geometry": { "type": "Polygon", "coordinates": [ [ [ -84.539173386532568, 33.742234550568242 ], [ -84.534339695061931, 33.74424218930104 ], [ -84.534080847233369, 33.749044931051763 ], [ -84.538656086815237, 33.751840295303246 ], [ -84.543490282565017, 33.749832717866127 ], [ -84.543748734424696, 33.745029714887067 ], [ -84.539173386532568, 33.742234550568242 ] ] ] } },
{ "type": "Feature", "properties": { "hex_id": "8844c1a107fffff", "lat": 33.697504266753626, "lon": -84.466033304563283, "restaurant_accessibility": 0.0, "park_accessibility": 1.7966939070388788, "clinic_accessibility": 0.34708458046981694, "restaurant_norm": 0.0, "park_norm": 0.088312732164945146, "clinic_norm": 0.047298328357270554, "user_match_score": 0.027750604559402738, "suitability": 2, "suitability_label": "Less Suitable" }, "geometry": { "type": "Polygon", "coordinates": [ [ [ -84.466294901066732, 33.692702369797118 ], [ -84.461466141298217, 33.694708149687251 ], [ -84.461204335986125, 33.699509856953902 ], [ -84.465771685180215, 33.702306046389964 ], [ -84.470600949133697, 33.700300328417583 ], [ -84.470862359679032, 33.695498359096497 ], [ -84.466294901066732, 33.692702369797118 ] ] ] } },
{ "type": "Feature", "properties": { "hex_id": "8844c13049fffff", "lat": 33.853056065147918, "lon": -84.339459424014876, "restaurant_accessibility": 5.3090181670125682, "park_accessibility": 4.292645821854669, "clinic_accessibility": 1.033033402962011, "restaurant_norm": 0.085996056753390365, "park_norm": 0.21099602957367794, "clinic_norm": 0.14077477320135459, "user_match_score": 0.12040754061460482, "suitability": 0, "suitability_label": "Most Suitable" }, "geometry": { "type": "Polygon", "coordinates": [ [ [ -84.339726751204893, 33.8482615272844 ], [ -84.334895584473301, 33.850255177926527 ], [ -84.334628048366156, 33.855049524889587 ], [ -84.339192073432272, 33.857850483723951 ], [ -84.344023746473198, 33.855856896843427 ], [ -84.344290888109299, 33.851062287372002 ], [ -84.339726751204893, 33.8482615272844 ] ] ] } },
{ "type": "Feature", "properties": { "hex_id": "8844c1b88bfffff", "lat": 33.638298134729808, "lon": -84.450389906353664, "restaurant_accessibility": 5.0376088911946608, "park_accessibility": 0.599495762421413, "clinic_accessibility": 0.0, "restaurant_norm": 0.081599739628002377, "park_norm": 0.029466960673338666, "clinic_norm": 0.0, "user_match_score": 0.043746565881335055, "suitability": 1, "suitability_label": "Okay" }, "geometry": { "type": "Polygon", "coordinates": [ [ [ -84.450652017024069, 33.633495359583485 ], [ -84.445826524845032, 33.635502524575521 ], [ -84.445564205660673, 33.64030511024459 ], [ -84.450127772774138, 33.643100793351849 ], [ -84.454953768656111, 33.641093690254991 ], [ -84.455215693692594, 33.636290842160768 ], [ -84.450652017024069, 33.633495359583485 ] ] ] } },
{ "type": "Feature", "properties": { "hex_id": "8844c1ae27fffff", "lat": 33.809092471429359, "lon": -84.502476959110169, "restaurant_accessibility": 0.75475636802617674, "park_accessibility": 2.7434581492858139, "clinic_accessibility": 0.44922163807381643, "restaurant_norm": 0.012225626173791209, "park_norm": 0.1348489488356524, "clinic_norm": 0.061216872596430522, "user_match_score": 0.04408445700903306, "suitability": 1, "suitability_label": "Okay" }, "geometry": { "type": "Polygon", "coordinates": [ [ [ -84.502737290284074, 33.804292052801955 ], [ -84.497902107318708, 33.806295566718788 ], [ -84.497641566751895, 33.811095795286072 ], [ -84.502216605136994, 33.813892771234066 ], [ -84.507052293161323, 33.811889319198286 ], [ -84.5073124377124, 33.807088829338696 ], [ -84.502737290284074, 33.804292052801955 ] ] ] } },
{ "type": "Feature", "properties": { "hex_id": "8844c1af01fffff", "lat": 33.791515374763591, "lon": -84.46562980105486, "restaurant_accessibility": 0.0, "park_accessibility": 3.5415337094799288, "clinic_accessibility": 0.37594120117561203, "restaurant_norm": 0.0, "park_norm": 0.17407668424383305, "clinic_norm": 0.051230712560499658, "user_match_score": 0.037899953448583171, "suitability": 1, "suitability_label": "Okay" }, "geometry": { "type": "Polygon", "coordinates": [ [ [ -84.465891646542588, 33.786715646129906 ], [ -84.461058620453315, 33.788717945812124 ], [ -84.460796565788115, 33.793517484321129 ], [ -84.465367932645506, 33.796314984833025 ], [ -84.470201463816267, 33.794312747370775 ], [ -84.470463123018988, 33.789512947181827 ], [ -84.465891646542588, 33.786715646129906 ] ] ] } },
{ "type": "Feature", "properties": { "hex_id": "8844c1af49fffff", "lat": 33.763508473667606, "lon": -84.476603438310136, "restaurant_accessibility": 0.0, "park_accessibility": 2.3790134673956289, "clinic_accessibility": 1.1107382808156112, "restaurant_norm": 0.0, "park_norm": 0.11693543254074237, "clinic_norm": 0.15136386598878482, "user_match_score": 0.072239089649588167, "suitability": 1, "suitability_label": "Okay" }, "geometry": { "type": "Polygon", "coordinates": [ [ [ -84.476864751024735, 33.758707773228352 ], [ -84.472032597361292, 33.760711658898607 ], [ -84.471771075536168, 33.765512169385183 ], [ -84.476342102724644, 33.768309055905327 ], [ -84.481174761146434, 33.76630523224938 ], [ -84.481435887592284, 33.761504460064138 ], [ -84.476864751024735, 33.758707773228352 ] ] ] } },
{ "type": "Feature", "properties": { "hex_id": "8844c1acebfffff", "lat": 33.882677812211377, "lon": -84.517404521250057, "restaurant_accessibility": 5.5011539636049163, "park_accessibility": 5.9170112947679367, "clinic_accessibility": 1.8693044888766517, "restaurant_norm": 0.089108293394579152, "park_norm": 0.29083831789300363, "clinic_norm": 0.25473611473874275, "user_match_score": 0.17553242438208705, "suitability": 0, "suitability_label": "Most Suitable" }, "geometry": { "type": "Polygon", "coordinates": [ [ [ -84.51766440151242, 33.877878660646644 ], [ -84.512825311132303, 33.879880215164043 ], [ -84.512565221126891, 33.884679176390726 ], [ -84.517144618209585, 33.887476843970759 ], [ -84.52198421427309, 33.88547535140416 ], [ -84.522243907541323, 33.880676129311986 ], [ -84.51766440151242, 33.877878660646644 ] ] ] } },
{ "type": "Feature", "properties": { "hex_id": "8844c13065fffff", "lat": 33.864201828415688, "lon": -84.301079899075376, "restaurant_accessibility": 2.7498159788251946, "park_accessibility": 3.5259390713501979, "clinic_accessibility": 0.43563396691620948, "restaurant_norm": 0.044541819887856361, "park_norm": 0.17331016241450825, "clinic_norm": 0.059365237092619962, "user_match_score": 0.063348021022426995, "suitability": 1, "suitability_label": "Okay" }, "geometry": { "type": "Polygon", "coordinates": [ [ [ -84.3013488737476, 33.859408699129425 ], [ -84.296518625681657, 33.861399996895571 ], [ -84.296249442202395, 33.866192935081251 ], [ -84.300810900870843, 33.868994838294782 ], [ -84.305641655544363, 33.867003604735096 ], [ -84.30591044491247, 33.862210403760443 ], [ -84.3013488737476, 33.859408699129425 ] ] ] } },
{ "type": "Feature", "properties": { "hex_id": "8844c1a125fffff", "lat": 33.695130418848102, "lon": -84.43784927210919, "restaurant_accessibility": 0.6379807829013191, "park_accessibility": 4.885868384650939, "clinic_accessibility": 0.6544418656501032, "restaurant_norm": 0.010334082477782634, "park_norm": 0.24015464423652363, "clinic_norm": 0.089182890839932125, "user_match_score": 0.064855661998516528, "suitability": 1, "suitability_label": "Okay" }, "geometry": { "type": "Polygon", "coordinates": [ [ [ -84.438112052353375, 33.690329308457862 ], [ -84.433284439256184, 33.692333753245549 ], [ -84.433021450324503, 33.697134673845603 ], [ -84.437586468887261, 33.699931411969096 ], [ -84.442414586290823, 33.697927029392972 ], [ -84.442677180796125, 33.693125846486893 ], [ -84.438112052353375, 33.690329308457862 ] ] ] } },
{ "type": "Feature", "properties": { "hex_id": "8844c1a8ddfffff", "lat": 33.773136229624164, "lon": -84.419412208198722, "restaurant_accessibility": 6.9866288885306718, "park_accessibility": 4.8442156844295789, "clinic_accessibility": 3.1127772313701456, "restaurant_norm": 0.11317017864925644, "park_norm": 0.23810729285174703, "clinic_norm": 0.42418813129955218, "user_match_score": 0.25007107112962379, "suitability": 0, "suitability_label": "Most Suitable" }, "geometry": { "type": "Polygon", "coordinates": [ [ [ -84.41967596025647, 33.768337455425055 ], [ -84.414845476552074, 33.770338097656655 ], [ -84.414581515573047, 33.775136681633597 ], [ -84.419148433064507, 33.777934885534457 ], [ -84.423979421911454, 33.775934305959169 ], [ -84.424242988095145, 33.771135459831839 ], [ -84.41967596025647, 33.768337455425055 ] ] ] } },
{ "type": "Feature", "properties": { "hex_id": "8844c1a1cdfffff", "lat": 33.715068727462075, "lon": -84.5028480467939, "restaurant_accessibility": 0.71591147208395445, "park_accessibility": 1.3095029650942762, "clinic_accessibility": 0.0, "restaurant_norm": 0.011596412302046893, "park_norm": 0.064365880115977853, "clinic_norm": 0.0, "user_match_score": 0.012234794162621233, "suitability": 2, "suitability_label": "Less Suitable" }, "geometry": { "type": "Polygon", "coordinates": [ [ [ -84.503108131643671, 33.710266135280349 ], [ -84.498277218848798, 33.7122731279064 ], [ -84.498016924975545, 33.717075530462651 ], [ -84.502587939186583, 33.71987120206537 ], [ -84.507419356143913, 33.717864271019316 ], [ -84.507679254698658, 33.713061606795691 ], [ -84.503108131643671, 33.710266135280349 ] ] ] } },
{ "type": "Feature", "properties": { "hex_id": "8844c1aea3fffff", "lat": 33.863065885191688, "lon": -84.542119953124782, "restaurant_accessibility": 1.0533953166497256, "park_accessibility": 1.3690908318265063, "clinic_accessibility": 1.2399360894696141, "restaurant_norm": 0.017063012516557279, "park_norm": 0.067294797108676266, "clinic_norm": 0.16897006551653435, "user_match_score": 0.082849012175760003, "suitability": 1, "suitability_label": "Okay" }, "geometry": { "type": "Polygon", "coordinates": [ [ [ -84.542378739136268, 33.85826554316828 ], [ -84.537539638183461, 33.860269071485376 ], [ -84.537280642408902, 33.865069223357786 ], [ -84.541861144431067, 33.86786610765089 ], [ -84.546700750751114, 33.865862640959286 ], [ -84.546959349652582, 33.861062228354371 ], [ -84.542378739136268, 33.85826554316828 ] ] ] } },
{ "type": "Feature", "properties": { "hex_id": "8844c1a987fffff", "lat": 33.787113517006546, "lon": -84.328982411140913, "restaurant_accessibility": 7.6952877566845395, "park_accessibility": 8.2917562393509794, "clinic_accessibility": 3.8312817441357789, "restaurant_norm": 0.12464911247984944, "park_norm": 0.40756394012025238, "clinic_norm": 0.52210104441418392, "user_match_score": 0.31192136801762355, "suitability": 0, "suitability_label": "Most Suitable" }, "geometry": { "type": "Polygon", "coordinates": [ [ [ -84.329250013722628, 33.782317769151014 ], [ -84.324422243789797, 33.784313327802423 ], [ -84.324154432592962, 33.789108885017392 ], [ -84.328714785158937, 33.791909146451815 ], [ -84.333543060823217, 33.78991365146743 ], [ -84.333810478160757, 33.785117831386628 ], [ -84.329250013722628, 33.782317769151014 ] ] ] } },
{ "type": "Feature", "properties": { "hex_id": "8844c114dbfffff", "lat": 33.669585260476111, "lon": -84.307266688987269, "restaurant_accessibility": 0.27576194226839784, "park_accessibility": 0.29381206607393395, "clinic_accessibility": 0.0, "restaurant_norm": 0.0044668220924703721, "park_norm": 0.014441717755240889, "clinic_norm": 0.0, "user_match_score": 0.0036775828217592748, "suitability": 2, "suitability_label": "Less Suitable" }, "geometry": { "type": "Polygon", "coordinates": [ [ [ -84.30753490955361, 33.664787479960509 ], [ -84.302713295791619, 33.666786276287944 ], [ -84.302444867159167, 33.671583866617887 ], [ -84.306998444996523, 33.674382924150066 ], [ -84.311820563477639, 33.672384191348144 ], [ -84.312088599373027, 33.667586337493489 ], [ -84.30753490955361, 33.664787479960509 ] ] ] } },
{ "type": "Feature", "properties": { "hex_id": "8844c1af19fffff", "lat": 33.800701586794297, "lon": -84.488753850443246, "restaurant_accessibility": 0.85667318738365128, "park_accessibility": 2.9277390805790087, "clinic_accessibility": 0.36300732990297258, "restaurant_norm": 0.013876485957253252, "park_norm": 0.14390689268721488, "clinic_norm": 0.049468172462763541, "user_match_score": 0.041116201232453534, "suitability": 1, "suitability_label": "Okay" }, "geometry": { "type": "Polygon", "coordinates": [ [ [ -84.489014741221027, 33.79590138213613 ], [ -84.484180445323332, 33.797904511741102 ], [ -84.483919345240139, 33.802704526323531 ], [ -84.488492936821416, 33.805501672750424 ], [ -84.493327737769064, 33.803498605146977 ], [ -84.493588442056307, 33.798698329120313 ], [ -84.489014741221027, 33.79590138213613 ] ] ] } },
{ "type": "Feature", "properties": { "hex_id": "8844c1a8edfffff", "lat": 33.762344715372869, "lon": -84.377532567460221, "restaurant_accessibility": 37.566066711338337, "park_accessibility": 18.630407243033364, "clinic_accessibility": 6.1006331729879433, "restaurant_norm": 0.60849925603621546, "park_norm": 0.91573871238283044, "clinic_norm": 0.83135283801042803, "user_match_score": 0.72836463446056199, "suitability": 0, "suitability_label": "Most Suitable" }, "geometry": { "type": "Polygon", "coordinates": [ [ [ -84.377798060041172, 33.757546944536422 ], [ -84.372969617192638, 33.75954586941819 ], [ -84.372703915899862, 33.764343449917597 ], [ -84.377267051660297, 33.767142368092394 ], [ -84.382095999760523, 33.765143506280587 ], [ -84.382361306819391, 33.760345663229074 ], [ -84.377798060041172, 33.757546944536422 ] ] ] } },
{ "type": "Feature", "properties": { "hex_id": "8844c1a887fffff", "lat": 33.792730602213418, "lon": -84.394729956502246, "restaurant_accessibility": 25.888377491626059, "park_accessibility": 9.1043745447857685, "clinic_accessibility": 4.8305012801767031, "restaurant_norm": 0.41934276922541147, "park_norm": 0.44750649376227414, "clinic_norm": 0.65826789358014137, "user_match_score": 0.51772919142098972, "suitability": 0, "suitability_label": "Most Suitable" }, "geometry": { "type": "Polygon", "coordinates": [ [ [ -84.394994799387462, 33.787933016277911 ], [ -84.390164335227723, 33.789931689011723 ], [ -84.389899283442332, 33.794729084538304 ], [ -84.394465090445223, 33.797528069618451 ], [ -84.399296060059584, 33.795529459866579 ], [ -84.399560717187171, 33.790731802057707 ], [ -84.394994799387462, 33.787933016277911 ] ] ] } },
{ "type": "Feature", "properties": { "hex_id": "8844c13217fffff", "lat": 33.856280002384345, "lon": -84.377050753394684, "restaurant_accessibility": 10.824877739247381, "park_accessibility": 3.958491661668095, "clinic_accessibility": 0.5551924615167978, "restaurant_norm": 0.17534255320445694, "park_norm": 0.19457138053649473, "clinic_norm": 0.075657856395572098, "user_match_score": 0.13739155721410679, "suitability": 0, "suitability_label": "Most Suitable" }, "geometry": { "type": "Polygon", "coordinates": [ [ [ -84.377316501851425, 33.851484415119288 ], [ -84.372483793359635, 33.853479847022541 ], [ -84.372217835822525, 33.858275243519238 ], [ -84.376784981676067, 33.861075470292754 ], [ -84.381618196318868, 33.859080101759318 ], [ -84.381883758927785, 33.85428444308765 ], [ -84.377316501851425, 33.851484415119288 ] ] ] } },
{ "type": "Feature", "properties": { "hex_id": "8844c1ab4bfffff", "lat": 33.659180784294556, "lon": -84.354957418776436, "restaurant_accessibility": 0.11313735395722638, "park_accessibility": 0.71108325500485947, "clinic_accessibility": 0.0, "restaurant_norm": 0.0018326112297537786, "park_norm": 0.034951810545023831, "clinic_norm": 0.0, "user_match_score": 0.0044114866693792726, "suitability": 2, "suitability_label": "Less Suitable" }, "geometry": { "type": "Polygon", "coordinates": [ [ [ -84.355223604547859, 33.654381336753239 ], [ -84.350400691909613, 33.656382921450096 ], [ -84.35013429792204, 33.661182179040978 ], [ -84.354691209752133, 33.663980115099605 ], [ -84.359514626773347, 33.661978593385264 ], [ -84.35978062755234, 33.657179072634761 ], [ -84.355223604547859, 33.654381336753239 ] ] ] } },
{ "type": "Feature", "properties": { "hex_id": "8844c1a8b5fffff", "lat": 33.806321303420759, "lon": -84.384538107099658, "restaurant_accessibility": 8.069552095439299, "park_accessibility": 8.8330794667634578, "clinic_accessibility": 3.4497152126830684, "restaurant_norm": 0.13071148716078509, "park_norm": 0.43417155147233305, "clinic_norm": 0.47010375006487609, "user_match_score": 0.29681439875357629, "suitability": 0, "suitability_label": "Most Suitable" }, "geometry": { "type": "Polygon", "coordinates": [ [ [ -84.384803414191964, 33.801524335547256 ], [ -84.379972707685653, 33.803521991727685 ], [ -84.379707191680282, 33.808318769090114 ], [ -84.384272776793779, 33.811118152591483 ], [ -84.389103988935929, 33.809120559544638 ], [ -84.389369110299469, 33.804323519867935 ], [ -84.384803414191964, 33.801524335547256 ] ] ] } },
{ "type": "Feature", "properties": { "hex_id": "8844c1ad35fffff", "lat": 33.85949387657098, "lon": -84.414660722160832, "restaurant_accessibility": 1.1271441850046509, "park_accessibility": 0.72579615937889552, "clinic_accessibility": 0.29407628269765063, "restaurant_norm": 0.018257604749817091, "park_norm": 0.035674992595267505, "clinic_norm": 0.040074717702213158, "user_match_score": 0.028726188715320559, "suitability": 2, "suitability_label": "Less Suitable" }, "geometry": { "type": "Polygon", "coordinates": [ [ [ -84.414924890056753, 33.854697241239613 ], [ -84.410090643033669, 33.856694455951462 ], [ -84.409826265894537, 33.861490900646984 ], [ -84.414396531134102, 33.864290392476562 ], [ -84.419231284148168, 33.862293240742417 ], [ -84.41949526590237, 33.857496534206142 ], [ -84.414924890056753, 33.854697241239613 ] ] ] } },
{ "type": "Feature", "properties": { "hex_id": "8844c1a909fffff", "lat": 33.720356290950917, "lon": -84.309138916485338, "restaurant_accessibility": 0.0, "park_accessibility": 3.0826384636181383, "clinic_accessibility": 0.22110151912809403, "restaurant_norm": 0.0, "park_norm": 0.15152064797032549, "clinic_norm": 0.030130212750610365, "user_match_score": 0.027204149897276698, "suitability": 2, "suitability_label": "Less Suitable" }, "geometry": { "type": "Polygon", "coordinates": [ [ [ -84.309407186615388, 33.715559608762597 ], [ -84.30458319447709, 33.717556628896027 ], [ -84.304314716074103, 33.722353120672253 ], [ -84.308870622914995, 33.72515285562465 ], [ -84.313695120246635, 33.72315589915894 ], [ -84.313963205514767, 33.718359144078079 ], [ -84.309407186615388, 33.715559608762597 ] ] ] } },
{ "type": "Feature", "properties": { "hex_id": "8844c1ab55fffff", "lat": 33.67357842624736, "lon": -84.354158721932535, "restaurant_accessibility": 0.0, "park_accessibility": 1.2580048821108061, "clinic_accessibility": 0.0, "restaurant_norm": 0.0, "park_norm": 0.061834599527943387, "clinic_norm": 0.0, "user_match_score": 0.0061834599527943387, "suitability": 2, "suitability_label": "Less Suitable" }, "geometry": { "type": "Polygon", "coordinates": [ [ [ -84.354424977471822, 33.668779329104993 ], [ -84.349601440131821, 33.670780343880885 ], [ -84.349334976323064, 33.675579251003121 ], [ -84.353892443131215, 33.678377406463298 ], [ -84.358716484995071, 33.676376454724675 ], [ -84.358982555497732, 33.671577284493615 ], [ -84.354424977471822, 33.668779329104993 ] ] ] } },
{ "type": "Feature", "properties": { "hex_id": "8844c1aacdfffff", "lat": 33.709533046149609, "lon": -84.43706079349819, "restaurant_accessibility": 0.0, "park_accessibility": 3.3804167140867922, "clinic_accessibility": 0.45050486401136031, "restaurant_norm": 0.0, "park_norm": 0.16615731522631075, "clinic_norm": 0.061391741908309379, "user_match_score": 0.041172428285954826, "suitability": 1, "suitability_label": "Okay" }, "geometry": { "type": "Polygon", "coordinates": [ [ [ -84.437323642684603, 33.704732287757395 ], [ -84.432495403471378, 33.706736163104871 ], [ -84.432232345543952, 33.711536731637253 ], [ -84.436797921325009, 33.71433368708233 ], [ -84.44162666498552, 33.712329874000794 ], [ -84.441889328388527, 33.707529043213334 ], [ -84.437323642684603, 33.704732287757395 ] ] ] } },
{ "type": "Feature", "properties": { "hex_id": "8844c1af03fffff", "lat": 33.799112428955269, "lon": -84.469939781706813, "restaurant_accessibility": 0.65550978961680528, "park_accessibility": 3.7457567673195982, "clinic_accessibility": 0.0, "restaurant_norm": 0.010618019245168711, "park_norm": 0.18411484162737146, "clinic_norm": 0.0, "user_match_score": 0.023720493785321501, "suitability": 2, "suitability_label": "Less Suitable" }, "geometry": { "type": "Polygon", "coordinates": [ [ [ -84.470201463816267, 33.794312747370775 ], [ -84.465367932645506, 33.796314984833025 ], [ -84.465106041311472, 33.801114476274947 ], [ -84.4696780766876, 33.803911991872042 ], [ -84.474512112990112, 33.801909816607541 ], [ -84.474773608755569, 33.797110063553362 ], [ -84.470201463816267, 33.794312747370775 ] ] ] } },
{ "type": "Feature", "properties": { "hex_id": "8844c1af35fffff", "lat": 33.811917511841223, "lon": -84.450342798789464, "restaurant_accessibility": 2.5998860340544887, "park_accessibility": 3.5353012838036011, "clinic_accessibility": 0.7762624970649703, "restaurant_norm": 0.042113238249231161, "park_norm": 0.17377034239153691, "clinic_norm": 0.10578377877782622, "user_match_score": 0.080747164874899774, "suitability": 1, "suitability_label": "Okay" }, "geometry": { "type": "Polygon", "coordinates": [ [ [ -84.450605340710865, 33.807118709756168 ], [ -84.445771947593983, 33.809119484762576 ], [ -84.4455091964753, 33.813918096569211 ], [ -84.450080233883682, 33.816716195103176 ], [ -84.454914132355, 33.814715482544308 ], [ -84.455176488034255, 33.809916609009107 ], [ -84.450605340710865, 33.807118709756168 ] ] ] } },
{ "type": "Feature", "properties": { "hex_id": "8844c1a90dfffff", "lat": 33.719553331907804, "lon": -84.299759291011441, "restaurant_accessibility": 0.0, "park_accessibility": 3.6521755151567694, "clinic_accessibility": 0.23803731890364871, "restaurant_norm": 0.0, "park_norm": 0.17951505085302827, "clinic_norm": 0.032438108473586261, "user_match_score": 0.03092674847473733, "suitability": 2, "suitability_label": "Less Suitable" }, "geometry": { "type": "Polygon", "coordinates": [ [ [ -84.300027954203131, 33.71475691307419 ], [ -84.295204347708179, 33.716753489411211 ], [ -84.294935476284365, 33.721549717799746 ], [ -84.299490604347, 33.724349633243889 ], [ -84.304314716074103, 33.722353120672253 ], [ -84.30458319447709, 33.717556628896027 ], [ -84.300027954203131, 33.71475691307419 ] ] ] } },
{ "type": "Feature", "properties": { "hex_id": "8844c13047fffff", "lat": 33.866630620605868, "lon": -84.329261200915823, "restaurant_accessibility": 5.6407729973672973, "park_accessibility": 3.5012897047120584, "clinic_accessibility": 0.80656047220658311, "restaurant_norm": 0.091369857769304119, "park_norm": 0.17209857433853085, "clinic_norm": 0.1099125809702735, "user_match_score": 0.10685981870661454, "suitability": 0, "suitability_label": "Most Suitable" }, "geometry": { "type": "Polygon", "coordinates": [ [ [ -84.329528992788326, 33.86183670330054 ], [ -84.324697585317836, 33.863829336000705 ], [ -84.324429584515499, 33.868623062304103 ], [ -84.328993385608882, 33.871424418452058 ], [ -84.333825299569696, 33.869431849664743 ], [ -84.334092905917416, 33.864637860821688 ], [ -84.329528992788326, 33.86183670330054 ] ] ] } },
{ "type": "Feature", "properties": { "hex_id": "8844c13039fffff", "lat": 33.895391613592466, "lon": -84.327653957450053, "restaurant_accessibility": 1.5472639064783194, "park_accessibility": 0.97141554498560945, "clinic_accessibility": 0.0, "restaurant_norm": 0.025062749933827275, "park_norm": 0.047747899911658113, "clinic_norm": 0.0, "user_match_score": 0.017306164958079448, "suitability": 2, "suitability_label": "Less Suitable" }, "geometry": { "type": "Polygon", "coordinates": [ [ [ -84.327921889975258, 33.89059841398624 ], [ -84.323089228657864, 33.89258990033273 ], [ -84.322821087095647, 33.897382908800253 ], [ -84.327386001472007, 33.900184693361922 ], [ -84.332219169563217, 33.898193271034671 ], [ -84.332486916474863, 33.893400000131585 ], [ -84.327921889975258, 33.89059841398624 ] ] ] } },
{ "type": "Feature", "properties": { "hex_id": "8844c1a225fffff", "lat": 33.652967750892429, "lon": -84.539253501982316, "restaurant_accessibility": 0.0, "park_accessibility": 0.4271887403042573, "clinic_accessibility": 0.44070015855424527, "restaurant_norm": 0.0, "park_norm": 0.020997569290222916, "clinic_norm": 0.060055623266768984, "user_match_score": 0.026122006235729887, "suitability": 2, "suitability_label": "Less Suitable" }, "geometry": { "type": "Polygon", "coordinates": [ [ [ -84.539511897194657, 33.648162661468497 ], [ -84.534682473300336, 33.650173770562354 ], [ -84.534423869165209, 33.654978670793298 ], [ -84.538995084167269, 33.657772723536546 ], [ -84.54382501144633, 33.65576167543464 ], [ -84.544083220309645, 33.650956513602708 ], [ -84.539511897194657, 33.648162661468497 ] ] ] } },
{ "type": "Feature", "properties": { "hex_id": "8844c13359fffff", "lat": 33.815885515315259, "lon": -84.32737630413817, "restaurant_accessibility": 6.9627108209550794, "park_accessibility": 4.263349715982736, "clinic_accessibility": 2.8975014439990128, "restaurant_norm": 0.11278275117548317, "park_norm": 0.20955604074686221, "clinic_norm": 0.39485180968979611, "user_match_score": 0.23528770353834627, "suitability": 0, "suitability_label": "Most Suitable" }, "geometry": { "type": "Polygon", "coordinates": [ [ [ -84.327644047167297, 33.811090478867946 ], [ -84.322815025276455, 33.813084893331613 ], [ -84.322547073525286, 33.817879739000695 ], [ -84.327108537690407, 33.820680432973752 ], [ -84.33193806559558, 33.81868608228465 ], [ -84.332205623291955, 33.813890973852949 ], [ -84.327644047167297, 33.811090478867946 ] ] ] } },
{ "type": "Feature", "properties": { "hex_id": "8844c1326bfffff", "lat": 33.818301329248669, "lon": -84.355553933609045, "restaurant_accessibility": 9.0001747210469123, "park_accessibility": 7.5955404731403364, "clinic_accessibility": 2.7414447833579167, "restaurant_norm": 0.14578581420396697, "park_norm": 0.3733429098994146, "clinic_norm": 0.37358546830594552, "user_match_score": 0.25966138541430317, "suitability": 0, "suitability_label": "Most Suitable" }, "geometry": { "type": "Polygon", "coordinates": [ [ [ -84.355820494008526, 33.813505504862142 ], [ -84.350990315507815, 33.815501253948362 ], [ -84.350723546263879, 33.820296887655672 ], [ -84.355287349888854, 33.823097034794678 ], [ -84.360118034285847, 33.821101349189433 ], [ -84.36038440913228, 33.816305452969267 ], [ -84.355820494008526, 33.813505504862142 ] ] ] } },
{ "type": "Feature", "properties": { "hex_id": "8844c1a9edfffff", "lat": 33.756729889652455, "lon": -84.311817867282286, "restaurant_accessibility": 5.6820734016373491, "park_accessibility": 9.6956791377797646, "clinic_accessibility": 1.9937951617442555, "restaurant_norm": 0.092038846233426078, "park_norm": 0.47657083462990907, "clinic_norm": 0.27170085778419628, "user_match_score": 0.20235684969338247, "suitability": 0, "suitability_label": "Most Suitable" }, "geometry": { "type": "Polygon", "coordinates": [ [ [ -84.312086116593704, 33.751933958782153 ], [ -84.307260369075394, 33.753929772320575 ], [ -84.30699191133732, 33.758725512622341 ], [ -84.311549594523882, 33.761525702525653 ], [ -84.316375847569091, 33.759529952741751 ], [ -84.316643911871495, 33.754733949305006 ], [ -84.312086116593704, 33.751933958782153 ] ] ] } },
{ "type": "Feature", "properties": { "hex_id": "8844c1a039fffff", "lat": 33.710619696965104, "lon": -84.536150995577444, "restaurant_accessibility": 0.0, "park_accessibility": 0.63078785223106382, "clinic_accessibility": 0.0, "restaurant_norm": 0.0, "park_norm": 0.031005057917067619, "clinic_norm": 0.0, "user_match_score": 0.0031005057917067621, "suitability": 2, "suitability_label": "Less Suitable" }, "geometry": { "type": "Polygon", "coordinates": [ [ [ -84.536409662217437, 33.705816013095827 ], [ -84.531577730069529, 33.707824850332777 ], [ -84.531318854292095, 33.712628344729119 ], [ -84.535892306299246, 33.715423263291768 ], [ -84.540724742394772, 33.713414487264401 ], [ -84.540983222506483, 33.708610731470031 ], [ -84.536409662217437, 33.705816013095827 ] ] ] } },
{ "type": "Feature", "properties": { "hex_id": "8844c1a025fffff", "lat": 33.700660598435469, "lon": -84.503628233082466, "restaurant_accessibility": 0.0, "park_accessibility": 1.3543997846948477, "clinic_accessibility": 0.0, "restaurant_norm": 0.0, "park_norm": 0.066572689405478794, "clinic_norm": 0.0, "user_match_score": 0.0066572689405478801, "suitability": 2, "suitability_label": "Less Suitable" }, "geometry": { "type": "Polygon", "coordinates": [ [ [ -84.503888249677445, 33.695857653899282 ], [ -84.499057963845772, 33.697865215262318 ], [ -84.498797738280956, 33.702667970242764 ], [ -84.503368193738851, 33.705463425583645 ], [ -84.508198983592123, 33.703455925746383 ], [ -84.508458813936812, 33.698652909047624 ], [ -84.503888249677445, 33.695857653899282 ] ] ] } },
{ "type": "Feature", "properties": { "hex_id": "8844c1a9c9fffff", "lat": 33.752345816747983, "lon": -84.34506838726108, "restaurant_accessibility": 13.850205582698317, "park_accessibility": 10.215176040270757, "clinic_accessibility": 2.0420418285489061, "restaurant_norm": 0.22434714439978465, "park_norm": 0.50210561861869496, "clinic_norm": 0.27827558572394301, "user_match_score": 0.27369436835133903, "suitability": 0, "suitability_label": "Most Suitable" }, "geometry": { "type": "Polygon", "coordinates": [ [ [ -84.345335223911775, 33.747548788417546 ], [ -84.340508440319354, 33.749546442673676 ], [ -84.340241395125972, 33.754343280585729 ], [ -84.344801527281874, 33.757142727116182 ], [ -84.349628816193629, 33.755145136245361 ], [ -84.349895467600888, 33.750348035463801 ], [ -84.345335223911775, 33.747548788417546 ] ] ] } },
{ "type": "Feature", "properties": { "hex_id": "8844c1a8e9fffff", "lat": 33.763144326839871, "lon": -84.386925035604747, "restaurant_accessibility": 52.977605789697122, "park_accessibility": 19.500467270911773, "clinic_accessibility": 6.9009773593813399, "restaurant_norm": 0.85813705111375838, "park_norm": 0.95850469378257031, "clinic_norm": 0.94041830578668761, "user_match_score": 0.90108631724981136, "suitability": 0, "suitability_label": "Most Suitable" }, "geometry": { "type": "Polygon", "coordinates": [ [ [ -84.387190133911133, 33.7583462934845 ], [ -84.382361306819391, 33.760345663229074 ], [ -84.382095999760523, 33.765143506280587 ], [ -84.386659914112045, 33.76794224206121 ], [ -84.391489246415745, 33.765942935288706 ], [ -84.391754159126762, 33.761144829768575 ], [ -84.387190133911133, 33.7583462934845 ] ] ] } },
{ "type": "Feature", "properties": { "hex_id": "8844c1adc9fffff", "lat": 33.864295780875224, "lon": -84.471110583518481, "restaurant_accessibility": 10.491497312413236, "park_accessibility": 2.6767562746923637, "clinic_accessibility": 0.26388982366558467, "restaurant_norm": 0.16994242059902812, "park_norm": 0.13157035766172259, "clinic_norm": 0.035961112167477764, "user_match_score": 0.11251269093267743, "suitability": 0, "suitability_label": "Most Suitable" }, "geometry": { "type": "Polygon", "coordinates": [ [ [ -84.471372377150587, 33.85949757595521 ], [ -84.466535828405185, 33.861497467775955 ], [ -84.466273825286294, 33.86629548225968 ], [ -84.470848766952571, 33.869093866265736 ], [ -84.475685821445595, 33.867094036833976 ], [ -84.475947428495473, 33.862295761012383 ], [ -84.471372377150587, 33.85949757595521 ] ] ] } },
{ "type": "Feature", "properties": { "hex_id": "8844c13029fffff", "lat": 33.879391512484126, "lon": -84.30966661655637, "restaurant_accessibility": 3.8181977128160991, "park_accessibility": 3.6517143666469893, "clinic_accessibility": 0.34227012114169397, "restaurant_norm": 0.061847584031109841, "park_norm": 0.17949238406227835, "clinic_norm": 0.04664224655191912, "user_match_score": 0.06752992904255041, "suitability": 1, "suitability_label": "Okay" }, "geometry": { "type": "Polygon", "coordinates": [ [ [ -84.309935267584891, 33.874598478904048 ], [ -84.30510400625235, 33.876589648279541 ], [ -84.304835146322304, 33.881382490723482 ], [ -84.309397942018919, 33.884184426450879 ], [ -84.314229710061809, 33.88219332123731 ], [ -84.314498175668348, 33.877400216139449 ], [ -84.309935267584891, 33.874598478904048 ] ] ] } },
{ "type": "Feature", "properties": { "hex_id": "8844c13301fffff", "lat": 33.82784609084429, "lon": -84.298402250890078, "restaurant_accessibility": 2.6454363690326965, "park_accessibility": 2.1846022967409247, "clinic_accessibility": 2.098091040432557, "restaurant_norm": 0.042851067555648117, "park_norm": 0.10737955795540555, "clinic_norm": 0.28591359149259654, "user_match_score": 0.14652892617040325, "suitability": 0, "suitability_label": "Most Suitable" }, "geometry": { "type": "Polygon", "coordinates": [ [ [ -84.298671246078726, 33.823052199485296 ], [ -84.293842756753492, 33.825044707497227 ], [ -84.293573552912008, 33.82983840791055 ], [ -84.2981332321759, 33.83263986327708 ], [ -84.30296222777406, 33.830647419386786 ], [ -84.303231037806015, 33.825853456013292 ], [ -84.298671246078726, 33.823052199485296 ] ] ] } },
{ "type": "Feature", "properties": { "hex_id": "8844c1a9d1fffff", "lat": 33.775134639085174, "lon": -84.357952138023578, "restaurant_accessibility": 27.381511998763386, "park_accessibility": 14.37504910841284, "clinic_accessibility": 5.8229651715852455, "restaurant_norm": 0.44352872523024484, "park_norm": 0.70657548110765978, "clinic_norm": 0.79351412939688315, "user_match_score": 0.60982756248464165, "suitability": 0, "suitability_label": "Most Suitable" }, "geometry": { "type": "Polygon", "coordinates": [ [ [ -84.358218488673558, 33.77033774797458 ], [ -84.353390188970309, 33.772335212140362 ], [ -84.353123629636386, 33.777131912778529 ], [ -84.357685764080273, 33.779931411923485 ], [ -84.362514569255652, 33.777934011077342 ], [ -84.362780734485739, 33.773137047771655 ], [ -84.358218488673558, 33.77033774797458 ] ] ] } },
{ "type": "Feature", "properties": { "hex_id": "8844c1af0dfffff", "lat": 33.783918288779084, "lon": -84.461320652181939, "restaurant_accessibility": 0.0, "park_accessibility": 3.9290785244465267, "clinic_accessibility": 0.43223799919646122, "restaurant_norm": 0.0, "park_norm": 0.19312563927839688, "clinic_norm": 0.058902457685704436, "user_match_score": 0.042873547002121468, "suitability": 1, "suitability_label": "Okay" }, "geometry": { "type": "Polygon", "coordinates": [ [ [ -84.461582660977015, 33.779118513285262 ], [ -84.456750139918995, 33.781120875209631 ], [ -84.456487921993528, 33.785920460596678 ], [ -84.461058620453315, 33.788717945812124 ], [ -84.465891646542588, 33.786715646129906 ], [ -84.466153469111632, 33.781915798995257 ], [ -84.461582660977015, 33.779118513285262 ] ] ] } },
{ "type": "Feature", "properties": { "hex_id": "8844c1ae2dfffff", "lat": 33.79469085933227, "lon": -84.503257884246125, "restaurant_accessibility": 1.032849612773256, "park_accessibility": 3.0386421863686972, "clinic_accessibility": 0.47601055539800941, "restaurant_norm": 0.016730210958714152, "park_norm": 0.14935810295708607, "clinic_norm": 0.064867484231843242, "user_match_score": 0.049247909467802983, "suitability": 1, "suitability_label": "Okay" }, "geometry": { "type": "Polygon", "coordinates": [ [ [ -84.503518147040225, 33.789890084616566 ], [ -84.498683592145966, 33.791894168575318 ], [ -84.498423120012774, 33.796694753300123 ], [ -84.502997598661736, 33.799491515415156 ], [ -84.507832658473689, 33.797487493283889 ], [ -84.508092734689811, 33.792686647215298 ], [ -84.503518147040225, 33.789890084616566 ] ] ] } },
{ "type": "Feature", "properties": { "hex_id": "8844c13283fffff", "lat": 33.894257862388315, "lon": -84.398568355523125, "restaurant_accessibility": 0.0, "park_accessibility": 0.6455163447769211, "clinic_accessibility": 0.0, "restaurant_norm": 0.0, "park_norm": 0.031729006171302747, "clinic_norm": 0.0, "user_match_score": 0.003172900617130275, "suitability": 2, "suitability_label": "Less Suitable" }, "geometry": { "type": "Polygon", "coordinates": [ [ [ -84.398833290267405, 33.889462516960826 ], [ -84.39399805051174, 33.89145763223889 ], [ -84.393732906450992, 33.896252786809377 ], [ -84.398303397576115, 33.89905308794323 ], [ -84.403139143737135, 33.897058035922839 ], [ -84.403403892338332, 33.892262619516075 ], [ -84.398833290267405, 33.889462516960826 ] ] ] } },
{ "type": "Feature", "properties": { "hex_id": "8844c1af1bfffff", "lat": 33.808298762431399, "lon": -84.493067010652666, "restaurant_accessibility": 0.86294641851921816, "park_accessibility": 2.8792651555345219, "clinic_accessibility": 0.39654335804400676, "restaurant_norm": 0.013978100441097617, "park_norm": 0.14152425825924342, "clinic_norm": 0.054038234516993112, "user_match_score": 0.042756769853270399, "suitability": 1, "suitability_label": "Okay" }, "geometry": { "type": "Polygon", "coordinates": [ [ [ -84.493327737769064, 33.803498605146977 ], [ -84.488492936821416, 33.805501672750424 ], [ -84.488232000352511, 33.810301639941258 ], [ -84.492806260704171, 33.813098800910296 ], [ -84.497641566751895, 33.811095795286072 ], [ -84.497902107318708, 33.806295566718788 ], [ -84.493327737769064, 33.803498605146977 ] ] ] } },
{ "type": "Feature", "properties": { "hex_id": "8844c1adc1fffff", "lat": 33.871093377190995, "lon": -84.466011799215636, "restaurant_accessibility": 13.67512797859114, "park_accessibility": 3.3543093017000318, "clinic_accessibility": 0.21180193940505801, "restaurant_norm": 0.2215112182256008, "park_norm": 0.16487405996029184, "clinic_norm": 0.028862929212029133, "user_match_score": 0.13878818679364122, "suitability": 0, "suitability_label": "Most Suitable" }, "geometry": { "type": "Polygon", "coordinates": [ [ [ -84.466273825286294, 33.86629548225968 ], [ -84.461437153865518, 33.868294865167435 ], [ -84.461174918301396, 33.873092569611437 ], [ -84.465749750190199, 33.87589115250681 ], [ -84.47058692744983, 33.873891832063656 ], [ -84.470848766952571, 33.869093866265736 ], [ -84.466273825286294, 33.86629548225968 ] ] ] } },
{ "type": "Feature", "properties": { "hex_id": "8844c1a81dfffff", "lat": 33.74115311071683, "lon": -84.383422303073971, "restaurant_accessibility": 14.292931430122186, "park_accessibility": 15.087390788243622, "clinic_accessibility": 4.2088279140866423, "restaurant_norm": 0.23151846608367327, "park_norm": 0.7415891468936715, "clinic_norm": 0.57355047121440073, "user_match_score": 0.41933833621696409, "suitability": 0, "suitability_label": "Most Suitable" }, "geometry": { "type": "Polygon", "coordinates": [ [ [ -84.383687494157584, 33.736354677828501 ], [ -84.378859798236206, 33.738354681286125 ], [ -84.378594398500709, 33.743152923957879 ], [ -84.383157088801383, 33.745951425764325 ], [ -84.387985289742815, 33.74395148524659 ], [ -84.388250295334288, 33.739152979987573 ], [ -84.383687494157584, 33.736354677828501 ] ] ] } },
{ "type": "Feature", "properties": { "hex_id": "8844c1af57fffff", "lat": 33.793104378496849, "lon": -84.484441522547513, "restaurant_accessibility": 0.21025528092063342, "park_accessibility": 2.6506392201985141, "clinic_accessibility": 0.71204518763472202, "restaurant_norm": 0.0034057380295093691, "park_norm": 0.13028662845809108, "clinic_norm": 0.097032680173731164, "user_match_score": 0.053544603930056264, "suitability": 1, "suitability_label": "Okay" }, "geometry": { "type": "Polygon", "coordinates": [ [ [ -84.484702576915723, 33.788304126654069 ], [ -84.47986878601786, 33.790307318282792 ], [ -84.479607522391319, 33.795107380067719 ], [ -84.484180445323332, 33.797904511741102 ], [ -84.489014741221027, 33.79590138213613 ], [ -84.489275609157701, 33.791101058839224 ], [ -84.484702576915723, 33.788304126654069 ] ] ] } },
{ "type": "Feature", "properties": { "hex_id": "8844c13317fffff", "lat": 33.850631519006896, "lon": -84.31127817020085, "restaurant_accessibility": 3.5706971879259144, "park_accessibility": 3.1228731278992936, "clinic_accessibility": 0.90290763048167366, "restaurant_norm": 0.057838543467414245, "park_norm": 0.15349829876353391, "clinic_norm": 0.12304211706841035, "user_match_score": 0.093485948437424665, "suitability": 0, "suitability_label": "Most Suitable" }, "geometry": { "type": "Polygon", "coordinates": [ [ [ -84.311546680240227, 33.84583776906878 ], [ -84.306716671942127, 33.84783008478211 ], [ -84.30644795310829, 33.852623643720989 ], [ -84.311009636670974, 33.855425149709419 ], [ -84.315840151395989, 33.853432898051288 ], [ -84.316108476102016, 33.848639076354566 ], [ -84.311546680240227, 33.84583776906878 ] ] ] } },
{ "type": "Feature", "properties": { "hex_id": "8844c1a117fffff", "lat": 33.713490248855479, "lon": -84.484045895629578, "restaurant_accessibility": 0.0, "park_accessibility": 0.90637693164214617, "clinic_accessibility": 0.35768374752673981, "restaurant_norm": 0.0, "park_norm": 0.044551062866639735, "clinic_norm": 0.048742710827656612, "user_match_score": 0.023952190617726622, "suitability": 2, "suitability_label": "Less Suitable" }, "geometry": { "type": "Polygon", "coordinates": [ [ [ -84.484306770856918, 33.708688180193697 ], [ -84.479476620930271, 33.710694281691225 ], [ -84.479215536760037, 33.715496160660443 ], [ -84.483784997579136, 33.718292199972822 ], [ -84.488615651750166, 33.716286160251364 ], [ -84.488876340828611, 33.711484019446608 ], [ -84.484306770856918, 33.708688180193697 ] ] ] } },
{ "type": "Feature", "properties": { "hex_id": "8844c1ae57fffff", "lat": 33.798646009264807, "lon": -84.550319074003895, "restaurant_accessibility": 0.0, "park_accessibility": 0.59781162054245529, "clinic_accessibility": 0.27090519866651797, "restaurant_norm": 0.0, "park_norm": 0.029384180200770979, "clinic_norm": 0.036917119806579399, "user_match_score": 0.01770526594270886, "suitability": 2, "suitability_label": "Less Suitable" }, "geometry": { "type": "Polygon", "coordinates": [ [ [ -84.550577355875674, 33.793843928840268 ], [ -84.545740894551642, 33.79585024529986 ], [ -84.545482403139275, 33.800652135901345 ], [ -84.550060769506416, 33.803447970970879 ], [ -84.554897735540962, 33.801441715847702 ], [ -84.555155830468721, 33.796639564323826 ], [ -84.550577355875674, 33.793843928840268 ] ] ] } },
{ "type": "Feature", "properties": { "hex_id": "8844c1aaa7fffff", "lat": 33.75034563846507, "lon": -84.406506318280023, "restaurant_accessibility": 11.683318081255118, "park_accessibility": 12.539734269992527, "clinic_accessibility": 3.4221299178153219, "restaurant_norm": 0.18924766372553053, "park_norm": 0.61636441781592266, "clinic_norm": 0.46634461350882195, "user_match_score": 0.34279811904788637, "suitability": 0, "suitability_label": "Most Suitable" }, "geometry": { "type": "Polygon", "coordinates": [ [ [ -84.406770558350885, 33.745546726197233 ], [ -84.401941589770956, 33.747547556529703 ], [ -84.401677140919972, 33.752346278629396 ], [ -84.406242055097266, 33.755144432754477 ], [ -84.411071528668103, 33.753143665144258 ], [ -84.411335583041549, 33.748344680691766 ], [ -84.406770558350885, 33.745546726197233 ] ] ] } },
{ "type": "Feature", "properties": { "hex_id": "8844c1ad29fffff", "lat": 33.837507483944037, "lon": -84.411147920163216, "restaurant_accessibility": 0.1179315198938839, "park_accessibility": 1.9254421579546517, "clinic_accessibility": 1.1460936738377305, "restaurant_norm": 0.0019102676537863157, "park_norm": 0.094641083229801165, "clinic_norm": 0.15618185872731838, "user_match_score": 0.072891985640800627, "suitability": 1, "suitability_label": "Okay" }, "geometry": { "type": "Polygon", "coordinates": [ [ [ -84.411412181604021, 33.832710442951345 ], [ -84.40657906800196, 33.834708292380022 ], [ -84.406314597418813, 33.839505142823405 ], [ -84.410883635588817, 33.84230440580351 ], [ -84.41571725498963, 33.840306619321559 ], [ -84.415981330392427, 33.835509506917909 ], [ -84.411412181604021, 33.832710442951345 ] ] ] } },
{ "type": "Feature", "properties": { "hex_id": "8844c1ae6bfffff", "lat": 33.78187056755948, "lon": -84.522857227942936, "restaurant_accessibility": 0.0, "park_accessibility": 1.6391561439919045, "clinic_accessibility": 0.55594759177968667, "restaurant_norm": 0.0, "park_norm": 0.080569292829326039, "clinic_norm": 0.07576076041705955, "user_match_score": 0.038361233449756428, "suitability": 1, "suitability_label": "Okay" }, "geometry": { "type": "Polygon", "coordinates": [ [ [ -84.523116630552977, 33.777068914686232 ], [ -84.518281940627503, 33.779074460991104 ], [ -84.518022328651497, 33.783875924009834 ], [ -84.522597802617355, 33.786672101955673 ], [ -84.527432997236801, 33.784666617228282 ], [ -84.527692213167313, 33.779864892982786 ], [ -84.523116630552977, 33.777068914686232 ] ] ] } },
{ "type": "Feature", "properties": { "hex_id": "8844c1a003fffff", "lat": 33.703806858156305, "lon": -84.541241679997896, "restaurant_accessibility": 0.0, "park_accessibility": 0.36521354720948057, "clinic_accessibility": 0.0, "restaurant_norm": 0.0, "park_norm": 0.017951308262004632, "clinic_norm": 0.0, "user_match_score": 0.0017951308262004633, "suitability": 2, "suitability_label": "Less Suitable" }, "geometry": { "type": "Polygon", "coordinates": [ [ [ -84.54150011487198, 33.699002867386753 ], [ -84.536668306222197, 33.70101221174744 ], [ -84.536409662217437, 33.705816013095827 ], [ -84.540983222506483, 33.708610731470031 ], [ -84.54581553501275, 33.706601448242751 ], [ -84.546073783344468, 33.701797385513061 ], [ -84.54150011487198, 33.699002867386753 ] ] ] } },
{ "type": "Feature", "properties": { "hex_id": "8844c1ac67fffff", "lat": 33.835504760623138, "lon": -84.472681001408816, "restaurant_accessibility": 0.16754893790034653, "park_accessibility": 0.95877638632538653, "clinic_accessibility": 0.47382838826333384, "restaurant_norm": 0.0027139760157867941, "park_norm": 0.047126648495833971, "clinic_norm": 0.06457011332148295, "user_match_score": 0.031897698186069974, "suitability": 2, "suitability_label": "Less Suitable" }, "geometry": { "type": "Polygon", "coordinates": [ [ [ -84.472942657501022, 33.830705839852484 ], [ -84.468107365299772, 33.832706873808931 ], [ -84.467845499828385, 33.837505604281056 ], [ -84.472419322400796, 33.840303562243285 ], [ -84.477255120066758, 33.838302590569278 ], [ -84.477516589666379, 33.833503598655803 ], [ -84.472942657501022, 33.830705839852484 ] ] ] } },
{ "type": "Feature", "properties": { "hex_id": "8844c13067fffff", "lat": 33.871796686262442, "lon": -84.305372842658684, "restaurant_accessibility": 3.9116749095459031, "park_accessibility": 4.001735898090792, "clinic_accessibility": 0.3878274602225889, "restaurant_norm": 0.063361737884466779, "park_norm": 0.19669696055539138, "clinic_norm": 0.052850491182132718, "user_match_score": 0.072490761470625623, "suitability": 1, "suitability_label": "Okay" }, "geometry": { "type": "Polygon", "coordinates": [ [ [ -84.305641655544363, 33.867003604735096 ], [ -84.300810900870843, 33.868994838294782 ], [ -84.300541879130861, 33.873787728703761 ], [ -84.30510400625235, 33.876589648279541 ], [ -84.309935267584891, 33.874598478904048 ], [ -84.310203895107534, 33.869805325773619 ], [ -84.305641655544363, 33.867003604735096 ] ] ] } },
{ "type": "Feature", "properties": { "hex_id": "8844c1ac4bfffff", "lat": 33.824286875265344, "lon": -84.511108125410814, "restaurant_accessibility": 0.0, "park_accessibility": 1.3855578810892297, "clinic_accessibility": 0.48934561092187034, "restaurant_norm": 0.0, "park_norm": 0.068104200483056598, "clinic_norm": 0.066684694993485977, "user_match_score": 0.033484298045700051, "suitability": 2, "suitability_label": "Less Suitable" }, "geometry": { "type": "Polygon", "coordinates": [ [ [ -84.511368128836608, 33.819486552088485 ], [ -84.506531935703308, 33.821489942265536 ], [ -84.506271722790416, 33.826290075346648 ], [ -84.510848099209738, 33.829087079412538 ], [ -84.515684797502075, 33.827083751071804 ], [ -84.515944614186864, 33.822283356834063 ], [ -84.511368128836608, 33.819486552088485 ] ] ] } },
{ "type": "Feature", "properties": { "hex_id": "8844c1a937fffff", "lat": 33.755120022403112, "lon": -84.293052718411019, "restaurant_accessibility": 3.0054907370714905, "park_accessibility": 4.9310412465442841, "clinic_accessibility": 1.31601626919773, "restaurant_norm": 0.048683267577218872, "park_norm": 0.24237502180772932, "clinic_norm": 0.1793377554824489, "user_match_score": 0.12031423816236192, "suitability": 0, "suitability_label": "Most Suitable" }, "geometry": { "type": "Polygon", "coordinates": [ [ [ -84.293321754332965, 33.75032461798596 ], [ -84.288496778713551, 33.752319543436997 ], [ -84.288227534446591, 33.757114757219732 ], [ -84.292783658977086, 33.759915308857394 ], [ -84.297609140201104, 33.757920447356291 ], [ -84.297877991260705, 33.753124970272545 ], [ -84.293321754332965, 33.75032461798596 ] ] ] } },
{ "type": "Feature", "properties": { "hex_id": "8844c1336bfffff", "lat": 33.812655656253455, "lon": -84.28982245253269, "restaurant_accessibility": 0.88346376632332257, "park_accessibility": 2.0053299799995936, "clinic_accessibility": 2.2897740498948465, "restaurant_norm": 0.014310442684180137, "park_norm": 0.098567802079270211, "clinic_norm": 0.31203484963026706, "user_match_score": 0.14182594140212393, "suitability": 0, "suitability_label": "Most Suitable" }, "geometry": { "type": "Polygon", "coordinates": [ [ [ -84.290091770801482, 33.807861671555941 ], [ -84.285264293868039, 33.809854307877337 ], [ -84.284994767040757, 33.814648101664943 ], [ -84.289553110715019, 33.817449522231051 ], [ -84.294381093818643, 33.815456950075387 ], [ -84.29465022704845, 33.810662893192877 ], [ -84.290091770801482, 33.807861671555941 ] ] ] } },
{ "type": "Feature", "properties": { "hex_id": "8844c1a0abfffff", "lat": 33.755423019183766, "lon": -84.552642796679578, "restaurant_accessibility": 0.0, "park_accessibility": 0.19633855556251467, "clinic_accessibility": 0.17052438054707092, "restaurant_norm": 0.0, "park_norm": 0.0096506111603735494, "clinic_norm": 0.023237903951590009, "user_match_score": 0.010260222696673359, "suitability": 2, "suitability_label": "Less Suitable" }, "geometry": { "type": "Polygon", "coordinates": [ [ [ -84.552900875053197, 33.750619873145205 ], [ -84.54806629878702, 33.752627896971056 ], [ -84.54780801103432, 33.757430853394943 ], [ -84.552384695706891, 33.76022604707444 ], [ -84.557219776260325, 33.758218084423923 ], [ -84.557477667824841, 33.753414866923826 ], [ -84.552900875053197, 33.750619873145205 ] ] ] } },
{ "type": "Feature", "properties": { "hex_id": "8844c1a337fffff", "lat": 33.671054604127157, "lon": -84.495789892957802, "restaurant_accessibility": 0.69794357659634765, "park_accessibility": 2.5053406456425904, "clinic_accessibility": 0.63209083136250666, "restaurant_norm": 0.011305366366342232, "park_norm": 0.12314478084095663, "clinic_norm": 0.08613704375151246, "user_match_score": 0.052421978767871767, "suitability": 1, "suitability_label": "Okay" }, "geometry": { "type": "Polygon", "coordinates": [ [ [ -84.496050168074007, 33.666251218467139 ], [ -84.491221516656552, 33.668259471365758 ], [ -84.490961032717962, 33.673062667576218 ], [ -84.495529595078068, 33.675857872797195 ], [ -84.500358750276547, 33.6738496814135 ], [ -84.500618839304849, 33.669046223299041 ], [ -84.496050168074007, 33.666251218467139 ] ] ] } },
{ "type": "Feature", "properties": { "hex_id": "8844c1a917fffff", "lat": 33.749937827894172, "lon": -84.316911952744704, "restaurant_accessibility": 6.0936410972006021, "park_accessibility": 8.4055138854949742, "clinic_accessibility": 1.2430634021816984, "restaurant_norm": 0.098705464766667167, "park_norm": 0.41315545935247727, "clinic_norm": 0.16939623444438417, "user_match_score": 0.15842677209633499, "suitability": 0, "suitability_label": "Most Suitable" }, "geometry": { "type": "Polygon", "coordinates": [ [ [ -84.317179970191788, 33.74514158857243 ], [ -84.312354342461163, 33.747137909977894 ], [ -84.312086116593704, 33.751933958782153 ], [ -84.316643911871495, 33.754733949305006 ], [ -84.321470045038907, 33.75273769157814 ], [ -84.321737877462425, 33.747941379654776 ], [ -84.317179970191788, 33.74514158857243 ] ] ] } },
{ "type": "Feature", "properties": { "hex_id": "8844c1a8bbfffff", "lat": 33.80792336526936, "lon": -84.40333363383688, "restaurant_accessibility": 7.3905052204754007, "park_accessibility": 7.1969904640830915, "clinic_accessibility": 3.3504011348680036, "restaurant_norm": 0.11971221163363666, "park_norm": 0.35375301756087096, "clinic_norm": 0.4565699023305918, "user_match_score": 0.27785936850514215, "suitability": 0, "suitability_label": "Most Suitable" }, "geometry": { "type": "Polygon", "coordinates": [ [ [ -84.403598151450097, 33.803125872917185 ], [ -84.398766676330425, 33.805124419709252 ], [ -84.3985019497228, 33.80992172161671 ], [ -84.403069093075516, 33.812720738884373 ], [ -84.407901073751191, 33.81072225502998 ], [ -84.408165405488887, 33.805924690975345 ], [ -84.403598151450097, 33.803125872917185 ] ] ] } },
{ "type": "Feature", "properties": { "hex_id": "8844c13043fffff", "lat": 33.867438962761533, "lon": -84.338657302076982, "restaurant_accessibility": 5.8476282878316965, "park_accessibility": 3.8560099469396656, "clinic_accessibility": 0.80002241164507437, "restaurant_norm": 0.094720522381650962, "park_norm": 0.18953410613535196, "clinic_norm": 0.10902161849985958, "user_match_score": 0.10992231920430451, "suitability": 0, "suitability_label": "Most Suitable" }, "geometry": { "type": "Polygon", "coordinates": [ [ [ -84.338924699454012, 33.862644782949481 ], [ -84.334092905917416, 33.864637860821688 ], [ -84.333825299569696, 33.869431849664743 ], [ -84.338389881298184, 33.872233023097102 ], [ -84.343222181285753, 33.870240009039833 ], [ -84.343489393064473, 33.865445757740332 ], [ -84.338924699454012, 33.862644782949481 ] ] ] } },
{ "type": "Feature", "properties": { "hex_id": "8844c1a9ddfffff", "lat": 33.767538393270051, "lon": -84.353656724996114, "restaurant_accessibility": 29.941994493238571, "park_accessibility": 15.012622124905278, "clinic_accessibility": 4.9015079289969972, "restaurant_norm": 0.48500370063701659, "park_norm": 0.73791404958641094, "clinic_norm": 0.66794419722608722, "user_match_score": 0.58347093416758433, "suitability": 0, "suitability_label": "Most Suitable" }, "geometry": { "type": "Polygon", "coordinates": [ [ [ -84.353923237716899, 33.762741456230806 ], [ -84.349095443434848, 33.764738983738155 ], [ -84.348828722077243, 33.769535730322971 ], [ -84.353390188970309, 33.772335212140362 ], [ -84.358218488673558, 33.77033774797458 ], [ -84.358484816033268, 33.765540738654884 ], [ -84.353923237716899, 33.762741456230806 ] ] ] } },
{ "type": "Feature", "properties": { "hex_id": "8844c1ac0dfffff", "lat": 33.837097209008171, "lon": -84.49150216837532, "restaurant_accessibility": 4.5599689948500997, "park_accessibility": 1.9097158900655606, "clinic_accessibility": 0.46677308777761861, "restaurant_norm": 0.073862876362220081, "park_norm": 0.093868091414889082, "clinic_norm": 0.063608664908589282, "user_match_score": 0.071761713286034659, "suitability": 1, "suitability_label": "Okay" }, "geometry": { "type": "Polygon", "coordinates": [ [ [ -84.491763032529235, 33.832297765505608 ], [ -84.486926975197548, 33.834299692202016 ], [ -84.486665901583521, 33.839098945472848 ], [ -84.491241281371344, 33.841896533325787 ], [ -84.496077844085789, 33.83989466871548 ], [ -84.49633852160045, 33.835095154171348 ], [ -84.491763032529235, 33.832297765505608 ] ] ] } },
{ "type": "Feature", "properties": { "hex_id": "8844c1149dfffff", "lat": 33.682374686685293, "lon": -84.287710857422169, "restaurant_accessibility": 0.0, "park_accessibility": 0.60449364069643685, "clinic_accessibility": 0.0, "restaurant_norm": 0.0, "park_norm": 0.029712620929526992, "clinic_norm": 0.0, "user_match_score": 0.0029712620929526995, "suitability": 2, "suitability_label": "Less Suitable" }, "geometry": { "type": "Polygon", "coordinates": [ [ [ -84.287979933679381, 33.677577784015256 ], [ -84.283158466740431, 33.679575122810846 ], [ -84.282889182445388, 33.684371835159716 ], [ -84.287441757666528, 33.687171472357711 ], [ -84.292263729542967, 33.685174197337552 ], [ -84.29253262123153, 33.680377221348877 ], [ -84.287979933679381, 33.677577784015256 ] ] ] } },
{ "type": "Feature", "properties": { "hex_id": "8844c1add9fffff", "lat": 33.880286829626037, "lon": -84.489153362378403, "restaurant_accessibility": 3.9525077910978235, "park_accessibility": 3.8476676636334983, "clinic_accessibility": 1.0100309220768191, "restaurant_norm": 0.064023153364481861, "park_norm": 0.18912405864291301, "clinic_norm": 0.13764015139687411, "user_match_score": 0.10598004310528188, "suitability": 0, "suitability_label": "Most Suitable" }, "geometry": { "type": "Polygon", "coordinates": [ [ [ -84.489414432290573, 33.875488461062567 ], [ -84.484576489171715, 33.877488674846497 ], [ -84.484315209637884, 33.88228685297166 ], [ -84.488892269589243, 33.885085078436092 ], [ -84.493730718515323, 33.883084926897766 ], [ -84.493991601653562, 33.878286487654641 ], [ -84.489414432290573, 33.875488461062567 ] ] ] } },
{ "type": "Feature", "properties": { "hex_id": "8844c1a825fffff", "lat": 33.737153129698484, "lon": -84.336483366005893, "restaurant_accessibility": 3.0566672144353815, "park_accessibility": 5.1303885520908281, "clinic_accessibility": 0.87664990437975854, "restaurant_norm": 0.049512229753157375, "park_norm": 0.25217352178235769, "clinic_norm": 0.11946389256358636, "user_match_score": 0.097759024080249002, "suitability": 0, "suitability_label": "Most Suitable" }, "geometry": { "type": "Polygon", "coordinates": [ [ [ -84.336750526304527, 33.732356010831651 ], [ -84.331924753197882, 33.734353791923816 ], [ -84.331657384450693, 33.739150720408404 ], [ -84.336216182355344, 33.741950130809833 ], [ -84.34104246067939, 33.739952413146575 ], [ -84.341309435852125, 33.735155221657969 ], [ -84.336750526304527, 33.732356010831651 ] ] ] } },
{ "type": "Feature", "properties": { "hex_id": "8844c1a121fffff", "lat": 33.695922329423425, "lon": -84.447242790541694, "restaurant_accessibility": 0.24020067258179642, "park_accessibility": 4.0498814547769433, "clinic_accessibility": 0.51795233927230977, "restaurant_norm": 0.0038907967578438694, "park_norm": 0.19906345472331768, "clinic_norm": 0.07058302556442296, "user_match_score": 0.050084954077022889, "suitability": 1, "suitability_label": "Okay" }, "geometry": { "type": "Polygon", "coordinates": [ [ [ -84.447505176319083, 33.691120956760592 ], [ -84.442677180796125, 33.693125846486893 ], [ -84.442414586290823, 33.697927029392972 ], [ -84.446980381819245, 33.700723584800038 ], [ -84.451808881608201, 33.698718757187386 ], [ -84.452071081573635, 33.693917312059099 ], [ -84.447505176319083, 33.691120956760592 ] ] ] } },
{ "type": "Feature", "properties": { "hex_id": "8844c1b991fffff", "lat": 33.647959066893662, "lon": -84.393281002500999, "restaurant_accessibility": 1.9333891829084144, "park_accessibility": 1.3321792507278822, "clinic_accessibility": 0.0, "restaurant_norm": 0.03131724938009417, "park_norm": 0.06548048552083334, "clinic_norm": 0.0, "user_match_score": 0.02220667324213042, "suitability": 2, "suitability_label": "Less Suitable" }, "geometry": { "type": "Polygon", "coordinates": [ [ [ -84.393545545243924, 33.643158217316007 ], [ -84.38872172286483, 33.645162147411114 ], [ -84.388456971796927, 33.649962807241153 ], [ -84.393016436644345, 33.652759799857733 ], [ -84.397840763107467, 33.650755932299454 ], [ -84.39810512061004, 33.645955009592768 ], [ -84.393545545243924, 33.643158217316007 ] ] ] } },
{ "type": "Feature", "properties": { "hex_id": "8844c114d9fffff", "lat": 33.661988569156492, "lon": -84.302981700985001, "restaurant_accessibility": 0.0, "park_accessibility": 0.0, "clinic_accessibility": 0.0, "restaurant_norm": 0.0, "park_norm": 0.0, "clinic_norm": 0.0, "user_match_score": 0.0, "suitability": 2, "suitability_label": "Less Suitable" }, "geometry": { "type": "Polygon", "coordinates": [ [ [ -84.303250082742352, 33.657190745286833 ], [ -84.298428973648456, 33.659189605161195 ], [ -84.298160383871945, 33.663987238863449 ], [ -84.302713295791619, 33.666786276287944 ], [ -84.30753490955361, 33.664787479960509 ], [ -84.307803106698586, 33.659989582666597 ], [ -84.303250082742352, 33.657190745286833 ] ] ] } },
{ "type": "Feature", "properties": { "hex_id": "8844c1ad43fffff", "lat": 33.825514849524325, "lon": -84.440149691485175, "restaurant_accessibility": 1.5666955230199244, "park_accessibility": 1.618908925613014, "clinic_accessibility": 0.9261268476259702, "restaurant_norm": 0.025377505383206777, "park_norm": 0.079574083146265975, "clinic_norm": 0.12620627421766523, "user_match_score": 0.071128670693296078, "suitability": 1, "suitability_label": "Okay" }, "geometry": { "type": "Polygon", "coordinates": [ [ [ -84.440412697833281, 33.820716665825671 ], [ -84.435579060387084, 33.822716423992588 ], [ -84.435315844828509, 33.827514417310539 ], [ -84.439886662110879, 33.830312914227534 ], [ -84.444720805093411, 33.82831321865973 ], [ -84.444983625228019, 33.82351496358099 ], [ -84.440412697833281, 33.820716665825671 ] ] ] } },
{ "type": "Feature", "properties": { "hex_id": "8844c1331bfffff", "lat": 33.844653237226851, "lon": -84.325769354065301, "restaurant_accessibility": 6.3018983215595368, "park_accessibility": 3.3003378083447634, "clinic_accessibility": 1.574607411603834, "restaurant_norm": 0.1020788380575241, "park_norm": 0.16222120405726195, "clinic_norm": 0.21457679936981988, "user_match_score": 0.1530922591824162, "suitability": 0, "suitability_label": "Most Suitable" }, "geometry": { "type": "Polygon", "coordinates": [ [ [ -84.326037237652045, 33.839858914458262 ], [ -84.321206963161387, 33.841852183908912 ], [ -84.320938870745579, 33.846646315761902 ], [ -84.325501447041589, 33.849447440828385 ], [ -84.3303322278297, 33.847454235259434 ], [ -84.330599925994989, 33.842659840747352 ], [ -84.326037237652045, 33.839858914458262 ] ] ] } },
{ "type": "Feature", "properties": { "hex_id": "8844c1a1d9fffff", "lat": 33.731841146020727, "lon": -84.53028312459162, "restaurant_accessibility": 0.0, "park_accessibility": 1.0401809467260956, "clinic_accessibility": 0.19344047166709455, "restaurant_norm": 0.0, "park_norm": 0.051127919447724254, "clinic_norm": 0.026360753145849351, "user_match_score": 0.015657093203112166, "suitability": 2, "suitability_label": "Less Suitable" }, "geometry": { "type": "Polygon", "coordinates": [ [ [ -84.530542091011284, 33.727038122268858 ], [ -84.525709407949734, 33.729045883659275 ], [ -84.525450232332147, 33.733848717816763 ], [ -84.530024135503993, 33.73664405195278 ], [ -84.534857322745196, 33.734636351902203 ], [ -84.535116102605826, 33.729833256380992 ], [ -84.530542091011284, 33.727038122268858 ] ] ] } },
{ "type": "Feature", "properties": { "hex_id": "8844c1b8b9fffff", "lat": 33.65191621125669, "lon": -84.440213467468368, "restaurant_accessibility": 8.1918742286121145, "park_accessibility": 1.4046692466622592, "clinic_accessibility": 0.44537087360727617, "restaurant_norm": 0.13269287444852995, "park_norm": 0.069043579696480284, "clinic_norm": 0.060692116578982581, "user_match_score": 0.097527641825506037, "suitability": 0, "suitability_label": "Most Suitable" }, "geometry": { "type": "Polygon", "coordinates": [ [ [ -84.44047604104793, 33.647114048298761 ], [ -84.43565030533594, 33.64912020015133 ], [ -84.435387523229323, 33.653922173528528 ], [ -84.439950870938063, 33.656718257516602 ], [ -84.444777110533991, 33.654712167711835 ], [ -84.445039498508152, 33.64990993187628 ], [ -84.44047604104793, 33.647114048298761 ] ] ] } },
{ "type": "Feature", "properties": { "hex_id": "8844c1aa4dfffff", "lat": 33.656349500561078, "lon": -84.406961727304676, "restaurant_accessibility": 7.282757447375122, "park_accessibility": 3.7039363238971923, "clinic_accessibility": 0.44961240204188935, "restaurant_norm": 0.1179669014238965, "park_norm": 0.18205924517629371, "clinic_norm": 0.061270123254950369, "user_match_score": 0.10169742453155778, "suitability": 0, "suitability_label": "Most Suitable" }, "geometry": { "type": "Polygon", "coordinates": [ [ [ -84.407225714194809, 33.651548431731946 ], [ -84.402401004702583, 33.653552743548573 ], [ -84.402136809400119, 33.658353622645144 ], [ -84.406697717345168, 33.661150452656067 ], [ -84.411522930932051, 33.659146203257016 ], [ -84.411786732450082, 33.654345061434498 ], [ -84.407225714194809, 33.651548431731946 ] ] ] } },
{ "type": "Feature", "properties": { "hex_id": "8844c1aa5bfffff", "lat": 33.680726736123368, "lon": -84.438637543920535, "restaurant_accessibility": 3.0820162392487616, "park_accessibility": 7.074210009299871, "clinic_accessibility": 0.86070703826497696, "restaurant_norm": 0.049922836028728136, "park_norm": 0.34771800103641959, "clinic_norm": 0.11729130709340435, "user_match_score": 0.10664974095536778, "suitability": 0, "suitability_label": "Most Suitable" }, "geometry": { "type": "Polygon", "coordinates": [ [ [ -84.438900255249507, 33.675925274306003 ], [ -84.434073268107838, 33.677930288324767 ], [ -84.433810348144846, 33.682731560421693 ], [ -84.438374809622843, 33.685528080861815 ], [ -84.443202300930011, 33.683523129000122 ], [ -84.443464826564608, 33.678721594546317 ], [ -84.438900255249507, 33.675925274306003 ] ] ] } },
{ "type": "Feature", "properties": { "hex_id": "8844c1a815fffff", "lat": 33.747951048765685, "lon": -84.378328975558375, "restaurant_accessibility": 27.158846819009607, "park_accessibility": 16.566568481543271, "clinic_accessibility": 5.3331332685510819, "restaurant_norm": 0.43992197030254704, "park_norm": 0.81429503348958265, "clinic_norm": 0.7267631658184498, "user_match_score": 0.59209575482761168, "suitability": 0, "suitability_label": "Most Suitable" }, "geometry": { "type": "Polygon", "coordinates": [ [ [ -84.378594398500709, 33.743152923957879 ], [ -84.373766581680627, 33.745152419712348 ], [ -84.373500950079986, 33.749950354252327 ], [ -84.378063529406219, 33.752749055646269 ], [ -84.38289185133678, 33.750749622907691 ], [ -84.383157088801383, 33.745951425764325 ], [ -84.378594398500709, 33.743152923957879 ] ] ] } },
{ "type": "Feature", "properties": { "hex_id": "8844c1ad39fffff", "lat": 33.853500894602675, "lon": -84.429164615545247, "restaurant_accessibility": 6.3166402096929035, "park_accessibility": 0.56583433125239302, "clinic_accessibility": 0.4676836262352575, "restaurant_norm": 0.10231762877337552, "park_norm": 0.027812403409314911, "clinic_norm": 0.063732746902934956, "user_match_score": 0.079433153488793234, "suitability": 1, "suitability_label": "Okay" }, "geometry": { "type": "Polygon", "coordinates": [ [ [ -84.429428155643237, 33.848703687532073 ], [ -84.424593646427994, 33.850701857031709 ], [ -84.424329897052672, 33.855498873550637 ], [ -84.428901052370151, 33.858297982316195 ], [ -84.433736067445111, 33.856299875620536 ], [ -84.433999421313629, 33.851502597360501 ], [ -84.429428155643237, 33.848703687532073 ] ] ] } },
{ "type": "Feature", "properties": { "hex_id": "8844c1a8e7fffff", "lat": 33.776737318927779, "lon": -84.376735950391506, "restaurant_accessibility": 41.409228587215843, "park_accessibility": 16.371699740291014, "clinic_accessibility": 5.8025925560166876, "restaurant_norm": 0.67075121231015711, "park_norm": 0.80471666797829022, "clinic_norm": 0.79073788776911114, "user_match_score": 0.73214242806055208, "suitability": 0, "suitability_label": "Most Suitable" }, "geometry": { "type": "Polygon", "coordinates": [ [ [ -84.377001512638415, 33.771939902631772 ], [ -84.372172443600931, 33.773938256433254 ], [ -84.371906672588693, 33.778735482323086 ], [ -84.376470364916543, 33.78153461691722 ], [ -84.38129993934696, 33.779536326239644 ], [ -84.381565316027334, 33.774738837849092 ], [ -84.377001512638415, 33.771939902631772 ] ] ] } },
{ "type": "Feature", "properties": { "hex_id": "8844c1a023fffff", "lat": 33.709046412460609, "lon": -84.517341928501679, "restaurant_accessibility": 0.36930124729378988, "park_accessibility": 2.1190605635093007, "clinic_accessibility": 0.0, "restaurant_norm": 0.0059819819827901192, "park_norm": 0.10415799110429391, "clinic_norm": 0.0, "user_match_score": 0.01340679010182445, "suitability": 2, "suitability_label": "Less Suitable" }, "geometry": { "type": "Polygon", "coordinates": [ [ [ -84.517601386213855, 33.704243251572933 ], [ -84.512770215392578, 33.706251197114817 ], [ -84.512510548623382, 33.711054168462276 ], [ -84.517082448085631, 33.713849455839593 ], [ -84.52191412293719, 33.711841571703474 ], [ -84.522173394267128, 33.707038338789445 ], [ -84.517601386213855, 33.704243251572933 ] ] ] } },
{ "type": "Feature", "properties": { "hex_id": "8844c13249fffff", "lat": 33.805519330054516, "lon": -84.375142089014616, "restaurant_accessibility": 6.386033123595082, "park_accessibility": 8.2226972066755266, "clinic_accessibility": 3.3164551729430549, "restaurant_norm": 0.10344166278013291, "park_norm": 0.40416948776955186, "clinic_norm": 0.45194397728558894, "user_match_score": 0.27291537108125724, "suitability": 0, "suitability_label": "Most Suitable" }, "geometry": { "type": "Polygon", "coordinates": [ [ [ -84.375407790675411, 33.800722624545607 ], [ -84.370577468778308, 33.802719835564837 ], [ -84.370311558245106, 33.807516350529546 ], [ -84.374876364107536, 33.81031591687784 ], [ -84.379707191680282, 33.808318769090114 ], [ -84.379972707685653, 33.803521991727685 ], [ -84.375407790675411, 33.800722624545607 ] ] ] } },
{ "type": "Feature", "properties": { "hex_id": "8844c1a357fffff", "lat": 33.644585642859269, "lon": -84.52554185821171, "restaurant_accessibility": 0.12411017957465588, "park_accessibility": 0.1613229147017809, "clinic_accessibility": 0.59379301797376649, "restaurant_norm": 0.0020103502588655411, "park_norm": 0.00792949055056732, "clinic_norm": 0.080918077957716189, "user_match_score": 0.034165355367575985, "suitability": 2, "suitability_label": "Less Suitable" }, "geometry": { "type": "Polygon", "coordinates": [ [ [ -84.525800812207748, 33.639780770931807 ], [ -84.520972271769708, 33.64179149564653 ], [ -84.520713108937926, 33.646596178365499 ], [ -84.525282881568245, 33.649390398127629 ], [ -84.530111925382698, 33.647379734524591 ], [ -84.530370693161387, 33.64257479005289 ], [ -84.525800812207748, 33.639780770931807 ] ] ] } },
{ "type": "Feature", "properties": { "hex_id": "8844c1a823fffff", "lat": 33.745550816743062, "lon": -84.350162095697456, "restaurant_accessibility": 13.372356617076983, "park_accessibility": 8.6240098047916707, "clinic_accessibility": 2.2667929860309215, "restaurant_norm": 0.2166068946069977, "park_norm": 0.42389516939679095, "clinic_norm": 0.30890314639192673, "user_match_score": 0.27425422279994865, "suitability": 0, "suitability_label": "Most Suitable" }, "geometry": { "type": "Polygon", "coordinates": [ [ [ -84.350428700486376, 33.740753480146388 ], [ -84.345602037237029, 33.742751642188111 ], [ -84.345335223911775, 33.747548788417546 ], [ -84.349895467600888, 33.750348035463801 ], [ -84.354722636079316, 33.748349936731451 ], [ -84.354989055610289, 33.743552527648482 ], [ -84.350428700486376, 33.740753480146388 ] ] ] } },
{ "type": "Feature", "properties": { "hex_id": "8844c1331dfffff", "lat": 33.836249911737646, "lon": -84.312083629859714, "restaurant_accessibility": 3.4783500853420417, "park_accessibility": 2.5003083327356355, "clinic_accessibility": 2.4387239893259816, "restaurant_norm": 0.056342695002596761, "park_norm": 0.12289742802243757, "clinic_norm": 0.33233273533430235, "user_match_score": 0.17339418443726309, "suitability": 0, "suitability_label": "Most Suitable" }, "geometry": { "type": "Polygon", "coordinates": [ [ [ -84.312352069445964, 33.831455804470629 ], [ -84.307522687424296, 33.833448693044595 ], [ -84.307254039097074, 33.838242609380927 ], [ -84.311815166792158, 33.841043899958024 ], [ -84.31664505509913, 33.83905107538579 ], [ -84.316913309396355, 33.834256896239758 ], [ -84.312352069445964, 33.831455804470629 ] ] ] } },
{ "type": "Feature", "properties": { "hex_id": "8844c1ac3bfffff", "lat": 33.866688208700083, "lon": -84.499351205828646, "restaurant_accessibility": 0.67074202073945388, "park_accessibility": 3.9969083055238972, "clinic_accessibility": 1.279921468206392, "restaurant_norm": 0.010864752590374262, "park_norm": 0.19645967033712358, "clinic_norm": 0.17441900124978399, "user_match_score": 0.09484594382881309, "suitability": 0, "suitability_label": "Most Suitable" }, "geometry": { "type": "Polygon", "coordinates": [ [ [ -84.499611810790526, 33.861889220118691 ], [ -84.494774113926113, 33.86389045179471 ], [ -84.494513299355972, 33.868689250039978 ], [ -84.499090578031712, 33.871487077700181 ], [ -84.503928780520624, 33.869485908118463 ], [ -84.504189198680095, 33.864686848787485 ], [ -84.499611810790526, 33.861889220118691 ] ] ] } },
{ "type": "Feature", "properties": { "hex_id": "8844c1a84dfffff", "lat": 33.703966601422707, "lon": -84.371330369361388, "restaurant_accessibility": 0.14226643669834235, "park_accessibility": 2.7955423424019985, "clinic_accessibility": 0.2256412396581147, "restaurant_norm": 0.0023044472969467435, "park_norm": 0.13740903844172095, "clinic_norm": 0.030748855019271541, "user_match_score": 0.027192669500354084, "suitability": 2, "suitability_label": "Less Suitable" }, "geometry": { "type": "Polygon", "coordinates": [ [ [ -84.371595977320908, 33.699167680925029 ], [ -84.366770421580952, 33.701168443681254 ], [ -84.366504605164053, 33.705967174086076 ], [ -84.371064738186732, 33.708765404579907 ], [ -84.375890798653543, 33.706764704774542 ], [ -84.376156221341603, 33.70196571152951 ], [ -84.371595977320908, 33.699167680925029 ] ] ] } },
{ "type": "Feature", "properties": { "hex_id": "8844c1ae67fffff", "lat": 33.787885682536995, "lon": -84.508352788133578, "restaurant_accessibility": 0.61766015138233454, "park_accessibility": 2.0428368889509354, "clinic_accessibility": 0.52750983088181247, "restaurant_norm": 0.010004926666595297, "park_norm": 0.10041137576289999, "clinic_norm": 0.071885455582507349, "user_match_score": 0.043797783142590585, "suitability": 1, "suitability_label": "Okay" }, "geometry": { "type": "Polygon", "coordinates": [ [ [ -84.508612818807975, 33.783084599312303 ], [ -84.503778387047035, 33.785089191331366 ], [ -84.503518147040225, 33.789890084616566 ], [ -84.508092734689811, 33.792686647215298 ], [ -84.512927671277296, 33.790682116947821 ], [ -84.513187515359533, 33.785880962335213 ], [ -84.508612818807975, 33.783084599312303 ] ] ] } },
{ "type": "Feature", "properties": { "hex_id": "8844c1a101fffff", "lat": 33.690696272478512, "lon": -84.471123747362569, "restaurant_accessibility": 0.0, "park_accessibility": 1.8846181517138971, "clinic_accessibility": 0.0, "restaurant_norm": 0.0, "park_norm": 0.092634464564865834, "clinic_norm": 0.0, "user_match_score": 0.0092634464564865845, "suitability": 2, "suitability_label": "Less Suitable" }, "geometry": { "type": "Polygon", "coordinates": [ [ [ -84.47138511218732, 33.685894068627086 ], [ -84.466556474693519, 33.687900355583928 ], [ -84.466294901066732, 33.692702369797118 ], [ -84.470862359679032, 33.695498359096497 ], [ -84.475691501267036, 33.693492133981231 ], [ -84.475952680119462, 33.688689857730125 ], [ -84.47138511218732, 33.685894068627086 ] ] ] } },
{ "type": "Feature", "properties": { "hex_id": "8844c1ae25fffff", "lat": 33.801495219369052, "lon": -84.498162625071345, "restaurant_accessibility": 1.2077352544091995, "park_accessibility": 2.8717105749601601, "clinic_accessibility": 0.42024651665694235, "restaurant_norm": 0.019563027703799907, "park_norm": 0.14115292864752249, "clinic_norm": 0.057268339921449675, "user_match_score": 0.046804142685232072, "suitability": 1, "suitability_label": "Okay" }, "geometry": { "type": "Polygon", "coordinates": [ [ [ -84.498423120012774, 33.796694753300123 ], [ -84.493588442056307, 33.798698329120313 ], [ -84.493327737769064, 33.803498605146977 ], [ -84.497902107318708, 33.806295566718788 ], [ -84.502737290284074, 33.804292052801955 ], [ -84.502997598661736, 33.799491515415156 ], [ -84.498423120012774, 33.796694753300123 ] ] ] } },
{ "type": "Feature", "properties": { "hex_id": "8844c1a8bdfffff", "lat": 33.79952636151144, "lon": -84.389634208467243, "restaurant_accessibility": 17.421199667559243, "park_accessibility": 8.6030547712435474, "clinic_accessibility": 4.3827199379381341, "restaurant_norm": 0.28219049703621468, "park_norm": 0.42286516853910855, "clinic_norm": 0.59724729471403604, "user_match_score": 0.42228068325763263, "suitability": 0, "suitability_label": "Most Suitable" }, "geometry": { "type": "Polygon", "coordinates": [ [ [ -84.389899283442332, 33.794729084538304 ], [ -84.385068698073681, 33.796727249034127 ], [ -84.384803414191964, 33.801524335547256 ], [ -84.389369110299469, 33.804323519867935 ], [ -84.394200201213351, 33.802325418429866 ], [ -84.394465090445223, 33.797528069618451 ], [ -84.389899283442332, 33.794729084538304 ] ] ] } },
{ "type": "Feature", "properties": { "hex_id": "8844c1ad8bfffff", "lat": 33.893082498067038, "lon": -84.469539340010598, "restaurant_accessibility": 16.070518078120344, "park_accessibility": 2.5647600728291753, "clinic_accessibility": 0.0, "restaurant_norm": 0.26031200896795714, "park_norm": 0.12606541853999112, "clinic_norm": 0.0, "user_match_score": 0.14276254633797769, "suitability": 0, "suitability_label": "Most Suitable" }, "geometry": { "type": "Polygon", "coordinates": [ [ [ -84.469801271290663, 33.888285011270646 ], [ -84.464963465355254, 33.890283760130039 ], [ -84.4647013244807, 33.895081056352765 ], [ -84.469277385778696, 33.897879864955357 ], [ -84.474115697744935, 33.895881178591019 ], [ -84.474377442353074, 33.891083621134257 ], [ -84.469801271290663, 33.888285011270646 ] ] ] } },
{ "type": "Feature", "properties": { "hex_id": "8844c1ac4dfffff", "lat": 33.815895905007615, "lon": -84.497381003367892, "restaurant_accessibility": 0.47355616804650269, "park_accessibility": 2.3052581152035914, "clinic_accessibility": 0.44085095057648543, "restaurant_norm": 0.0076707145882985084, "park_norm": 0.11331014242407383, "clinic_norm": 0.060076172179002185, "user_match_score": 0.039196840408157511, "suitability": 1, "suitability_label": "Okay" }, "geometry": { "type": "Polygon", "coordinates": [ [ [ -84.497641566751895, 33.811095795286072 ], [ -84.492806260704171, 33.813098800910296 ], [ -84.492545487920566, 33.817898720520411 ], [ -84.497120417163742, 33.820695895820158 ], [ -84.501956228361621, 33.81869295215283 ], [ -84.502216605136994, 33.813892771234066 ], [ -84.497641566751895, 33.811095795286072 ] ] ] } },
{ "type": "Feature", "properties": { "hex_id": "8844c1aa33fffff", "lat": 33.713953203105277, "lon": -84.403792084348723, "restaurant_accessibility": 0.41443939307724736, "park_accessibility": 6.0344215246395008, "clinic_accessibility": 1.0405664246241217, "restaurant_norm": 0.0067131346035620475, "park_norm": 0.29660937224090916, "clinic_norm": 0.1418013222102868, "user_match_score": 0.089738033409986651, "suitability": 0, "suitability_label": "Most Suitable" }, "geometry": { "type": "Polygon", "coordinates": [ [ [ -84.404056348270501, 33.709153539272087 ], [ -84.399229136654853, 33.711155572763708 ], [ -84.398964664107012, 33.715955046585627 ], [ -84.40352779732136, 33.718752749443432 ], [ -84.408355513595225, 33.716750778587524 ], [ -84.408619591967309, 33.71195104224315 ], [ -84.404056348270501, 33.709153539272087 ] ] ] } },
{ "type": "Feature", "properties": { "hex_id": "8844c1a009fffff", "lat": 33.689394533734308, "lon": -84.542016916779929, "restaurant_accessibility": 0.0, "park_accessibility": 0.63742193645866829, "clinic_accessibility": 0.16722861629481081, "restaurant_norm": 0.0, "park_norm": 0.031331142455595214, "clinic_norm": 0.022788779592390455, "user_match_score": 0.012248626082515705, "suitability": 2, "suitability_label": "Less Suitable" }, "geometry": { "type": "Polygon", "coordinates": [ [ [ -84.54227528381972, 33.684590190978504 ], [ -84.537444102454543, 33.686600103462901 ], [ -84.537185526337794, 33.691404256867436 ], [ -84.541758527131648, 33.694198759224911 ], [ -84.546590212212521, 33.692188907819627 ], [ -84.546848392754811, 33.687384492982964 ], [ -84.54227528381972, 33.684590190978504 ] ] ] } },
{ "type": "Feature", "properties": { "hex_id": "8844c1af63fffff", "lat": 33.783122919197517, "lon": -84.451917705657394, "restaurant_accessibility": 0.0, "park_accessibility": 4.8395638781825028, "clinic_accessibility": 0.75624714263001636, "restaurant_norm": 0.0, "park_norm": 0.23787864304246575, "clinic_norm": 0.1030562222699279, "user_match_score": 0.065010353212217736, "suitability": 1, "suitability_label": "Okay" }, "geometry": { "type": "Polygon", "coordinates": [ [ [ -84.452180109735636, 33.778323405501837 ], [ -84.447347971426751, 33.780325321694917 ], [ -84.447085358258576, 33.785124645250455 ], [ -84.45165527861279, 33.787922314449567 ], [ -84.456487921993528, 33.785920460596678 ], [ -84.456750139918995, 33.781120875209631 ], [ -84.452180109735636, 33.778323405501837 ] ] ] } },
{ "type": "Feature", "properties": { "hex_id": "8844c1aca9fffff", "lat": 33.896277403955871, "lon": -84.507205339318745, "restaurant_accessibility": 1.4697749849036712, "park_accessibility": 3.0169556846310908, "clinic_accessibility": 0.98887790985590263, "restaurant_norm": 0.023807575909579735, "park_norm": 0.14829214831002865, "clinic_norm": 0.13475756261573041, "user_match_score": 0.0806360278320849, "suitability": 1, "suitability_label": "Okay" }, "geometry": { "type": "Polygon", "coordinates": [ [ [ -84.50746568468719, 33.891478872860901 ], [ -84.502626347361812, 33.893479409187655 ], [ -84.50236579223683, 33.8982777498424 ], [ -84.506944971130267, 33.901075815073419 ], [ -84.511784814322013, 33.89907534084869 ], [ -84.512044972724723, 33.894276739296174 ], [ -84.50746568468719, 33.891478872860901 ] ] ] } },
{ "type": "Feature", "properties": { "hex_id": "8844c1ace9fffff", "lat": 33.875081134172262, "lon": -84.513085378344599, "restaurant_accessibility": 3.1906355350279791, "park_accessibility": 5.4368648336078866, "clinic_accessibility": 1.9665309283629215, "restaurant_norm": 0.051682263258113384, "park_norm": 0.26723772256719325, "clinic_norm": 0.26798547330605538, "user_match_score": 0.15975909320819817, "suitability": 0, "suitability_label": "Most Suitable" }, "geometry": { "type": "Polygon", "coordinates": [ [ [ -84.513345422766747, 33.870281933478516 ], [ -84.508506838019969, 33.87228354996936 ], [ -84.508246583901936, 33.877082560342728 ], [ -84.512825311132303, 33.879880215164043 ], [ -84.51766440151242, 33.877878660646644 ], [ -84.517924258999642, 33.873079389339729 ], [ -84.513345422766747, 33.870281933478516 ] ] ] } },
{ "type": "Feature", "properties": { "hex_id": "8844c1ae35fffff", "lat": 33.817482843589715, "lon": -84.516204408114348, "restaurant_accessibility": 0.12235534436154986, "park_accessibility": 2.0540101553696357, "clinic_accessibility": 0.54038871749563699, "restaurant_norm": 0.0019819252462112652, "park_norm": 0.10096057431073083, "clinic_norm": 0.073640502744533903, "user_match_score": 0.040543221151992284, "suitability": 1, "suitability_label": "Okay" }, "geometry": { "type": "Polygon", "coordinates": [ [ [ -84.516464179287482, 33.812682211402006 ], [ -84.51162810949009, 33.814686109945221 ], [ -84.511368128836608, 33.819486552088485 ], [ -84.515944614186864, 33.822283356834063 ], [ -84.520781189051959, 33.820279520051351 ], [ -84.521040773469934, 33.815478816767779 ], [ -84.516464179287482, 33.812682211402006 ] ] ] } },
{ "type": "Feature", "properties": { "hex_id": "8844c1af47fffff", "lat": 33.777115833422904, "lon": -84.466415268765019, "restaurant_accessibility": 0.0, "park_accessibility": 3.1619264566789398, "clinic_accessibility": 0.53502693899584808, "restaurant_norm": 0.0, "park_norm": 0.15541788348030436, "clinic_norm": 0.072909836001232631, "user_match_score": 0.04470572274852349, "suitability": 1, "suitability_label": "Okay" }, "geometry": { "type": "Polygon", "coordinates": [ [ [ -84.466677045505747, 33.772315749476164 ], [ -84.461844646841513, 33.774318619393981 ], [ -84.461582660977015, 33.779118513285262 ], [ -84.466153469111632, 33.781915798995257 ], [ -84.470986372716141, 33.77991299124367 ], [ -84.471247963216598, 33.77511283562103 ], [ -84.466677045505747, 33.772315749476164 ] ] ] } },
{ "type": "Feature", "properties": { "hex_id": "8844c1a16dfffff", "lat": 33.667112336373847, "lon": -84.448816761135063, "restaurant_accessibility": 2.1698629659894988, "park_accessibility": 4.3106137255155295, "clinic_accessibility": 0.51845787493238527, "restaurant_norm": 0.035147677574310164, "park_norm": 0.21187920430775509, "clinic_norm": 0.070651916529311673, "user_match_score": 0.067022525829655261, "suitability": 1, "suitability_label": "Okay" }, "geometry": { "type": "Polygon", "coordinates": [ [ [ -84.449079009305052, 33.662310261326283 ], [ -84.444252265774949, 33.664316289104804 ], [ -84.443989808984085, 33.669118174535186 ], [ -84.448554490038021, 33.671914294515986 ], [ -84.453381737552462, 33.669908328742089 ], [ -84.45364379999954, 33.665106180987856 ], [ -84.449079009305052, 33.662310261326283 ] ] ] } },
{ "type": "Feature", "properties": { "hex_id": "8844c1a8d3fffff", "lat": 33.788329807431211, "lon": -84.428020288034261, "restaurant_accessibility": 5.1809029691134816, "park_accessibility": 4.223135121098073, "clinic_accessibility": 1.8151213316256281, "restaurant_norm": 0.083920832769799961, "park_norm": 0.20757937642287386, "clinic_norm": 0.24735240221649946, "user_match_score": 0.16165931491378716, "suitability": 0, "suitability_label": "Most Suitable" }, "geometry": { "type": "Polygon", "coordinates": [ [ [ -84.428283714396301, 33.783531126222556 ], [ -84.423452220356282, 33.785531643163601 ], [ -84.42318858497876, 33.790330134114228 ], [ -84.427756838619445, 33.793128370144181 ], [ -84.432588837903026, 33.791127915815274 ], [ -84.432852078273172, 33.786329162849384 ], [ -84.428283714396301, 33.783531126222556 ] ] ] } },
{ "type": "Feature", "properties": { "hex_id": "8844c1a9a1fffff", "lat": 33.785502994724617, "lon": -84.310207878919684, "restaurant_accessibility": 8.528625786901106, "park_accessibility": 9.3135102855756315, "clinic_accessibility": 3.5217036934942811, "restaurant_norm": 0.13814761300986142, "park_norm": 0.4577861238039499, "clinic_norm": 0.47991385110347845, "user_match_score": 0.30681795932671707, "suitability": 0, "suitability_label": "Most Suitable" }, "geometry": { "type": "Polygon", "coordinates": [ [ [ -84.310476268959022, 33.780707772784197 ], [ -84.305649270613713, 33.782702442566361 ], [ -84.305380672040897, 33.787497473800286 ], [ -84.309939465414971, 33.790298098289128 ], [ -84.31476696956986, 33.788303492369543 ], [ -84.315035174511792, 33.783508198103533 ], [ -84.310476268959022, 33.780707772784197 ] ] ] } },
{ "type": "Feature", "properties": { "hex_id": "8844c1a1d1fffff", "lat": 33.738651434131214, "lon": -84.525191034028666, "restaurant_accessibility": 0.0, "park_accessibility": 0.83016934651823937, "clinic_accessibility": 0.23654280140540854, "restaurant_norm": 0.0, "park_norm": 0.040805238367754064, "clinic_norm": 0.032234445783438044, "user_match_score": 0.016974302150150625, "suitability": 2, "suitability_label": "Less Suitable" }, "geometry": { "type": "Polygon", "coordinates": [ [ [ -84.525450232332147, 33.733848717816763 ], [ -84.520617425893889, 33.735855971770313 ], [ -84.520358018385735, 33.740658498438755 ], [ -84.52493181303636, 33.743454032539198 ], [ -84.529765123745435, 33.741446840001558 ], [ -84.530024135503993, 33.73664405195278 ], [ -84.525450232332147, 33.733848717816763 ] ] ] } },
{ "type": "Feature", "properties": { "hex_id": "8844c1a89dfffff", "lat": 33.794329833790336, "lon": -84.4135254406835, "restaurant_accessibility": 13.786551745957123, "park_accessibility": 4.99356828357819, "clinic_accessibility": 3.6464223988860125, "restaurant_norm": 0.22331607259238734, "park_norm": 0.2454484075708856, "clinic_norm": 0.49690966887195115, "user_match_score": 0.33496674460206272, "suitability": 0, "suitability_label": "Most Suitable" }, "geometry": { "type": "Polygon", "coordinates": [ [ [ -84.413789494057909, 33.78953172344027 ], [ -84.408958261932241, 33.79153128677919 ], [ -84.4086939995764, 33.796329206786758 ], [ -84.413261364202668, 33.79912782557561 ], [ -84.418093101702894, 33.797128325022697 ], [ -84.418356969173061, 33.792330142900035 ], [ -84.413789494057909, 33.78953172344027 ] ] ] } },
{ "type": "Feature", "properties": { "hex_id": "8844c1ab31fffff", "lat": 33.700772000044502, "lon": -84.333795680332642, "restaurant_accessibility": 0.0, "park_accessibility": 1.5099051187966688, "clinic_accessibility": 0.0, "restaurant_norm": 0.0, "park_norm": 0.074216228946049664, "clinic_norm": 0.0, "user_match_score": 0.0074216228946049666, "suitability": 2, "suitability_label": "Less Suitable" }, "geometry": { "type": "Polygon", "coordinates": [ [ [ -84.334062862231988, 33.695974131608438 ], [ -84.329238844327264, 33.697973117850893 ], [ -84.328971454133139, 33.7027707960615 ], [ -84.333528475088002, 33.705569751208081 ], [ -84.338352997876953, 33.703570828307477 ], [ -84.338619994797568, 33.698772886923415 ], [ -84.334062862231988, 33.695974131608438 ] ] ] } },
{ "type": "Feature", "properties": { "hex_id": "8844c1ad17fffff", "lat": 33.861897667675471, "lon": -84.442880419665798, "restaurant_accessibility": 0.94674424905007504, "park_accessibility": 1.5335453639037648, "clinic_accessibility": 0.27896851253610694, "restaurant_norm": 0.015335466862429266, "park_norm": 0.075378215763212866, "clinic_norm": 0.038015933434471808, "user_match_score": 0.030411928381324643, "suitability": 2, "suitability_label": "Less Suitable" }, "geometry": { "type": "Polygon", "coordinates": [ [ [ -84.443143400942859, 33.857100247172603 ], [ -84.438308002145888, 33.859098800004922 ], [ -84.438044811503715, 33.863896029971599 ], [ -84.442617415356352, 33.866694968700671 ], [ -84.447453320023101, 33.864696478551807 ], [ -84.447716114938174, 33.859898986995574 ], [ -84.443143400942859, 33.857100247172603 ] ] ] } },
{ "type": "Feature", "properties": { "hex_id": "8844c13009fffff", "lat": 33.874225719008514, "lon": -84.333557669802303, "restaurant_accessibility": 4.1433896461142066, "park_accessibility": 3.3868329542323972, "clinic_accessibility": 0.54824660960337213, "restaurant_norm": 0.06711507852291812, "park_norm": 0.16647269209449342, "clinic_norm": 0.074711322890460799, "user_match_score": 0.080089337627092722, "suitability": 1, "suitability_label": "Okay" }, "geometry": { "type": "Polygon", "coordinates": [ [ [ -84.333825299569696, 33.869431849664743 ], [ -84.328993385608882, 33.871424418452058 ], [ -84.328725546864419, 33.876218096776128 ], [ -84.333290016612182, 33.879019468790034 ], [ -84.338122437114507, 33.87702696389325 ], [ -84.338389881298184, 33.872233023097102 ], [ -84.333825299569696, 33.869431849664743 ] ] ] } },
{ "type": "Feature", "properties": { "hex_id": "8844c1a813fffff", "lat": 33.756346606137456, "lon": -84.392019048669312, "restaurant_accessibility": 43.165367448774163, "park_accessibility": 18.615118399156366, "clinic_accessibility": 6.1341374653440699, "restaurant_norm": 0.69919734160460345, "park_norm": 0.91498722123059162, "clinic_norm": 0.83591857532751945, "user_match_score": 0.77546482305636866, "suitability": 0, "suitability_label": "Most Suitable" }, "geometry": { "type": "Polygon", "coordinates": [ [ [ -84.392283915046434, 33.751548264458627 ], [ -84.387455209034272, 33.753548142058328 ], [ -84.387190133911133, 33.7583462934845 ], [ -84.391754159126762, 33.761144829768575 ], [ -84.396583370260331, 33.759145015065009 ], [ -84.396848051027675, 33.754346601186306 ], [ -84.392283915046434, 33.751548264458627 ] ] ] } },
{ "type": "Feature", "properties": { "hex_id": "8844c1a313fffff", "lat": 33.666598344781782, "lon": -84.529076627912843, "restaurant_accessibility": 0.0, "park_accessibility": 0.90749408379319441, "clinic_accessibility": 0.54335374751543197, "restaurant_norm": 0.0, "park_norm": 0.044605974144691328, "clinic_norm": 0.074044556889709692, "user_match_score": 0.034078420170353008, "suitability": 2, "suitability_label": "Less Suitable" }, "geometry": { "type": "Polygon", "coordinates": [ [ [ -84.529335486239489, 33.661793867489145 ], [ -84.524505815723487, 33.663803963341906 ], [ -84.524246748460584, 33.66860825133773 ], [ -84.52881774694184, 33.671402705120649 ], [ -84.533647921024553, 33.669392670412464 ], [ -84.533906593030295, 33.66458812078195 ], [ -84.529335486239489, 33.661793867489145 ] ] ] } },
{ "type": "Feature", "properties": { "hex_id": "8844c1ad65fffff", "lat": 33.822315129650313, "lon": -84.402539942096055, "restaurant_accessibility": 1.9633646116876193, "park_accessibility": 5.613522860788982, "clinic_accessibility": 1.9377193396802064, "restaurant_norm": 0.031802794652950953, "park_norm": 0.27592097850639985, "clinic_norm": 0.26405922576096114, "user_match_score": 0.14911718548149991, "suitability": 0, "suitability_label": "Most Suitable" }, "geometry": { "type": "Polygon", "coordinates": [ [ [ -84.402804529162893, 33.817517993699077 ], [ -84.397972427006351, 33.819515969088037 ], [ -84.397707630891432, 33.824312914525613 ], [ -84.40227533187192, 33.827112146674928 ], [ -84.407107939725876, 33.825114234277237 ], [ -84.407372340872698, 33.820317026744085 ], [ -84.402804529162893, 33.817517993699077 ] ] ] } },
{ "type": "Feature", "properties": { "hex_id": "8844c1a8cdfffff", "lat": 33.757144882727516, "lon": -84.401412668939244, "restaurant_accessibility": 22.173077604281492, "park_accessibility": 14.471346645674929, "clinic_accessibility": 4.3448293069243791, "restaurant_norm": 0.35916193542206165, "park_norm": 0.71130878519638274, "clinic_norm": 0.59208381696769852, "user_match_score": 0.48754537301774853, "suitability": 0, "suitability_label": "Most Suitable" }, "geometry": { "type": "Polygon", "coordinates": [ [ [ -84.401677140919972, 33.752346278629396 ], [ -84.396848051027675, 33.754346601186306 ], [ -84.396583370260331, 33.759145015065009 ], [ -84.40114817382576, 33.761943368760832 ], [ -84.405977768799573, 33.759943109002158 ], [ -84.406242055097266, 33.755144432754477 ], [ -84.401677140919972, 33.752346278629396 ] ] ] } },
{ "type": "Feature", "properties": { "hex_id": "8844c132e3fffff", "lat": 33.878261541847458, "lon": -84.380555713382577, "restaurant_accessibility": 5.7492372881594394, "park_accessibility": 2.8086560140272918, "clinic_accessibility": 0.2148609485394975, "restaurant_norm": 0.093126774210960592, "park_norm": 0.13805361355015008, "clinic_norm": 0.029279790192406768, "user_match_score": 0.072080664537458011, "suitability": 1, "suitability_label": "Okay" }, "geometry": { "type": "Polygon", "coordinates": [ [ [ -84.380821368997829, 33.873466361141254 ], [ -84.375987526918635, 33.875461157247713 ], [ -84.375721662122146, 33.880256147099217 ], [ -84.38029003450815, 33.883056602904745 ], [ -84.385124382930911, 33.88106187019897 ], [ -84.385389852594756, 33.876266618292107 ], [ -84.380821368997829, 33.873466361141254 ] ] ] } },
{ "type": "Feature", "properties": { "hex_id": "8844c1a189fffff", "lat": 33.737073751092701, "lon": -84.506379534468891, "restaurant_accessibility": 0.44842398396978306, "park_accessibility": 0.88899359963612601, "clinic_accessibility": 0.64250949091290432, "restaurant_norm": 0.0072636207226893798, "park_norm": 0.043696621529933651, "clinic_norm": 0.08755682788536906, "user_match_score": 0.04302420366848568, "suitability": 1, "suitability_label": "Okay" }, "geometry": { "type": "Polygon", "coordinates": [ [ [ -84.506639524012016, 33.732271557724403 ], [ -84.501807479789576, 33.734277919770172 ], [ -84.501547281122313, 33.739079923425265 ], [ -84.506119522171232, 33.741875826588561 ], [ -84.510952070746967, 33.739869526154962 ], [ -84.511211873891355, 33.735067260951084 ], [ -84.506639524012016, 33.732271557724403 ] ] ] } },
{ "type": "Feature", "properties": { "hex_id": "8844c1a32bfffff", "lat": 33.649045517661932, "lon": -84.49226322465644, "restaurant_accessibility": 1.6415608041653242, "park_accessibility": 0.54720534993877534, "clinic_accessibility": 0.74300659991245999, "restaurant_norm": 0.026590181392914448, "park_norm": 0.026896734785510929, "clinic_norm": 0.10125189107136028, "user_match_score": 0.056485520603552435, "suitability": 1, "suitability_label": "Okay" }, "geometry": { "type": "Polygon", "coordinates": [ [ [ -84.492523594732674, 33.64424173733827 ], [ -84.487696073265681, 33.646250619927571 ], [ -84.487435494467505, 33.651054210889882 ], [ -84.492002831813693, 33.653849181290077 ], [ -84.496830856871128, 33.65184036018276 ], [ -84.497091040962914, 33.647036507198401 ], [ -84.492523594732674, 33.64424173733827 ] ] ] } },
{ "type": "Feature", "properties": { "hex_id": "8844c1af53fffff", "lat": 33.793897934414694, "lon": -84.493849123517421, "restaurant_accessibility": 0.75108274378297657, "park_accessibility": 2.6736815865110501, "clinic_accessibility": 0.41137639971081374, "restaurant_norm": 0.012166120406628494, "park_norm": 0.13141922779325516, "clinic_norm": 0.056059580652116865, "user_match_score": 0.041648815243486514, "suitability": 1, "suitability_label": "Okay" }, "geometry": { "type": "Polygon", "coordinates": [ [ [ -84.494109782155363, 33.789097421093409 ], [ -84.489275609157701, 33.791101058839224 ], [ -84.489014741221027, 33.79590138213613 ], [ -84.493588442056307, 33.798698329120313 ], [ -84.498423120012774, 33.796694753300123 ], [ -84.498683592145966, 33.791894168575318 ], [ -84.494109782155363, 33.789097421093409 ] ] ] } },
{ "type": "Feature", "properties": { "hex_id": "8844c1b9bdfffff", "lat": 33.645577272718782, "lon": -84.365135439579205, "restaurant_accessibility": 1.0589943237976913, "park_accessibility": 0.38450207586696189, "clinic_accessibility": 0.0, "restaurant_norm": 0.017153705846531326, "park_norm": 0.018899395556401605, "clinic_norm": 0.0, "user_match_score": 0.010466792478905824, "suitability": 2, "suitability_label": "Less Suitable" }, "geometry": { "type": "Polygon", "coordinates": [ [ [ -84.365401162458411, 33.640777212172054 ], [ -84.360578490490568, 33.642779810358853 ], [ -84.360312559407916, 33.64757968105814 ], [ -84.364869693488657, 33.650377216702601 ], [ -84.369692869659289, 33.648374681345807 ], [ -84.36995840751726, 33.64357454751952 ], [ -84.365401162458411, 33.640777212172054 ] ] ] } },
{ "type": "Feature", "properties": { "hex_id": "8844c1ac03fffff", "lat": 33.852290884464644, "lon": -84.500132952220952, "restaurant_accessibility": 4.4949103425362953, "park_accessibility": 2.1249296414555303, "clinic_accessibility": 1.2543887811692751, "restaurant_norm": 0.072809049198576142, "park_norm": 0.10444647335866677, "clinic_norm": 0.17093958014242655, "user_match_score": 0.11522500399212537, "suitability": 0, "suitability_label": "Most Suitable" }, "geometry": { "type": "Polygon", "coordinates": [ [ [ -84.500393488695494, 33.847491537518358 ], [ -84.495556420548155, 33.849493340065038 ], [ -84.495295674519213, 33.854292496744058 ], [ -84.499872392920295, 33.857090112019151 ], [ -84.504709966550678, 33.85508837151361 ], [ -84.50497031626773, 33.850288953697088 ], [ -84.500393488695494, 33.847491537518358 ] ] ] } },
{ "type": "Feature", "properties": { "hex_id": "8844c132cdfffff", "lat": 33.857888198466469, "lon": -84.395853409013057, "restaurant_accessibility": 1.3605074667883741, "park_accessibility": 2.37143278166011, "clinic_accessibility": 0.41686798601010622, "restaurant_norm": 0.022037648703918517, "park_norm": 0.1165628197844099, "clinic_norm": 0.056807936720354273, "user_match_score": 0.045398281018541958, "suitability": 1, "suitability_label": "Okay" }, "geometry": { "type": "Polygon", "coordinates": [ [ [ -84.396118367417714, 33.85309208700113 ], [ -84.39128488925607, 33.855088410115421 ], [ -84.391019721689574, 33.859884330878579 ], [ -84.395588427412008, 33.862684190540563 ], [ -84.400422411644854, 33.860687930600093 ], [ -84.400687184054746, 33.855891747828956 ], [ -84.396118367417714, 33.85309208700113 ] ] ] } },
{ "type": "Feature", "properties": { "hex_id": "8844c1ae2bfffff", "lat": 33.803080590449675, "lon": -84.516983653382567, "restaurant_accessibility": 0.82540753464487571, "park_accessibility": 2.6291033805720421, "clinic_accessibility": 0.6488045747540232, "restaurant_norm": 0.013370041495627212, "park_norm": 0.1292280792920763, "clinic_norm": 0.088414679139235647, "user_match_score": 0.054973700332715501, "suitability": 1, "suitability_label": "Okay" }, "geometry": { "type": "Polygon", "coordinates": [ [ [ -84.517243356310487, 33.798279601811643 ], [ -84.512407914846548, 33.800284070349825 ], [ -84.512148002492069, 33.80508486901261 ], [ -84.516723927709236, 33.807881460334229 ], [ -84.521559874099623, 33.805877053503053 ], [ -84.521819390317305, 33.801075993648482 ], [ -84.517243356310487, 33.798279601811643 ] ] ] } },
{ "type": "Feature", "properties": { "hex_id": "8844c1b8bdfffff", "lat": 33.651126034924999, "lon": -84.430824656479558, "restaurant_accessibility": 9.9678458972515021, "park_accessibility": 1.3311328837274319, "clinic_accessibility": 0.46810563123583721, "restaurant_norm": 0.16146025772057981, "park_norm": 0.06542905353884966, "clinic_norm": 0.063790254877097358, "user_match_score": 0.11278913616501382, "suitability": 0, "suitability_label": "Most Suitable" }, "geometry": { "type": "Polygon", "coordinates": [ [ [ -84.431087624118604, 33.646324134475748 ], [ -84.42626227067062, 33.648329841785987 ], [ -84.425999094544878, 33.653131552621083 ], [ -84.430561665857141, 33.655927818693108 ], [ -84.435387523229323, 33.653922173528528 ], [ -84.43565030533594, 33.64912020015133 ], [ -84.431087624118604, 33.646324134475748 ] ] ] } },
{ "type": "Feature", "properties": { "hex_id": "8844c1aa81fffff", "lat": 33.738335127635104, "lon": -84.43548321555275, "restaurant_accessibility": 3.4211474906464656, "park_accessibility": 4.5900030788082882, "clinic_accessibility": 0.53544207731065763, "restaurant_norm": 0.055416121119228411, "park_norm": 0.22561200377371707, "clinic_norm": 0.072966408230114049, "user_match_score": 0.079455824229031538, "suitability": 1, "suitability_label": "Okay" }, "geometry": { "type": "Polygon", "coordinates": [ [ [ -84.435746202704749, 33.733535074950559 ], [ -84.430916710777694, 33.735537810791257 ], [ -84.430653514777589, 33.74033767347693 ], [ -84.435220205395964, 33.743135062479936 ], [ -84.440050202052319, 33.7411323890136 ], [ -84.440313003331809, 33.736332264174983 ], [ -84.435746202704749, 33.733535074950559 ] ] ] } },
{ "type": "Feature", "properties": { "hex_id": "8844c132c1fffff", "lat": 33.865483993939826, "lon": -84.400157616053448, "restaurant_accessibility": 0.27357424466699137, "park_accessibility": 1.9795277839891763, "clinic_accessibility": 0.38604950346892242, "restaurant_norm": 0.004431385527521552, "park_norm": 0.097299549086031736, "clinic_norm": 0.052608203316085449, "user_match_score": 0.032988928998798128, "suitability": 2, "suitability_label": "Less Suitable" }, "geometry": { "type": "Polygon", "coordinates": [ [ [ -84.400422411644854, 33.860687930600093 ], [ -84.395588427412008, 33.862684190540563 ], [ -84.395323422611554, 33.867480063160365 ], [ -84.399892797277474, 33.870279937785099 ], [ -84.404727287632298, 33.868283740996041 ], [ -84.404991897169936, 33.863487606435982 ], [ -84.400422411644854, 33.860687930600093 ] ] ] } },
{ "type": "Feature", "properties": { "hex_id": "8844c1a831fffff", "lat": 33.753948012688269, "lon": -84.363845162681656, "restaurant_accessibility": 30.698106928386203, "park_accessibility": 15.632360982206162, "clinic_accessibility": 4.3183151515800127, "restaurant_norm": 0.49725129253431249, "park_norm": 0.76837601726081783, "clinic_norm": 0.58847064802802396, "user_match_score": 0.56085150720444754, "suitability": 0, "suitability_label": "Most Suitable" }, "geometry": { "type": "Polygon", "coordinates": [ [ [ -84.364111211564705, 33.749150458768305 ], [ -84.359283658401182, 33.751149002073198 ], [ -84.359017400894032, 33.75594636564098 ], [ -84.363579090535254, 33.758745448611798 ], [ -84.368407148939298, 33.756746968496628 ], [ -84.368673012432353, 33.751949342225963 ], [ -84.364111211564705, 33.749150458768305 ] ] ] } },
{ "type": "Feature", "properties": { "hex_id": "8844c1aea5fffff", "lat": 33.854675270578703, "lon": -84.528380456284822, "restaurant_accessibility": 0.40478668195648648, "park_accessibility": 2.6533967283635658, "clinic_accessibility": 1.3463638224133414, "restaurant_norm": 0.0065567789334076655, "park_norm": 0.13042216800607354, "clinic_norm": 0.18347331383796206, "user_match_score": 0.089709931802496021, "suitability": 1, "suitability_label": "Okay" }, "geometry": { "type": "Polygon", "coordinates": [ [ [ -84.528639803361258, 33.849875140572905 ], [ -84.523801589291907, 33.851878283539413 ], [ -84.523542032539851, 33.856678223378388 ], [ -84.528121086481093, 33.859475281141002 ], [ -84.532959805909414, 33.857472199920863 ], [ -84.533218966008363, 33.852671999197021 ], [ -84.528639803361258, 33.849875140572905 ] ] ] } },
{ "type": "Feature", "properties": { "hex_id": "8844c1b9abfffff", "lat": 33.637979823136845, "lon": -84.36084439834714, "restaurant_accessibility": 0.85991297104843789, "park_accessibility": 0.26347222853880203, "clinic_accessibility": 0.0, "restaurant_norm": 0.013928964327291014, "park_norm": 0.012950426480933653, "clinic_norm": 0.0, "user_match_score": 0.008259524811738873, "suitability": 2, "suitability_label": "Less Suitable" }, "geometry": { "type": "Polygon", "coordinates": [ [ [ -84.36111028298069, 33.633179719455548 ], [ -84.356288115164929, 33.635182380493724 ], [ -84.356022022374887, 33.639982294345891 ], [ -84.360578490490568, 33.642779810358853 ], [ -84.365401162458411, 33.640777212172054 ], [ -84.365666862129345, 33.63597703512589 ], [ -84.36111028298069, 33.633179719455548 ] ] ] } },
{ "type": "Feature", "properties": { "hex_id": "8844c1ad31fffff", "lat": 33.860295770689561, "lon": -84.424066124582325, "restaurant_accessibility": 2.5725208174374159, "park_accessibility": 0.61675222815967223, "clinic_accessibility": 0.33694286273057683, "restaurant_norm": 0.041669973478375269, "park_norm": 0.030315166163926696, "clinic_norm": 0.045916283971754998, "user_match_score": 0.042233016944282303, "suitability": 1, "suitability_label": "Okay" }, "geometry": { "type": "Polygon", "coordinates": [ [ [ -84.424329897052672, 33.855498873550637 ], [ -84.41949526590237, 33.857496534206142 ], [ -84.419231284148168, 33.862293240742417 ], [ -84.423802329013938, 33.865092548385427 ], [ -84.428637466114921, 33.86309495060955 ], [ -84.428901052370151, 33.858297982316195 ], [ -84.424329897052672, 33.855498873550637 ] ] ] } },
{ "type": "Feature", "properties": { "hex_id": "8844c1adc5fffff", "lat": 33.870293929600194, "lon": -84.456600569322717, "restaurant_accessibility": 9.5569945199301198, "park_accessibility": 3.488460953519203, "clinic_accessibility": 0.37188592526862729, "restaurant_norm": 0.15480524218854225, "park_norm": 0.17146800389819772, "clinic_norm": 0.050678087113502676, "user_match_score": 0.11482065632949197, "suitability": 0, "suitability_label": "Most Suitable" }, "geometry": { "type": "Polygon", "coordinates": [ [ [ -84.456862991381328, 33.865496296073381 ], [ -84.452026703236001, 33.867495232553502 ], [ -84.451764071724526, 33.872292675559677 ], [ -84.456338124276471, 33.875091443528753 ], [ -84.461174918301396, 33.873092569611437 ], [ -84.461437153865518, 33.868294865167435 ], [ -84.456862991381328, 33.865496296073381 ] ] ] } },
{ "type": "Feature", "properties": { "hex_id": "8844c1ae65fffff", "lat": 33.780288179539994, "lon": -84.504038604269482, "restaurant_accessibility": 0.16964167576933359, "park_accessibility": 1.6579005797939024, "clinic_accessibility": 0.89919188165582131, "restaurant_norm": 0.0027478744126070579, "park_norm": 0.081490636377094319, "clinic_norm": 0.12253576006511042, "user_match_score": 0.058537304870057136, "suitability": 1, "suitability_label": "Okay" }, "geometry": { "type": "Polygon", "coordinates": [ [ [ -84.504298798710622, 33.775487049305781 ], [ -84.499464871726175, 33.777491703098647 ], [ -84.499204467999704, 33.782292643411267 ], [ -84.503778387047035, 33.785089191331366 ], [ -84.508612818807975, 33.783084599312303 ], [ -84.508872826715958, 33.77828339760454 ], [ -84.504298798710622, 33.775487049305781 ] ] ] } },
{ "type": "Feature", "properties": { "hex_id": "8844c1a9e3fffff", "lat": 33.771921759129185, "lon": -84.320398481200129, "restaurant_accessibility": 2.7669052188089003, "park_accessibility": 12.025157737995221, "clinic_accessibility": 3.0417030255660906, "restaurant_norm": 0.044818633265637287, "park_norm": 0.59107148435039991, "clinic_norm": 0.41450262144687589, "user_match_score": 0.24731751364660901, "suitability": 0, "suitability_label": "Most Suitable" }, "geometry": { "type": "Polygon", "coordinates": [ [ [ -84.320666407287661, 33.767125919389095 ], [ -84.315839648664394, 33.76912160544029 ], [ -84.315571514055989, 33.773917254575792 ], [ -84.320130531689003, 33.776717480665553 ], [ -84.324957795941486, 33.774721858325215 ], [ -84.325225536902437, 33.769925946189254 ], [ -84.320666407287661, 33.767125919389095 ] ] ] } },
{ "type": "Feature", "properties": { "hex_id": "8844c1a90bfffff", "lat": 33.727952536685081, "lon": -84.313427011552932, "restaurant_accessibility": 0.0, "park_accessibility": 3.676601234184079, "clinic_accessibility": 0.24028152429769103, "restaurant_norm": 0.0, "park_norm": 0.18071564599833606, "clinic_norm": 0.032743933536413569, "user_match_score": 0.031169138014399037, "suitability": 2, "suitability_label": "Less Suitable" }, "geometry": { "type": "Polygon", "coordinates": [ [ [ -84.313695120246635, 33.72315589915894 ], [ -84.308870622914995, 33.72515285562465 ], [ -84.308602305901289, 33.72994930272057 ], [ -84.313158879430574, 33.732749056593256 ], [ -84.3179838820067, 33.730752163773616 ], [ -84.318251805779781, 33.725955453440179 ], [ -84.313695120246635, 33.72315589915894 ] ] ] } },
{ "type": "Feature", "properties": { "hex_id": "8844c1a0e5fffff", "lat": 33.732628333978283, "lon": -84.539690595685798, "restaurant_accessibility": 0.0, "park_accessibility": 0.46787920188915177, "clinic_accessibility": 0.17349893143517897, "restaurant_norm": 0.0, "park_norm": 0.022997623846837501, "clinic_norm": 0.023643255536009877, "user_match_score": 0.011757064599087702, "suitability": 2, "suitability_label": "Less Suitable" }, "geometry": { "type": "Polygon", "coordinates": [ [ [ -84.539949166308276, 33.727825048896349 ], [ -84.535116102605826, 33.729833256380992 ], [ -84.534857322745196, 33.734636351902203 ], [ -84.5394320024282, 33.737431501223405 ], [ -84.544265570268877, 33.735423354980469 ], [ -84.544523954259276, 33.73061999817984 ], [ -84.539949166308276, 33.727825048896349 ] ] ] } },
{ "type": "Feature", "properties": { "hex_id": "8844c1ace1fffff", "lat": 33.881881450991195, "lon": -84.507986306975795, "restaurant_accessibility": 3.66065272775423, "park_accessibility": 5.7533100457367148, "clinic_accessibility": 1.5344865920098207, "restaurant_norm": 0.059295653137225512, "park_norm": 0.28279192529150166, "clinic_norm": 0.20910940667680025, "user_match_score": 0.14157078176848303, "suitability": 0, "suitability_label": "Most Suitable" }, "geometry": { "type": "Polygon", "coordinates": [ [ [ -84.508246583901936, 33.877082560342728 ], [ -84.503407875738347, 33.879083667852719 ], [ -84.503147389109586, 33.883882368129697 ], [ -84.507726007238517, 33.886680221851627 ], [ -84.512565221126891, 33.884679176390726 ], [ -84.512825311132303, 33.879880215164043 ], [ -84.508246583901936, 33.877082560342728 ] ] ] } },
{ "type": "Feature", "properties": { "hex_id": "8844c1ab1dfffff", "lat": 33.687975015862428, "lon": -84.353359815730315, "restaurant_accessibility": 0.0, "park_accessibility": 1.0114827013839212, "clinic_accessibility": 0.0, "restaurant_norm": 0.0, "park_norm": 0.049717317205139534, "clinic_norm": 0.0, "user_match_score": 0.0049717317205139541, "suitability": 2, "suitability_label": "Less Suitable" }, "geometry": { "type": "Polygon", "coordinates": [ [ [ -84.353626141064808, 33.683176269689433 ], [ -84.348801978863094, 33.685176714335384 ], [ -84.348535445205798, 33.689975270418671 ], [ -84.353093467124665, 33.69277364491893 ], [ -84.357918133991163, 33.690773263364861 ], [ -84.35818427424482, 33.68597444422366 ], [ -84.353626141064808, 33.683176269689433 ] ] ] } },
{ "type": "Feature", "properties": { "hex_id": "8844c1334dfffff", "lat": 33.799080961002772, "lon": -84.30001586924601, "restaurant_accessibility": 3.2036305852320379, "park_accessibility": 5.7783832178600667, "clinic_accessibility": 2.9260087584564372, "restaurant_norm": 0.051892758502187913, "park_norm": 0.28402434463993953, "clinic_norm": 0.39873659281086155, "user_match_score": 0.21384345083943257, "suitability": 0, "suitability_label": "Most Suitable" }, "geometry": { "type": "Polygon", "coordinates": [ [ [ -84.300284723345797, 33.794286357410073 ], [ -84.295457485563702, 33.796280010615398 ], [ -84.295188422917917, 33.801074423399825 ], [ -84.299746991639083, 33.803875446047485 ], [ -84.304574735411094, 33.801881856856362 ], [ -84.30484340444265, 33.797087181008365 ], [ -84.300284723345797, 33.794286357410073 ] ] ] } },
{ "type": "Feature", "properties": { "hex_id": "8844c1af41fffff", "lat": 33.770312561647103, "lon": -84.47150953082226, "restaurant_accessibility": 0.0, "park_accessibility": 2.2023516022301917, "clinic_accessibility": 0.87808620005797189, "restaurant_norm": 0.0, "park_norm": 0.10825198795344054, "clinic_norm": 0.11965962117968998, "user_match_score": 0.058689047267220053, "suitability": 1, "suitability_label": "Okay" }, "geometry": { "type": "Polygon", "coordinates": [ [ [ -84.471771075536168, 33.765512169385183 ], [ -84.466938799336802, 33.767515547218323 ], [ -84.466677045505747, 33.772315749476164 ], [ -84.471247963216598, 33.77511283562103 ], [ -84.476080744265261, 33.773109519878176 ], [ -84.476342102724644, 33.768309055905327 ], [ -84.471771075536168, 33.765512169385183 ] ] ] } },
{ "type": "Feature", "properties": { "hex_id": "8844c1af67fffff", "lat": 33.782326919982822, "lon": -84.442515920035788, "restaurant_accessibility": 0.0, "park_accessibility": 4.9778632765201571, "clinic_accessibility": 0.96745587943608258, "restaurant_norm": 0.0, "park_norm": 0.24467646078766839, "clinic_norm": 0.13183831386228659, "user_match_score": 0.077202971623681477, "suitability": 1, "suitability_label": "Okay" }, "geometry": { "type": "Polygon", "coordinates": [ [ [ -84.442778719283496, 33.777527668169121 ], [ -84.437946963926279, 33.779529138726922 ], [ -84.43768395562914, 33.784328200367128 ], [ -84.442253097788978, 33.787126053370017 ], [ -84.447085358258576, 33.785124645250455 ], [ -84.447347971426751, 33.780325321694917 ], [ -84.442778719283496, 33.777527668169121 ] ] ] } },
{ "type": "Feature", "properties": { "hex_id": "8844c1ab3dfffff", "lat": 33.693175322407953, "lon": -84.329506211161373, "restaurant_accessibility": 0.0, "park_accessibility": 1.748734796728314, "clinic_accessibility": 0.0, "restaurant_norm": 0.0, "park_norm": 0.085955402378756748, "clinic_norm": 0.0, "user_match_score": 0.0085955402378756745, "suitability": 2, "suitability_label": "Less Suitable" }, "geometry": { "type": "Polygon", "coordinates": [ [ [ -84.329773554638493, 33.688377409795997 ], [ -84.32495004156705, 33.690376459401861 ], [ -84.324682489842118, 33.69517418180655 ], [ -84.329238844327264, 33.697973117850893 ], [ -84.334062862231988, 33.695974131608438 ], [ -84.334330020789082, 33.691176145963205 ], [ -84.329773554638493, 33.688377409795997 ] ] ] } },
{ "type": "Feature", "properties": { "hex_id": "8844c13023fffff", "lat": 33.893769895292849, "lon": -84.308860522404871, "restaurant_accessibility": 2.6354832714368661, "park_accessibility": 1.6450962749528952, "clinic_accessibility": 0.0, "restaurant_norm": 0.042689846192526526, "park_norm": 0.080861267546069662, "clinic_norm": 0.0, "user_match_score": 0.029431049850870229, "suitability": 2, "suitability_label": "Less Suitable" }, "geometry": { "type": "Polygon", "coordinates": [ [ [ -84.309129243969451, 33.888977220741431 ], [ -84.304297355878731, 33.890967816640199 ], [ -84.304028425359064, 33.895760299987167 ], [ -84.308591777322135, 33.898562450042249 ], [ -84.313424172265002, 33.896571918358568 ], [ -84.313692708363234, 33.891779172409763 ], [ -84.309129243969451, 33.888977220741431 ] ] ] } },
{ "type": "Feature", "properties": { "hex_id": "8844c1a9b3fffff", "lat": 33.809095746655316, "lon": -84.332473157587529, "restaurant_accessibility": 5.3111511709539476, "park_accessibility": 4.5699715351474399, "clinic_accessibility": 3.4736241550486682, "restaurant_norm": 0.086030607384453908, "park_norm": 0.22462739513045271, "clinic_norm": 0.47336189828094627, "user_match_score": 0.25482280251765077, "suitability": 0, "suitability_label": "Most Suitable" }, "geometry": { "type": "Polygon", "coordinates": [ [ [ -84.3327406684854, 33.804300400754869 ], [ -84.3279117667809, 33.806295323694847 ], [ -84.327644047167297, 33.811090478867946 ], [ -84.332205623291955, 33.813890973852949 ], [ -84.337035030920433, 33.811896114611763 ], [ -84.337302356470971, 33.807100696691812 ], [ -84.3327406684854, 33.804300400754869 ] ] ] } },
{ "type": "Feature", "properties": { "hex_id": "8844c1a845fffff", "lat": 33.710765787127237, "lon": -84.366238765514183, "restaurant_accessibility": 0.28247402007044969, "park_accessibility": 4.1100726993874517, "clinic_accessibility": 0.5892032920637863, "restaurant_norm": 0.0045755450626016317, "park_norm": 0.20202202949397699, "clinic_norm": 0.080292621295636107, "user_match_score": 0.05460702399895296, "suitability": 1, "suitability_label": "Okay" }, "geometry": { "type": "Polygon", "coordinates": [ [ [ -84.366504605164053, 33.705967174086076 ], [ -84.361678928815635, 33.707967429521211 ], [ -84.361412880701977, 33.712765852418165 ], [ -84.365972902628329, 33.715564282741411 ], [ -84.370799083793884, 33.713564090333257 ], [ -84.371064738186732, 33.708765404579907 ], [ -84.366504605164053, 33.705967174086076 ] ] ] } },
{ "type": "Feature", "properties": { "hex_id": "8844c11491fffff", "lat": 33.689971056288471, "lon": -84.291994814370668, "restaurant_accessibility": 0.12371690139014715, "park_accessibility": 1.0876096877968773, "clinic_accessibility": 0.0, "restaurant_norm": 0.0020039798958321228, "park_norm": 0.053459180042918025, "clinic_norm": 0.0, "user_match_score": 0.0063479079522078645, "suitability": 2, "suitability_label": "Less Suitable" }, "geometry": { "type": "Polygon", "coordinates": [ [ [ -84.292263729542967, 33.685174197337552 ], [ -84.287441757666528, 33.687171472357711 ], [ -84.287172634409373, 33.69196814096923 ], [ -84.291725875711535, 33.694767798138351 ], [ -84.296548352576693, 33.692770586872157 ], [ -84.296817083121724, 33.687973654687802 ], [ -84.292263729542967, 33.685174197337552 ] ] ] } },
{ "type": "Feature", "properties": { "hex_id": "8844c1a8dbfffff", "lat": 33.781530291410867, "lon": -84.433115295608417, "restaurant_accessibility": 1.1823541480795965, "park_accessibility": 5.0161011348569451, "clinic_accessibility": 0.88625014843073846, "restaurant_norm": 0.0191519017683216, "park_norm": 0.24655596275994551, "clinic_norm": 0.12077214859391343, "user_match_score": 0.082540406597720717, "suitability": 1, "suitability_label": "Okay" }, "geometry": { "type": "Polygon", "coordinates": [ [ [ -84.433378489911803, 33.776731301562961 ], [ -84.428547117708604, 33.778732326581476 ], [ -84.428283714396301, 33.783531126222556 ], [ -84.432852078273172, 33.786329162849384 ], [ -84.43768395562914, 33.784328200367128 ], [ -84.437946963926279, 33.779529138726922 ], [ -84.433378489911803, 33.776731301562961 ] ] ] } },
{ "type": "Feature", "properties": { "hex_id": "8844c1ad2dfffff", "lat": 33.836705823691801, "lon": -84.401746041939731, "restaurant_accessibility": 0.34406404469826352, "park_accessibility": 3.4937696909609159, "clinic_accessibility": 1.2519884876245686, "restaurant_norm": 0.0055731870157307122, "park_norm": 0.17172894378672701, "clinic_norm": 0.17061248444696903, "user_match_score": 0.088204481665325657, "suitability": 1, "suitability_label": "Okay" }, "geometry": { "type": "Polygon", "coordinates": [ [ [ -84.402010698487487, 33.831909044709803 ], [ -84.397177969133153, 33.833906448488939 ], [ -84.396913103483698, 33.838703036888447 ], [ -84.40148136222561, 33.841502483557811 ], [ -84.406314597418813, 33.839505142823405 ], [ -84.40657906800196, 33.834708292380022 ], [ -84.402010698487487, 33.831909044709803 ] ] ] } },
{ "type": "Feature", "properties": { "hex_id": "8844c13061fffff", "lat": 33.865012053155738, "lon": -84.310472499127386, "restaurant_accessibility": 3.7931445909887214, "park_accessibility": 4.0855886303464173, "clinic_accessibility": 0.46638079090442019, "restaurant_norm": 0.06144177082446016, "park_norm": 0.20081856627575276, "clinic_norm": 0.06355520535617426, "user_match_score": 0.076224824182275067, "suitability": 1, "suitability_label": "Okay" }, "geometry": { "type": "Polygon", "coordinates": [ [ [ -84.310741079647499, 33.860218661113343 ], [ -84.30591044491247, 33.862210403760443 ], [ -84.305641655544363, 33.867003604735096 ], [ -84.310203895107534, 33.869805325773619 ], [ -84.315035036411189, 33.867813647235131 ], [ -84.315303431553644, 33.863020183554553 ], [ -84.310741079647499, 33.860218661113343 ] ] ] } },
{ "type": "Feature", "properties": { "hex_id": "8844c1a109fffff", "lat": 33.683887464268864, "lon": -84.476213836130924, "restaurant_accessibility": 0.0, "park_accessibility": 1.8750738549705157, "clinic_accessibility": 0.35419812592794997, "restaurant_norm": 0.0, "park_norm": 0.092165334615296315, "clinic_norm": 0.048267713999259353, "user_match_score": 0.028523619061233373, "suitability": 2, "suitability_label": "Less Suitable" }, "geometry": { "type": "Polygon", "coordinates": [ [ [ -84.476474969304476, 33.679084953660912 ], [ -84.471646454156243, 33.681091747605706 ], [ -84.47138511218732, 33.685894068627086 ], [ -84.475952680119462, 33.688689857730125 ], [ -84.48078169927112, 33.686683125550715 ], [ -84.481042646458121, 33.68188054250799 ], [ -84.476474969304476, 33.679084953660912 ] ] ] } },
{ "type": "Feature", "properties": { "hex_id": "8844c1ae11fffff", "lat": 33.813051537974218, "lon": -84.549544092622526, "restaurant_accessibility": 0.0, "park_accessibility": 0.40849997500853685, "clinic_accessibility": 0.27433630105946777, "restaurant_norm": 0.0, "park_norm": 0.02007896210978527, "clinic_norm": 0.037384687128035991, "user_match_score": 0.016961771062192925, "suitability": 2, "suitability_label": "Less Suitable" }, "geometry": { "type": "Polygon", "coordinates": [ [ [ -84.549802442380283, 33.808249813895131 ], [ -84.54496535238053, 33.810255560816209 ], [ -84.544706793028254, 33.815057095002949 ], [ -84.549285720230131, 33.817853143144838 ], [ -84.554123315081625, 33.815847457613671 ], [ -84.554381477850384, 33.811045662555969 ], [ -84.549802442380283, 33.808249813895131 ] ] ] } },
{ "type": "Feature", "properties": { "hex_id": "8844c1a9abfffff", "lat": 33.78630856887461, "lon": -84.319594562383514, "restaurant_accessibility": 6.5328018610157761, "park_accessibility": 8.7616684514367282, "clinic_accessibility": 4.2140857974480461, "restaurant_norm": 0.10581903883645855, "park_norm": 0.43066149233233747, "clinic_norm": 0.57426697983415931, "user_match_score": 0.32568246058512673, "suitability": 0, "suitability_label": "Most Suitable" }, "geometry": { "type": "Polygon", "coordinates": [ [ [ -84.319862558751126, 33.781513083935081 ], [ -84.315035174511792, 33.783508198103533 ], [ -84.31476696956986, 33.788303492369543 ], [ -84.319326542583056, 33.791103935421063 ], [ -84.324154432592962, 33.789108885017392 ], [ -84.324422243789797, 33.784313327802423 ], [ -84.319862558751126, 33.781513083935081 ] ] ] } },
{ "type": "Feature", "properties": { "hex_id": "8844c1addbfffff", "lat": 33.887883246347229, "lon": -84.493469812515016, "restaurant_accessibility": 2.1477582152097279, "park_accessibility": 3.9940058767407001, "clinic_accessibility": 1.021162388917261, "restaurant_norm": 0.034789622404262331, "park_norm": 0.19631700751918107, "clinic_norm": 0.13915707206504269, "user_match_score": 0.092689340780066354, "suitability": 0, "suitability_label": "Most Suitable" }, "geometry": { "type": "Polygon", "coordinates": [ [ [ -84.493730718515323, 33.883084926897766 ], [ -84.488892269589243, 33.885085078436092 ], [ -84.488631153920068, 33.889883207429577 ], [ -84.493208883649729, 33.892681445939928 ], [ -84.498047838433223, 33.89068135662459 ], [ -84.498308557600438, 33.885882966581164 ], [ -84.493730718515323, 33.883084926897766 ] ] ] } },
{ "type": "Feature", "properties": { "hex_id": "8844c1aa65fffff", "lat": 33.668369477477164, "lon": -84.378013530801937, "restaurant_accessibility": 0.0, "park_accessibility": 1.5919132872090493, "clinic_accessibility": 0.0, "restaurant_norm": 0.0, "park_norm": 0.07824716898762657, "clinic_norm": 0.0, "user_match_score": 0.007824716898762657, "suitability": 2, "suitability_label": "Less Suitable" }, "geometry": { "type": "Polygon", "coordinates": [ [ [ -84.378278767995994, 33.663569547467787 ], [ -84.373454583267815, 33.665571957228906 ], [ -84.373189137729497, 33.670371697336066 ], [ -84.377748270431724, 33.673169290612854 ], [ -84.382572959514647, 33.671166943617315 ], [ -84.382838011511467, 33.666366940584389 ], [ -84.378278767995994, 33.663569547467787 ] ] ] } },
{ "type": "Feature", "properties": { "hex_id": "8844c1a043fffff", "lat": 33.68257996090442, "lon": -84.547106550706516, "restaurant_accessibility": 0.0, "park_accessibility": 0.4516466068994181, "clinic_accessibility": 0.16972134101765274, "restaurant_norm": 0.0, "park_norm": 0.022199744582008803, "clinic_norm": 0.023128471180779864, "user_match_score": 0.011471362930512825, "suitability": 2, "suitability_label": "Less Suitable" }, "geometry": { "type": "Polygon", "coordinates": [ [ [ -84.547364686070651, 33.677775311647565 ], [ -84.542533628254034, 33.67978573102107 ], [ -84.54227528381972, 33.684590190978504 ], [ -84.546848392754811, 33.687384492982964 ], [ -84.55167995419599, 33.685374134612346 ], [ -84.551937903048511, 33.680569413239589 ], [ -84.547364686070651, 33.677775311647565 ] ] ] } },
{ "type": "Feature", "properties": { "hex_id": "8844c1a853fffff", "lat": 33.735151766057868, "lon": -84.397906542651299, "restaurant_accessibility": 5.027055504425757, "park_accessibility": 11.381144593919409, "clinic_accessibility": 2.8154773608592571, "restaurant_norm": 0.08142879471522016, "park_norm": 0.55941636486641055, "clinic_norm": 0.38367412495284597, "user_match_score": 0.25012568382538958, "suitability": 0, "suitability_label": "Most Suitable" }, "geometry": { "type": "Polygon", "coordinates": [ [ [ -84.398171107710908, 33.730352762688774 ], [ -84.393343148961108, 33.732353718531435 ], [ -84.393078375215453, 33.737152531768459 ], [ -84.397641954456191, 33.739950651655469 ], [ -84.40247041809576, 33.737949758578829 ], [ -84.402734797575633, 33.733150682854216 ], [ -84.398171107710908, 33.730352762688774 ] ] ] } },
{ "type": "Feature", "properties": { "hex_id": "8844c1af4dfffff", "lat": 33.762715226712722, "lon": -84.467200530261195, "restaurant_accessibility": 0.0, "park_accessibility": 1.6688593546025567, "clinic_accessibility": 1.0817622038613286, "restaurant_norm": 0.0, "park_norm": 0.082029292038329163, "clinic_norm": 0.14741520309965833, "user_match_score": 0.067169010443696248, "suitability": 1, "suitability_label": "Okay" }, "geometry": { "type": "Polygon", "coordinates": [ [ [ -84.467462238281911, 33.757914788022653 ], [ -84.462630466881691, 33.759918227968171 ], [ -84.462368549790867, 33.764718476672101 ], [ -84.466938799336802, 33.767515547218323 ], [ -84.471771075536168, 33.765512169385183 ], [ -84.472032597361292, 33.760711658898607 ], [ -84.467462238281911, 33.757914788022653 ] ] ] } },
{ "type": "Feature", "properties": { "hex_id": "8844c1ad25fffff", "lat": 33.843499506149044, "lon": -84.39664821465, "restaurant_accessibility": 3.4438221035481202, "park_accessibility": 3.460741793528193, "clinic_accessibility": 0.97836252565525039, "restaurant_norm": 0.05578340697823482, "park_norm": 0.17010552654881003, "clinic_norm": 0.13332459750373357, "user_match_score": 0.098232095145491846, "suitability": 0, "suitability_label": "Most Suitable" }, "geometry": { "type": "Polygon", "coordinates": [ [ [ -84.396913103483698, 33.838703036888447 ], [ -84.392080252700268, 33.84069993197182 ], [ -84.391815154758376, 33.845496210598952 ], [ -84.396383302629005, 33.848295856207635 ], [ -84.401216659342083, 33.846299024244729 ], [ -84.40148136222561, 33.841502483557811 ], [ -84.396913103483698, 33.838703036888447 ] ] ] } },
{ "type": "Feature", "properties": { "hex_id": "8844c1306bfffff", "lat": 33.865821650644861, "lon": -84.319866266503354, "restaurant_accessibility": 4.3924671127620094, "park_accessibility": 3.6580678990708204, "clinic_accessibility": 0.6378913894676832, "restaurant_norm": 0.071149662561625263, "park_norm": 0.17980467866351726, "clinic_norm": 0.086927504398144173, "user_match_score": 0.088326300906422031, "suitability": 1, "suitability_label": "Okay" }, "geometry": { "type": "Polygon", "coordinates": [ [ [ -84.320134452756903, 33.86102799592944 ], [ -84.315303431553644, 33.863020183554553 ], [ -84.315035036411189, 33.867813647235131 ], [ -84.319598056782738, 33.870615185918474 ], [ -84.324429584515499, 33.868623062304103 ], [ -84.324697585317836, 33.863829336000705 ], [ -84.320134452756903, 33.86102799592944 ] ] ] } },
{ "type": "Feature", "properties": { "hex_id": "8844c1aac3fffff", "lat": 33.72472810017004, "lon": -84.445667993926136, "restaurant_accessibility": 0.23076231401989367, "park_accessibility": 3.3853720455187051, "clinic_accessibility": 0.37450587763663956, "restaurant_norm": 0.0037379131938750222, "park_norm": 0.16640088418139018, "clinic_norm": 0.051035116420926577, "user_match_score": 0.038923091583447159, "suitability": 1, "suitability_label": "Okay" }, "geometry": { "type": "Polygon", "coordinates": [ [ [ -84.445930517418887, 33.719927432175815 ], [ -84.441101269260784, 33.72193118301324 ], [ -84.440838536933043, 33.726731661111451 ], [ -84.44540544747035, 33.729528650497592 ], [ -84.450235200176351, 33.72752496188243 ], [ -84.450497537768015, 33.722724221663967 ], [ -84.445930517418887, 33.719927432175815 ] ] ] } },
{ "type": "Feature", "properties": { "hex_id": "8844c1aa05fffff", "lat": 33.6843591213877, "lon": -84.395989613649888, "restaurant_accessibility": 0.33999972731123268, "park_accessibility": 3.0029075923829356, "clinic_accessibility": 0.62401344971337358, "restaurant_norm": 0.0055073527583061289, "park_norm": 0.14760164370972953, "clinic_norm": 0.085036313062207436, "user_match_score": 0.051528365975008997, "suitability": 1, "suitability_label": "Okay" }, "geometry": { "type": "Polygon", "coordinates": [ [ [ -84.396254132908481, 33.679559016589728 ], [ -84.391428555947115, 33.681561745203751 ], [ -84.391163828209841, 33.686361660096352 ], [ -84.395725071271215, 33.689159109087875 ], [ -84.400551152648774, 33.687156443098502 ], [ -84.400815486519605, 33.682356265497972 ], [ -84.396254132908481, 33.679559016589728 ] ] ] } },
{ "type": "Feature", "properties": { "hex_id": "8844c1326dfffff", "lat": 33.809900937589788, "lon": -84.341864526957437, "restaurant_accessibility": 5.4082417377253638, "park_accessibility": 5.7865156488504761, "clinic_accessibility": 2.7667724119923203, "restaurant_norm": 0.087603291000828087, "park_norm": 0.2844240772805926, "clinic_norm": 0.37703694544745225, "user_match_score": 0.22305883140745422, "suitability": 0, "suitability_label": "Most Suitable" }, "geometry": { "type": "Polygon", "coordinates": [ [ [ -84.342131643751443, 33.805105328975472 ], [ -84.337302356470971, 33.807100696691812 ], [ -84.337035030920433, 33.811896114611763 ], [ -84.341597386798355, 33.814696427484066 ], [ -84.346427179963499, 33.812701123368683 ], [ -84.346694111336745, 33.807905442785106 ], [ -84.342131643751443, 33.805105328975472 ] ] ] } },
{ "type": "Feature", "properties": { "hex_id": "8844c1aab1fffff", "lat": 33.759535944957882, "lon": -84.429600500520579, "restaurant_accessibility": 0.278145215065281, "park_accessibility": 5.2614543933367717, "clinic_accessibility": 1.2483540399227613, "restaurant_norm": 0.0045054266058195706, "park_norm": 0.25861578915387817, "clinic_norm": 0.17011720660845278, "user_match_score": 0.096161174861678717, "suitability": 0, "suitability_label": "Most Suitable" }, "geometry": { "type": "Polygon", "coordinates": [ [ [ -84.429863788629348, 33.754736554103538 ], [ -84.4250335483068, 33.756738212108452 ], [ -84.424770051289798, 33.761537412843197 ], [ -84.429337189377151, 33.764335217696136 ], [ -84.43416793466082, 33.762333622195619 ], [ -84.434431036866826, 33.757534159342875 ], [ -84.429863788629348, 33.754736554103538 ] ] ] } },
{ "type": "Feature", "properties": { "hex_id": "8844c1a03dfffff", "lat": 33.709833369868271, "lon": -84.52674588362062, "restaurant_accessibility": 0.0, "park_accessibility": 1.3538437047280103, "clinic_accessibility": 0.0, "restaurant_norm": 0.0, "park_norm": 0.066545356457456198, "clinic_norm": 0.0, "user_match_score": 0.0066545356457456198, "suitability": 2, "suitability_label": "Less Suitable" }, "geometry": { "type": "Polygon", "coordinates": [ [ [ -84.527004945853321, 33.705029947447649 ], [ -84.522173394267128, 33.707038338789445 ], [ -84.52191412293719, 33.711841571703474 ], [ -84.526486798716888, 33.714636674763227 ], [ -84.531318854292095, 33.712628344729119 ], [ -84.531577730069529, 33.707824850332777 ], [ -84.527004945853321, 33.705029947447649 ] ] ] } },
{ "type": "Feature", "properties": { "hex_id": "8844c1a903fffff", "lat": 33.734745632175439, "lon": -84.308333965441179, "restaurant_accessibility": 0.80328031155522672, "park_accessibility": 5.1602229436308411, "clinic_accessibility": 0.66123860460897976, "restaurant_norm": 0.013011622316646867, "park_norm": 0.253639968915648, "clinic_norm": 0.090109104244746732, "user_match_score": 0.06791344974778693, "suitability": 1, "suitability_label": "Okay" }, "geometry": { "type": "Polygon", "coordinates": [ [ [ -84.308602305901289, 33.72994930272057 ], [ -84.303777688890847, 33.731945751548452 ], [ -84.303509140104467, 33.736741890521991 ], [ -84.308065601531595, 33.739541843926069 ], [ -84.312890723876563, 33.737545458820257 ], [ -84.313158879430574, 33.732749056593256 ], [ -84.308602305901289, 33.72994930272057 ] ] ] } },
{ "type": "Feature", "properties": { "hex_id": "8844c1aeadfffff", "lat": 33.847871679052659, "lon": -84.533478103398025, "restaurant_accessibility": 0.1304476983592861, "park_accessibility": 2.6008016787469086, "clinic_accessibility": 1.2817336579089293, "restaurant_norm": 0.0021130060810785993, "park_norm": 0.1278369683169106, "clinic_norm": 0.17466595414950734, "user_match_score": 0.083706581532033295, "suitability": 1, "suitability_label": "Okay" }, "geometry": { "type": "Polygon", "coordinates": [ [ [ -84.533737218081356, 33.843071239551008 ], [ -84.528899127713416, 33.845074891186826 ], [ -84.528639803361258, 33.849875140572905 ], [ -84.533218966008363, 33.852671999197021 ], [ -84.538057561643782, 33.850668409231858 ], [ -84.538316489335472, 33.845867898977204 ], [ -84.533737218081356, 33.843071239551008 ] ] ] } },
{ "type": "Feature", "properties": { "hex_id": "8844c13239fffff", "lat": 33.847879368659441, "lon": -84.363351321882817, "restaurant_accessibility": 14.257396648787042, "park_accessibility": 5.0085943453577322, "clinic_accessibility": 1.2351381644139725, "restaurant_norm": 0.23094286981025988, "park_norm": 0.24618698221859375, "clinic_norm": 0.16831623688949443, "user_match_score": 0.20741662788278709, "suitability": 0, "suitability_label": "Most Suitable" }, "geometry": { "type": "Polygon", "coordinates": [ [ [ -84.36361762761814, 33.843083995885777 ], [ -84.358785810403845, 33.845079045818643 ], [ -84.358519295676118, 33.849874227808691 ], [ -84.363084992841152, 33.852674622196943 ], [ -84.367917316195232, 33.850679635754155 ], [ -84.368183436215176, 33.845884191438103 ], [ -84.36361762761814, 33.843083995885777 ] ] ] } },
{ "type": "Feature", "properties": { "hex_id": "8844c1ac13fffff", "lat": 33.868279998353799, "lon": -84.51818409371468, "restaurant_accessibility": 2.6610589245628677, "park_accessibility": 5.1283851959905027, "clinic_accessibility": 1.9716754776633274, "restaurant_norm": 0.043104123418284505, "park_norm": 0.25207505100220651, "clinic_norm": 0.26868653753003041, "user_match_score": 0.15423418182137508, "suitability": 0, "suitability_label": "Most Suitable" }, "geometry": { "type": "Polygon", "coordinates": [ [ [ -84.518443905660533, 33.863480487752021 ], [ -84.513605444401719, 33.865482613145964 ], [ -84.513345422766747, 33.870281933478516 ], [ -84.517924258999642, 33.873079389339729 ], [ -84.522763225800318, 33.871077325843558 ], [ -84.523022850797034, 33.866277744593667 ], [ -84.518443905660533, 33.863480487752021 ] ] ] } },
{ "type": "Feature", "properties": { "hex_id": "8844c1aeb5fffff", "lat": 33.870662933959757, "lon": -84.54644212918241, "restaurant_accessibility": 1.0818063072242525, "park_accessibility": 1.3614849899604733, "clinic_accessibility": 1.2443869964691385, "restaurant_norm": 0.017523216848320165, "park_norm": 0.066920947855349133, "clinic_norm": 0.16957660488070381, "user_match_score": 0.083284345161976525, "suitability": 1, "suitability_label": "Okay" }, "geometry": { "type": "Polygon", "coordinates": [ [ [ -84.546700750751114, 33.865862640959286 ], [ -84.541861144431067, 33.86786610765089 ], [ -84.541602313052124, 33.872666210482677 ], [ -84.546183484943498, 33.875463107292575 ], [ -84.551023596680665, 33.87345970220381 ], [ -84.551282031080177, 33.868659338707587 ], [ -84.546700750751114, 33.865862640959286 ] ] ] } },
{ "type": "Feature", "properties": { "hex_id": "8844c132d1fffff", "lat": 33.881478871597025, "lon": -84.418175125941431, "restaurant_accessibility": 0.0, "park_accessibility": 0.4590126703477404, "clinic_accessibility": 0.18489788207954627, "restaurant_norm": 0.0, "park_norm": 0.02256180802858318, "clinic_norm": 0.025196627079556427, "user_match_score": 0.012334831634680889, "suitability": 2, "suitability_label": "Less Suitable" }, "geometry": { "type": "Polygon", "coordinates": [ [ [ -84.41843920017763, 33.87668264330307 ], [ -84.413603819238588, 33.878679223007786 ], [ -84.41333953565821, 33.88347526057953 ], [ -84.417911028577151, 33.886274980172765 ], [ -84.422746915699477, 33.884278463476484 ], [ -84.423010803690289, 33.879482164183692 ], [ -84.41843920017763, 33.87668264330307 ] ] ] } },
{ "type": "Feature", "properties": { "hex_id": "8844c1ade9fffff", "lat": 33.869493850590167, "lon": -84.44719050209055, "restaurant_accessibility": 2.0425784911347966, "park_accessibility": 3.9319020169316876, "clinic_accessibility": 0.21985296697558063, "restaurant_norm": 0.033085909733423333, "park_norm": 0.19326442214766296, "clinic_norm": 0.029960068546564137, "user_match_score": 0.047853424500103617, "suitability": 1, "suitability_label": "Okay" }, "geometry": { "type": "Polygon", "coordinates": [ [ [ -84.447453320023101, 33.864696478551807 ], [ -84.442617415356352, 33.866694968700671 ], [ -84.442354388011481, 33.871492150185162 ], [ -84.44692766113748, 33.874291103047625 ], [ -84.451764071724526, 33.872292675559677 ], [ -84.452026703236001, 33.867495232553502 ], [ -84.447453320023101, 33.864696478551807 ] ] ] } },
{ "type": "Feature", "properties": { "hex_id": "8844c1ace7fffff", "lat": 33.888680948595713, "lon": -84.502886879651726, "restaurant_accessibility": 2.4649718656329007, "park_accessibility": 4.4199607555281855, "clinic_accessibility": 1.2125974824129131, "restaurant_norm": 0.039927883797722864, "park_norm": 0.21725392892651618, "clinic_norm": 0.16524454589924706, "user_match_score": 0.10778715315121187, "suitability": 0, "suitability_label": "Most Suitable" }, "geometry": { "type": "Polygon", "coordinates": [ [ [ -84.503147389109586, 33.883882368129697 ], [ -84.498308557600438, 33.885882966581164 ], [ -84.498047838433223, 33.89068135662459 ], [ -84.502626347361812, 33.893479409187655 ], [ -84.50746568468719, 33.891478872860901 ], [ -84.507726007238517, 33.886680221851627 ], [ -84.503147389109586, 33.883882368129697 ] ] ] } },
{ "type": "Feature", "properties": { "hex_id": "8844c1aa6dfffff", "lat": 33.661566820701033, "lon": -84.383103040349937, "restaurant_accessibility": 0.12662103253823104, "park_accessibility": 1.7564826482025504, "clinic_accessibility": 0.0, "restaurant_norm": 0.0020510213297043381, "park_norm": 0.08633623181743709, "clinic_norm": 0.0, "user_match_score": 0.009659133846595877, "suitability": 2, "suitability_label": "Less Suitable" }, "geometry": { "type": "Polygon", "coordinates": [ [ [ -84.383368046033056, 33.656766584030642 ], [ -84.37854398201695, 33.658769500648127 ], [ -84.378278767995994, 33.663569547467787 ], [ -84.382838011511467, 33.666366940584389 ], [ -84.387662579792106, 33.664364086656263 ], [ -84.387927400263592, 33.659563776927165 ], [ -84.383368046033056, 33.656766584030642 ] ] ] } },
{ "type": "Feature", "properties": { "hex_id": "8844c1a895fffff", "lat": 33.801127008206549, "lon": -84.408429714096286, "restaurant_accessibility": 10.026381254170962, "park_accessibility": 5.7241331580461159, "clinic_accessibility": 3.7018694260789222, "restaurant_norm": 0.16240841983217388, "park_norm": 0.28135779638510761, "clinic_norm": 0.50446561300249948, "user_match_score": 0.31112623475559753, "suitability": 0, "suitability_label": "Most Suitable" }, "geometry": { "type": "Polygon", "coordinates": [ [ [ -84.4086939995764, 33.796329206786758 ], [ -84.403862645918139, 33.798328261891015 ], [ -84.403598151450097, 33.803125872917185 ], [ -84.408165405488887, 33.805924690975345 ], [ -84.412997264612443, 33.803925698732925 ], [ -84.413261364202668, 33.79912782557561 ], [ -84.4086939995764, 33.796329206786758 ] ] ] } },
{ "type": "Feature", "properties": { "hex_id": "8844c11699fffff", "lat": 33.635592656023221, "lon": -84.332712792197441, "restaurant_accessibility": 0.0, "park_accessibility": 0.35285440658962391, "clinic_accessibility": 0.0, "restaurant_norm": 0.0, "park_norm": 0.017343820547444985, "clinic_norm": 0.0, "user_match_score": 0.0017343820547444985, "suitability": 2, "suitability_label": "Less Suitable" }, "geometry": { "type": "Polygon", "coordinates": [ [ [ -84.332979855628409, 33.630793342324104 ], [ -84.328158840145377, 33.63279467260783 ], [ -84.327891568679675, 33.637593796378241 ], [ -84.332445705446062, 33.640391853313673 ], [ -84.337267225198815, 33.638390586174275 ], [ -84.337534103886284, 33.633591198960048 ], [ -84.332979855628409, 33.630793342324104 ] ] ] } },
{ "type": "Feature", "properties": { "hex_id": "8844c1a85bfffff", "lat": 33.728351489381225, "lon": -84.402999153937841, "restaurant_accessibility": 1.2101624694335389, "park_accessibility": 8.1565148094510711, "clinic_accessibility": 1.7137314600162978, "restaurant_norm": 0.019602343998154054, "park_norm": 0.40091643041948266, "clinic_norm": 0.23353567940793138, "user_match_score": 0.14330708680419785, "suitability": 0, "suitability_label": "Most Suitable" }, "geometry": { "type": "Polygon", "coordinates": [ [ [ -84.403263487185413, 33.723552178223194 ], [ -84.398435649638046, 33.725553641611491 ], [ -84.398171107710908, 33.730352762688774 ], [ -84.402734797575633, 33.733150682854216 ], [ -84.40756313992226, 33.731149282155911 ], [ -84.407827287575699, 33.726349898607253 ], [ -84.403263487185413, 33.723552178223194 ] ] ] } },
{ "type": "Feature", "properties": { "hex_id": "8844c1af07fffff", "lat": 33.798316904242824, "lon": -84.46053448818337, "restaurant_accessibility": 0.1115789250982208, "park_accessibility": 3.9163055086775755, "clinic_accessibility": 0.16769331013366898, "restaurant_norm": 0.0018073676286981472, "park_norm": 0.19249780839628458, "clinic_norm": 0.022852104911383776, "user_match_score": 0.029294306618531041, "suitability": 2, "suitability_label": "Less Suitable" }, "geometry": { "type": "Polygon", "coordinates": [ [ [ -84.460796565788115, 33.793517484321129 ], [ -84.455963417285204, 33.795519275855973 ], [ -84.455701130496365, 33.800318505601702 ], [ -84.460272387636053, 33.803116205513945 ], [ -84.465106041311472, 33.801114476274947 ], [ -84.465367932645506, 33.796314984833025 ], [ -84.460796565788115, 33.793517484321129 ] ] ] } },
{ "type": "Feature", "properties": { "hex_id": "8844c1aa0bfffff", "lat": 33.68594717192326, "lon": -84.414766189435525, "restaurant_accessibility": 0.76071371570937873, "park_accessibility": 3.6198435292980906, "clinic_accessibility": 0.8108167832265234, "restaurant_norm": 0.012322123942935706, "park_norm": 0.17792583969340223, "clinic_norm": 0.11049260211652925, "user_match_score": 0.068150686787419784, "suitability": 1, "suitability_label": "Okay" }, "geometry": { "type": "Polygon", "coordinates": [ [ [ -84.415029920766671, 33.681146541859597 ], [ -84.410203577462639, 33.683150159485812 ], [ -84.409939637571824, 33.687950599710717 ], [ -84.414502435049499, 33.690747684855211 ], [ -84.419329282689901, 33.688744129658005 ], [ -84.419592828487112, 33.683943426892355 ], [ -84.415029920766671, 33.681146541859597 ] ] ] } },
{ "type": "Feature", "properties": { "hex_id": "8844c1add7fffff", "lat": 33.893882173549756, "lon": -84.478954096468328, "restaurant_accessibility": 8.7193620395039861, "park_accessibility": 2.2567985894397991, "clinic_accessibility": 0.33686032905491481, "restaurant_norm": 0.14123717968448371, "park_norm": 0.11092821576263644, "clinic_norm": 0.045905036843211539, "user_match_score": 0.10007342615579011, "suitability": 0, "suitability_label": "Most Suitable" }, "geometry": { "type": "Polygon", "coordinates": [ [ [ -84.479215631441448, 33.889084425552639 ], [ -84.474377442353074, 33.891083621134257 ], [ -84.474115697744935, 33.895881178591019 ], [ -84.478692538576311, 33.898679801621448 ], [ -84.483531233654574, 33.896680668436659 ], [ -84.483792581882298, 33.891882849829848 ], [ -84.479215631441448, 33.889084425552639 ] ] ] } },
{ "type": "Feature", "properties": { "hex_id": "8844c1a067fffff", "lat": 33.687038137675465, "lon": -84.513808655311166, "restaurant_accessibility": 0.0, "park_accessibility": 2.9349228164339101, "clinic_accessibility": 0.43400023510902586, "restaurant_norm": 0.0, "park_norm": 0.14425999420217644, "clinic_norm": 0.059142603222341737, "user_match_score": 0.038083040709154345, "suitability": 1, "suitability_label": "Okay" }, "geometry": { "type": "Polygon", "coordinates": [ [ [ -84.514068208516107, 33.682234579620797 ], [ -84.509238168598316, 33.684243155017064 ], [ -84.50897840643691, 33.689046523619467 ], [ -84.51354907939934, 33.691841578515728 ], [ -84.518379623156804, 33.689833064492809 ], [ -84.518638990083161, 33.68502943420544 ], [ -84.514068208516107, 33.682234579620797 ] ] ] } },
{ "type": "Feature", "properties": { "hex_id": "8844c1a935fffff", "lat": 33.747524211731545, "lon": -84.288765999453773, "restaurant_accessibility": 0.73592885642881112, "park_accessibility": 3.0805431913243662, "clinic_accessibility": 1.1528343431017363, "restaurant_norm": 0.011920656082350885, "park_norm": 0.15141765924187953, "clinic_norm": 0.15710043133508203, "user_match_score": 0.083942266499396206, "suitability": 1, "suitability_label": "Okay" }, "geometry": { "type": "Polygon", "coordinates": [ [ [ -84.289035196670383, 33.742728762166479 ], [ -84.284210726604258, 33.744723751589198 ], [ -84.283941321089728, 33.749519010537895 ], [ -84.288496778713551, 33.752319543436997 ], [ -84.293321754332965, 33.75032461798596 ], [ -84.293590766745965, 33.745529095669085 ], [ -84.289035196670383, 33.742728762166479 ] ] ] } },
{ "type": "Feature", "properties": { "hex_id": "8844c1add1fffff", "lat": 33.887084911320478, "lon": -84.484053907209059, "restaurant_accessibility": 8.7922599481169819, "park_accessibility": 3.6481738353545108, "clinic_accessibility": 0.5710966637287952, "restaurant_norm": 0.14241798797880043, "park_norm": 0.17931835664974621, "clinic_norm": 0.07782517301178489, "user_match_score": 0.12027089885908879, "suitability": 0, "suitability_label": "Most Suitable" }, "geometry": { "type": "Polygon", "coordinates": [ [ [ -84.484315209637884, 33.88228685297166 ], [ -84.479477143498613, 33.884286557693166 ], [ -84.479215631441448, 33.889084425552639 ], [ -84.483792581882298, 33.891882849829848 ], [ -84.488631153920068, 33.889883207429577 ], [ -84.488892269589243, 33.885085078436092 ], [ -84.484315209637884, 33.88228685297166 ] ] ] } },
{ "type": "Feature", "properties": { "hex_id": "8844c13203fffff", "lat": 33.841088627908761, "lon": -84.368449532946642, "restaurant_accessibility": 19.798751477974591, "park_accessibility": 6.9096366448679962, "clinic_accessibility": 0.89834632615353527, "restaurant_norm": 0.32070234122107943, "park_norm": 0.33962874142596688, "clinic_norm": 0.122420533506393, "user_match_score": 0.2432822581556936, "suitability": 0, "suitability_label": "Most Suitable" }, "geometry": { "type": "Polygon", "coordinates": [ [ [ -84.368715606392655, 33.836292945229197 ], [ -84.363883910050163, 33.838288503938969 ], [ -84.36361762761814, 33.843083995885777 ], [ -84.368183436215176, 33.845884191438103 ], [ -84.373015638606844, 33.84388869614272 ], [ -84.373281526322998, 33.839092941885703 ], [ -84.368715606392655, 33.836292945229197 ] ] ] } },
{ "type": "Feature", "properties": { "hex_id": "8844c13337fffff", "lat": 33.855796168573832, "lon": -84.287397528044323, "restaurant_accessibility": 0.0, "park_accessibility": 1.8497283435507899, "clinic_accessibility": 0.40520400722532851, "restaurant_norm": 0.0, "park_norm": 0.09091952899819887, "clinic_norm": 0.055218448942568568, "user_match_score": 0.031179332476847316, "suitability": 2, "suitability_label": "Less Suitable" }, "geometry": { "type": "Polygon", "coordinates": [ [ [ -84.287667058363908, 33.851003254623642 ], [ -84.282837703762823, 33.852994171932451 ], [ -84.282567964724393, 33.857786894767024 ], [ -84.287127974148149, 33.860588963237227 ], [ -84.291957835344292, 33.858598110254917 ], [ -84.292227180492247, 33.8538051244809 ], [ -84.287667058363908, 33.851003254623642 ] ] ] } },
{ "type": "Feature", "properties": { "hex_id": "8844c1a9adfffff", "lat": 33.777907292996659, "lon": -84.305917845706389, "restaurant_accessibility": 15.362889729993304, "park_accessibility": 9.5233396691261696, "clinic_accessibility": 3.3237647752236059, "restaurant_norm": 0.248849767613435, "park_norm": 0.46809984840513941, "clinic_norm": 0.4529400802192271, "user_match_score": 0.35241090073492232, "suitability": 0, "suitability_label": "Most Suitable" }, "geometry": { "type": "Polygon", "coordinates": [ [ [ -84.306186397322023, 33.773112025154276 ], [ -84.301359904735065, 33.775106758820904 ], [ -84.301091144633091, 33.779901835974755 ], [ -84.305649270613713, 33.782702442566361 ], [ -84.310476268959022, 33.780707772784197 ], [ -84.310744635536054, 33.775912432530973 ], [ -84.306186397322023, 33.773112025154276 ] ] ] } },
{ "type": "Feature", "properties": { "hex_id": "8844c1a335fffff", "lat": 33.663456158205548, "lon": -84.491481977816704, "restaurant_accessibility": 1.3528282269021055, "park_accessibility": 1.7326759950546364, "clinic_accessibility": 0.68961896009090051, "restaurant_norm": 0.021913259536598326, "park_norm": 0.085166065560981941, "clinic_norm": 0.093976586259254383, "user_match_score": 0.05706387082809912, "suitability": 1, "suitability_label": "Okay" }, "geometry": { "type": "Polygon", "coordinates": [ [ [ -84.491742416201433, 33.658652728159147 ], [ -84.486914268515079, 33.660661042594384 ], [ -84.48665362135489, 33.665464283209424 ], [ -84.491221516656552, 33.668259471365758 ], [ -84.496050168074007, 33.666251218467139 ], [ -84.496310420429651, 33.661447715880691 ], [ -84.491742416201433, 33.658652728159147 ] ] ] } },
{ "type": "Feature", "properties": { "hex_id": "8844c1af3bfffff", "lat": 33.813510761449415, "lon": -84.469154597907945, "restaurant_accessibility": 1.9551704198429449, "park_accessibility": 3.0482865622066804, "clinic_accessibility": 0.18622409097800113, "restaurant_norm": 0.031670064237504035, "park_norm": 0.14983215208528822, "clinic_norm": 0.025377353817300129, "user_match_score": 0.040969188854200894, "suitability": 1, "suitability_label": "Okay" }, "geometry": { "type": "Polygon", "coordinates": [ [ [ -84.469416348755658, 33.808711436057841 ], [ -84.464582189857452, 33.810713103023225 ], [ -84.464320229731456, 33.815512238203119 ], [ -84.46889282414152, 33.818309967983538 ], [ -84.473727488312761, 33.816308363269478 ], [ -84.473989052771699, 33.811508966528841 ], [ -84.469416348755658, 33.808711436057841 ] ] ] } },
{ "type": "Feature", "properties": { "hex_id": "8844c1304dfffff", "lat": 33.852248510564337, "lon": -84.330064506242181, "restaurant_accessibility": 5.3075940124060699, "park_accessibility": 4.0124049263405688, "clinic_accessibility": 1.0912268493349875, "restaurant_norm": 0.0859729881413583, "park_norm": 0.19722137433037634, "clinic_norm": 0.14870498067719379, "user_match_score": 0.1221906237745943, "suitability": 0, "suitability_label": "Most Suitable" }, "geometry": { "type": "Polygon", "coordinates": [ [ [ -84.3303322278297, 33.847454235259434 ], [ -84.325501447041589, 33.849447440828385 ], [ -84.325233516577811, 33.854241525199861 ], [ -84.329796761229417, 33.857042666599035 ], [ -84.334628048366156, 33.855049524889587 ], [ -84.334895584473301, 33.850255177926527 ], [ -84.3303322278297, 33.847454235259434 ] ] ] } },
{ "type": "Feature", "properties": { "hex_id": "8844c1b99dfffff", "lat": 33.640361371007685, "lon": -84.388986450804225, "restaurant_accessibility": 1.1210213606552055, "park_accessibility": 0.50278194375878649, "clinic_accessibility": 0.0, "restaurant_norm": 0.018158426571539689, "park_norm": 0.024713195142804817, "clinic_norm": 0.0, "user_match_score": 0.011550532800050327, "suitability": 2, "suitability_label": "Less Suitable" }, "geometry": { "type": "Polygon", "coordinates": [ [ [ -84.389251155618169, 33.635560478094327 ], [ -84.384427837272582, 33.637564470747719 ], [ -84.384162924180586, 33.642365173931751 ], [ -84.38872172286483, 33.645162147411114 ], [ -84.393545545243924, 33.643158217316007 ], [ -84.393810064876149, 33.638357251188246 ], [ -84.389251155618169, 33.635560478094327 ] ] ] } },
{ "type": "Feature", "properties": { "hex_id": "8844c1ac5dfffff", "lat": 33.831884026239649, "lon": -84.515424958056911, "restaurant_accessibility": 0.98922948554752899, "park_accessibility": 1.4516690603899205, "clinic_accessibility": 0.80274704046421097, "restaurant_norm": 0.01602364736851937, "park_norm": 0.071353757264997777, "clinic_norm": 0.10939291240281766, "user_match_score": 0.058904364371886529, "suitability": 1, "suitability_label": "Okay" }, "geometry": { "type": "Polygon", "coordinates": [ [ [ -84.515684797502075, 33.827083751071804 ], [ -84.510848099209738, 33.829087079412538 ], [ -84.510588050230382, 33.833887164466837 ], [ -84.515165095848502, 33.836684182274361 ], [ -84.520002299349855, 33.834680915747505 ], [ -84.520261951994897, 33.829880569604484 ], [ -84.515684797502075, 33.827083751071804 ] ] ] } },
{ "type": "Feature", "properties": { "hex_id": "8844c1a353fffff", "lat": 33.645368753591853, "lon": -84.534941054817807, "restaurant_accessibility": 0.0, "park_accessibility": 0.22378975766532486, "clinic_accessibility": 0.46918072218296702, "restaurant_norm": 0.0, "park_norm": 0.010999917600059047, "clinic_norm": 0.063936760966657569, "user_match_score": 0.026674696146668932, "suitability": 2, "suitability_label": "Less Suitable" }, "geometry": { "type": "Polygon", "coordinates": [ [ [ -84.535199613720607, 33.640563619945375 ], [ -84.530370693161387, 33.64257479005289 ], [ -84.530111925382698, 33.647379734524591 ], [ -84.534682473300336, 33.650173770562354 ], [ -84.539511897194657, 33.648162661468497 ], [ -84.539770269807264, 33.643357455328363 ], [ -84.535199613720607, 33.640563619945375 ] ] ] } },
{ "type": "Feature", "properties": { "hex_id": "8844c1a983fffff", "lat": 33.787917838844074, "lon": -84.33837142490475, "restaurant_accessibility": 6.155471117969177, "park_accessibility": 8.5144979257978815, "clinic_accessibility": 3.1917710903696634, "restaurant_norm": 0.099706994203525287, "park_norm": 0.4185123419710568, "clinic_norm": 0.43495287767955459, "user_match_score": 0.26568588237069019, "suitability": 0, "suitability_label": "Most Suitable" }, "geometry": { "type": "Polygon", "coordinates": [ [ [ -84.338638633586385, 33.783121828155721 ], [ -84.333810478160757, 33.785117831386628 ], [ -84.333543060823217, 33.78991365146743 ], [ -84.338104192855454, 33.792713731104975 ], [ -84.342932853973295, 33.790717791443285 ], [ -84.343199877337383, 33.785921708579849 ], [ -84.338638633586385, 33.783121828155721 ] ] ] } },
{ "type": "Feature", "properties": { "hex_id": "8844c1323dfffff", "lat": 33.847073777709348, "lon": -84.353954081370077, "restaurant_accessibility": 5.005241334276028, "park_accessibility": 4.6234472518525074, "clinic_accessibility": 1.1314971334651374, "restaurant_norm": 0.081075446401989618, "park_norm": 0.22725588216889675, "clinic_norm": 0.15419274138166003, "user_match_score": 0.12494040797054851, "suitability": 0, "suitability_label": "Most Suitable" }, "geometry": { "type": "Polygon", "coordinates": [ [ [ -84.354220781739699, 33.842278667312009 ], [ -84.349389349904357, 33.844273271979127 ], [ -84.349122440583145, 33.849068191559795 ], [ -84.353687357661414, 33.85186876888779 ], [ -84.358519295676118, 33.849874227808691 ], [ -84.358785810403845, 33.845079045818643 ], [ -84.354220781739699, 33.842278667312009 ] ] ] } },
{ "type": "Feature", "properties": { "hex_id": "8844c13207fffff", "lat": 33.840283744632615, "lon": -84.359052301810394, "restaurant_accessibility": 8.797965450640115, "park_accessibility": 5.8172926824051583, "clinic_accessibility": 0.96087327077143159, "restaurant_norm": 0.14251040633250556, "park_norm": 0.28593685801107643, "clinic_norm": 0.13094128067905891, "user_match_score": 0.15222540123898398, "suitability": 0, "suitability_label": "Most Suitable" }, "geometry": { "type": "Polygon", "coordinates": [ [ [ -84.35931876989882, 33.835488324313594 ], [ -84.354487458773335, 33.83748343775882 ], [ -84.354220781739699, 33.842278667312009 ], [ -84.358785810403845, 33.845079045818643 ], [ -84.36361762761814, 33.843083995885777 ], [ -84.363883910050163, 33.838288503938969 ], [ -84.35931876989882, 33.835488324313594 ] ] ] } },
{ "type": "Feature", "properties": { "hex_id": "8844c1aeb7fffff", "lat": 33.878259945992127, "lon": -84.55076513962598, "restaurant_accessibility": 0.45236554972273568, "park_accessibility": 0.73556205276922215, "clinic_accessibility": 1.0957557378557343, "restaurant_norm": 0.0073274666357235913, "park_norm": 0.036155014664665364, "clinic_norm": 0.14932214683322931, "user_match_score": 0.067008093517620063, "suitability": 1, "suitability_label": "Okay" }, "geometry": { "type": "Polygon", "coordinates": [ [ [ -84.551023596680665, 33.87345970220381 ], [ -84.546183484943498, 33.875463107292575 ], [ -84.545924818031423, 33.88026316089455 ], [ -84.550506659913168, 33.883060070009364 ], [ -84.555347277117306, 33.881056726500745 ], [ -84.555605546943568, 33.876256412302453 ], [ -84.551023596680665, 33.87345970220381 ] ] ] } },
{ "type": "Feature", "properties": { "hex_id": "8844c1ac47fffff", "lat": 33.83029552046527, "lon": -84.496599176283013, "restaurant_accessibility": 2.6291849016323372, "park_accessibility": 1.6812915904495565, "clinic_accessibility": 0.51589879128455463, "restaurant_norm": 0.042587824509773671, "park_norm": 0.082640372595938996, "clinic_norm": 0.070303181997501088, "user_match_score": 0.057679222313481174, "suitability": 1, "suitability_label": "Okay" }, "geometry": { "type": "Polygon", "coordinates": [ [ [ -84.496859808136435, 33.825495767660463 ], [ -84.492023873836104, 33.827498202881308 ], [ -84.491763032529235, 33.832297765505608 ], [ -84.49633852160045, 33.835095154171348 ], [ -84.501174961192305, 33.833092780960811 ], [ -84.501435406392275, 33.828292957079448 ], [ -84.496859808136435, 33.825495767660463 ] ] ] } },
{ "type": "Feature", "properties": { "hex_id": "8844c1a899fffff", "lat": 33.795128506546121, "lon": -84.422924926530598, "restaurant_accessibility": 8.7540849184554972, "park_accessibility": 4.9098322052685539, "clinic_accessibility": 2.2782795604602875, "restaurant_norm": 0.14179962467431417, "park_norm": 0.24133253573131924, "clinic_norm": 0.31046845870953232, "user_match_score": 0.21922044939410196, "suitability": 0, "suitability_label": "Most Suitable" }, "geometry": { "type": "Polygon", "coordinates": [ [ [ -84.42318858497876, 33.790330134114228 ], [ -84.418356969173061, 33.792330142900035 ], [ -84.418093101702894, 33.797128325022697 ], [ -84.422661245008797, 33.799926760396076 ], [ -84.427493366148838, 33.797926814298251 ], [ -84.427756838619445, 33.793128370144181 ], [ -84.42318858497876, 33.790330134114228 ] ] ] } },
{ "type": "Feature", "properties": { "hex_id": "8844c1b9a1fffff", "lat": 33.637184724759749, "lon": -84.351466035213647, "restaurant_accessibility": 0.34150978949719091, "park_accessibility": 0.19542946376111045, "clinic_accessibility": 0.0, "restaurant_norm": 0.0055318129107033631, "park_norm": 0.0096059266537604701, "clinic_norm": 0.0, "user_match_score": 0.0037264991207277285, "suitability": 2, "suitability_label": "Less Suitable" }, "geometry": { "type": "Polygon", "coordinates": [ [ [ -84.351732312893304, 33.632384884322562 ], [ -84.346910528988303, 33.63438710168024 ], [ -84.346644043192711, 33.639186752255071 ], [ -84.351199734278481, 33.641984448754528 ], [ -84.356022022374887, 33.639982294345891 ], [ -84.356288115164929, 33.635182380493724 ], [ -84.351732312893304, 33.632384884322562 ] ] ] } },
{ "type": "Feature", "properties": { "hex_id": "8844c1ab05fffff", "lat": 33.678781233318283, "lon": -84.330308171534, "restaurant_accessibility": 0.0, "park_accessibility": 0.97057846651304125, "clinic_accessibility": 0.0, "restaurant_norm": 0.0, "park_norm": 0.04770675506964616, "clinic_norm": 0.0, "user_match_score": 0.0047706755069646164, "suitability": 2, "suitability_label": "Less Suitable" }, "geometry": { "type": "Polygon", "coordinates": [ [ [ -84.330575444958455, 33.673982969579164 ], [ -84.32575255652381, 33.675982589667832 ], [ -84.325485074904847, 33.680780663269175 ], [ -84.330040874761693, 33.683579380078328 ], [ -84.334864267888619, 33.681579823298485 ], [ -84.335131356437216, 33.676781486405638 ], [ -84.330575444958455, 33.673982969579164 ] ] ] } },
{ "type": "Feature", "properties": { "hex_id": "8844c1a14dfffff", "lat": 33.661881293090538, "lon": -84.472691593533625, "restaurant_accessibility": 0.0, "park_accessibility": 2.4141143448495734, "clinic_accessibility": 0.41467493766997943, "restaurant_norm": 0.0, "park_norm": 0.1186607427770606, "clinic_norm": 0.056509082993247535, "user_match_score": 0.034469707475005079, "suitability": 2, "suitability_label": "Less Suitable" }, "geometry": { "type": "Polygon", "coordinates": [ [ [ -84.472952821268308, 33.657078387171886 ], [ -84.468125436211892, 33.659085811469168 ], [ -84.467863999782239, 33.663888527889334 ], [ -84.472430342958077, 33.666684082156749 ], [ -84.47725823182715, 33.664676719592002 ], [ -84.477519273678695, 33.659873741032406 ], [ -84.472952821268308, 33.657078387171886 ] ] ] } },
{ "type": "Feature", "properties": { "hex_id": "8844c1a10dfffff", "lat": 33.68309822417752, "lon": -84.466818025446642, "restaurant_accessibility": 0.0, "park_accessibility": 3.7402066573949884, "clinic_accessibility": 0.3662003470004993, "restaurant_norm": 0.0, "park_norm": 0.18384203757914833, "clinic_norm": 0.049903295137832454, "user_match_score": 0.038345521813047817, "suitability": 1, "suitability_label": "Okay" }, "geometry": { "type": "Polygon", "coordinates": [ [ [ -84.467079553329071, 33.678295975641355 ], [ -84.462251419879394, 33.680302324461536 ], [ -84.461989683241853, 33.685104383377613 ], [ -84.466556474693519, 33.687900355583928 ], [ -84.47138511218732, 33.685894068627086 ], [ -84.471646454156243, 33.681091747605706 ], [ -84.467079553329071, 33.678295975641355 ] ] ] } },
{ "type": "Feature", "properties": { "hex_id": "8844c1a137fffff", "lat": 33.718715511952162, "lon": -84.460156885732815, "restaurant_accessibility": 0.45962399356395861, "park_accessibility": 1.8283663633107212, "clinic_accessibility": 0.3948977168777289, "restaurant_norm": 0.0074450397026966028, "park_norm": 0.089869525526787744, "clinic_norm": 0.053813977720175772, "user_match_score": 0.034235063492097387, "suitability": 2, "suitability_label": "Less Suitable" }, "geometry": { "type": "Polygon", "coordinates": [ [ [ -84.460418782652866, 33.713914274439709 ], [ -84.455589274181207, 33.715918977890446 ], [ -84.455327168392316, 33.720720025591817 ], [ -84.459894965903288, 33.723516631867518 ], [ -84.46472497879158, 33.721511990464975 ], [ -84.464986689723176, 33.716710680743645 ], [ -84.460418782652866, 33.713914274439709 ] ] ] } },
{ "type": "Feature", "properties": { "hex_id": "8844c1ae45fffff", "lat": 33.775063050283379, "lon": -84.527951406400163, "restaurant_accessibility": 0.19919632419970804, "park_accessibility": 1.1242707210752103, "clinic_accessibility": 0.5202408853919066, "restaurant_norm": 0.0032266038393656692, "park_norm": 0.055261176476542877, "clinic_norm": 0.070894893080055407, "user_match_score": 0.035497376799359284, "suitability": 2, "suitability_label": "Less Suitable" }, "geometry": { "type": "Polygon", "coordinates": [ [ [ -84.528210576938335, 33.770261089193397 ], [ -84.523376010450377, 33.772267143399269 ], [ -84.523116630552977, 33.777068914686232 ], [ -84.527692213167313, 33.779864892982786 ], [ -84.532527284257995, 33.777858900278424 ], [ -84.532786268102527, 33.773056867781207 ], [ -84.528210576938335, 33.770261089193397 ] ] ] } },
{ "type": "Feature", "properties": { "hex_id": "8844c1a15dfffff", "lat": 33.677865746773385, "lon": -84.49070052599798, "restaurant_accessibility": 0.0, "park_accessibility": 2.1297659914740663, "clinic_accessibility": 0.48851898334710803, "restaurant_norm": 0.0, "park_norm": 0.1046841940311584, "clinic_norm": 0.066572047804125511, "user_match_score": 0.037097238524766048, "suitability": 1, "suitability_label": "Okay" }, "geometry": { "type": "Polygon", "coordinates": [ [ [ -84.490961032717962, 33.673062667576218 ], [ -84.486132258651594, 33.67507041364739 ], [ -84.485871543102562, 33.679873303343243 ], [ -84.490439996493606, 33.682668708893743 ], [ -84.495269274431806, 33.68066102441373 ], [ -84.495529595078068, 33.675857872797195 ], [ -84.490961032717962, 33.673062667576218 ] ] ] } },
{ "type": "Feature", "properties": { "hex_id": "8844c1a301fffff", "lat": 33.643017534560187, "lon": -84.506746931663429, "restaurant_accessibility": 2.0787542125169591, "park_accessibility": 0.13021056591326755, "clinic_accessibility": 0.80672098724516839, "restaurant_norm": 0.033671888023798231, "park_norm": 0.0064002281008990478, "clinic_norm": 0.10993445486911109, "user_match_score": 0.06144974876963346, "suitability": 1, "suitability_label": "Okay" }, "geometry": { "type": "Polygon", "coordinates": [ [ [ -84.507006675506787, 33.638213186323469 ], [ -84.502178895919485, 33.640223020537327 ], [ -84.501918943320661, 33.645027179498193 ], [ -84.506487165107103, 33.647821766171482 ], [ -84.511315448153098, 33.645811993265326 ], [ -84.511575005924939, 33.641007572383302 ], [ -84.507006675506787, 33.638213186323469 ] ] ] } },
{ "type": "Feature", "properties": { "hex_id": "8844c114d7fffff", "lat": 33.675580128385732, "lon": -84.29280148943937, "restaurant_accessibility": 0.11448283909768732, "park_accessibility": 0.68361978764958009, "clinic_accessibility": 0.0, "restaurant_norm": 0.0018544055451733153, "park_norm": 0.033601901232499502, "clinic_norm": 0.0, "user_match_score": 0.0042873928958366081, "suitability": 2, "suitability_label": "Less Suitable" }, "geometry": { "type": "Polygon", "coordinates": [ [ [ -84.293070334169599, 33.670782918511406 ], [ -84.288248986441218, 33.672780764410867 ], [ -84.287979933679381, 33.677577784015256 ], [ -84.29253262123153, 33.680377221348877 ], [ -84.297354473807601, 33.678379439148692 ], [ -84.297623133954588, 33.673582155920535 ], [ -84.293070334169599, 33.670782918511406 ] ] ] } },
{ "type": "Feature", "properties": { "hex_id": "8844c1ab33fffff", "lat": 33.708368652378894, "lon": -84.338085977625767, "restaurant_accessibility": 0.12353952974230875, "park_accessibility": 2.3175279920115188, "clinic_accessibility": 0.0, "restaurant_norm": 0.0020011068104867514, "park_norm": 0.11391324256260618, "clinic_norm": 0.0, "user_match_score": 0.012391877661503993, "suitability": 2, "suitability_label": "Less Suitable" }, "geometry": { "type": "Polygon", "coordinates": [ [ [ -84.338352997876953, 33.703570828307477 ], [ -84.333528475088002, 33.705569751208081 ], [ -84.333261246494999, 33.710367385035894 ], [ -84.337818934040953, 33.713166359074407 ], [ -84.342643961765063, 33.711167499494003 ], [ -84.342910796978828, 33.706369602559882 ], [ -84.338352997876953, 33.703570828307477 ] ] ] } },
{ "type": "Feature", "properties": { "hex_id": "8844c1aab9fffff", "lat": 33.752734578397138, "lon": -84.434694116056008, "restaurant_accessibility": 1.4128880478759536, "park_accessibility": 4.766048687949171, "clinic_accessibility": 0.55924051764830296, "restaurant_norm": 0.022886115083629133, "park_norm": 0.23426515758470562, "clinic_norm": 0.076209497980621557, "user_match_score": 0.065353372492533757, "suitability": 1, "suitability_label": "Okay" }, "geometry": { "type": "Polygon", "coordinates": [ [ [ -84.434957172231378, 33.747934879421727 ], [ -84.430127053706414, 33.74993704519639 ], [ -84.429863788629348, 33.754736554103538 ], [ -84.434431036866826, 33.757534159342875 ], [ -84.439261660262218, 33.755532055996646 ], [ -84.439524530520515, 33.750732284987748 ], [ -84.434957172231378, 33.747934879421727 ] ] ] } },
{ "type": "Feature", "properties": { "hex_id": "8844c1a1b9fffff", "lat": 33.758286758455441, "lon": -84.500506258699076, "restaurant_accessibility": 0.0, "park_accessibility": 1.5877771684077335, "clinic_accessibility": 0.94891150605565022, "restaurant_norm": 0.0, "park_norm": 0.078043866716453969, "clinic_norm": 0.1293112126579051, "user_match_score": 0.059528871734807441, "suitability": 1, "suitability_label": "Okay" }, "geometry": { "type": "Polygon", "coordinates": [ [ [ -84.500766548473976, 33.753485226763232 ], [ -84.495933753823465, 33.755490511924307 ], [ -84.495673254864002, 33.760291853782249 ], [ -84.500245946139842, 33.763088171998461 ], [ -84.50507924537574, 33.761082948579542 ], [ -84.505339348721307, 33.756281345207469 ], [ -84.500766548473976, 33.753485226763232 ] ] ] } },
{ "type": "Feature", "properties": { "hex_id": "8844c1acc7fffff", "lat": 33.883473540087728, "lon": -84.526823896449173, "restaurant_accessibility": 3.5490702106912706, "park_accessibility": 4.7146828466355508, "clinic_accessibility": 1.9087625721045898, "restaurant_norm": 0.057488227325489784, "park_norm": 0.23174037705943909, "clinic_norm": 0.26011319422276152, "user_match_score": 0.15596342905779342, "suitability": 0, "suitability_label": "Most Suitable" }, "geometry": { "type": "Polygon", "coordinates": [ [ [ -84.527083379933927, 33.878674127690964 ], [ -84.522243907541323, 33.880676129311986 ], [ -84.52198421427309, 33.88547535140416 ], [ -84.526564390219278, 33.888272832661848 ], [ -84.531404368253803, 33.886270892893329 ], [ -84.531663664671029, 33.881471410019891 ], [ -84.527083379933927, 33.878674127690964 ] ] ] } },
{ "type": "Feature", "properties": { "hex_id": "8844c1ad85fffff", "lat": 33.89148125074216, "lon": -84.450713315592594, "restaurant_accessibility": 2.5106151030495538, "park_accessibility": 2.6172179190176439, "clinic_accessibility": 0.0, "restaurant_norm": 0.040667217947995639, "park_norm": 0.1286438742815299, "clinic_norm": 0.0, "user_match_score": 0.033197996402150806, "suitability": 2, "suitability_label": "Less Suitable" }, "geometry": { "type": "Polygon", "coordinates": [ [ [ -84.450976039144493, 33.886684286599021 ], [ -84.446139000125129, 33.888682142303459 ], [ -84.445876067059899, 33.893478915806334 ], [ -84.450450569023076, 33.896278095011851 ], [ -84.455288114154854, 33.894280301998869 ], [ -84.455550651181767, 33.889483267094128 ], [ -84.450976039144493, 33.886684286599021 ] ] ] } },
{ "type": "Feature", "properties": { "hex_id": "8844c1a86dfffff", "lat": 33.709168322721794, "lon": -84.34746907765691, "restaurant_accessibility": 0.31765629423303277, "park_accessibility": 2.0724346345486304, "clinic_accessibility": 0.0, "restaurant_norm": 0.0051454313862909946, "park_norm": 0.10186619105971552, "clinic_norm": 0.0, "user_match_score": 0.012759334799117049, "suitability": 2, "suitability_label": "Less Suitable" }, "geometry": { "type": "Polygon", "coordinates": [ [ [ -84.347735704488173, 33.704370235577166 ], [ -84.342910796978828, 33.706369602559882 ], [ -84.342643961765063, 33.711167499494003 ], [ -84.347202427524564, 33.713966292473479 ], [ -84.352027839929832, 33.711966988713264 ], [ -84.352294281650458, 33.707168828756075 ], [ -84.347735704488173, 33.704370235577166 ] ] ] } },
{ "type": "Feature", "properties": { "hex_id": "8844c1a311fffff", "lat": 33.658999558432555, "lon": -84.524764860327082, "restaurant_accessibility": 0.72889574236268928, "park_accessibility": 0.71057873390348281, "clinic_accessibility": 0.68538425351568777, "restaurant_norm": 0.011806732931712352, "park_norm": 0.034927011865224844, "clinic_norm": 0.093399509219934507, "user_match_score": 0.046755871340352466, "suitability": 1, "suitability_label": "Okay" }, "geometry": { "type": "Polygon", "coordinates": [ [ [ -84.525023882274354, 33.654195036673258 ], [ -84.520194715275395, 33.656205193692358 ], [ -84.519935484438761, 33.661009526173018 ], [ -84.524505815723487, 33.663803963341906 ], [ -84.529335486239489, 33.661793867489145 ], [ -84.529594321924691, 33.65698927330633 ], [ -84.525023882274354, 33.654195036673258 ] ] ] } },
{ "type": "Feature", "properties": { "hex_id": "8844c1aa5dfffff", "lat": 33.672337228282188, "lon": -84.424946160000047, "restaurant_accessibility": 2.7617418916752059, "park_accessibility": 4.6668103865009165, "clinic_accessibility": 1.04837432977122, "restaurant_norm": 0.044734997128171333, "park_norm": 0.22938730638146551, "clinic_norm": 0.14286533047285493, "user_match_score": 0.1024523613913742, "suitability": 0, "suitability_label": "Most Suitable" }, "geometry": { "type": "Polygon", "coordinates": [ [ [ -84.425209428148534, 33.667535984645774 ], [ -84.420383327668588, 33.669540616198269 ], [ -84.42011985097345, 33.674341670099054 ], [ -84.42468286883836, 33.677138354960285 ], [ -84.429509473473729, 33.675133785684373 ], [ -84.429772556059646, 33.670332469275692 ], [ -84.425209428148534, 33.667535984645774 ] ] ] } },
{ "type": "Feature", "properties": { "hex_id": "8844c1af05fffff", "lat": 33.790719927499886, "lon": -84.456225681116592, "restaurant_accessibility": 0.0, "park_accessibility": 4.9133211785476938, "clinic_accessibility": 0.71014871137322, "restaurant_norm": 0.0, "park_norm": 0.24150402891751208, "clinic_norm": 0.096774241274437886, "user_match_score": 0.06286009940152637, "suitability": 1, "suitability_label": "Okay" }, "geometry": { "type": "Polygon", "coordinates": [ [ [ -84.456487921993528, 33.785920460596678 ], [ -84.45165527861279, 33.787922314449567 ], [ -84.451392828598841, 33.792721591194713 ], [ -84.455963417285204, 33.795519275855973 ], [ -84.460796565788115, 33.793517484321129 ], [ -84.461058620453315, 33.788717945812124 ], [ -84.456487921993528, 33.785920460596678 ] ] ] } },
{ "type": "Feature", "properties": { "hex_id": "8844c1a151fffff", "lat": 33.685464058913233, "lon": -84.495008931016073, "restaurant_accessibility": 0.0, "park_accessibility": 1.7299722175603316, "clinic_accessibility": 0.43320423180136319, "restaurant_norm": 0.0, "park_norm": 0.085033167031770759, "clinic_norm": 0.059034129300024767, "user_match_score": 0.032116968423186981, "suitability": 2, "suitability_label": "Less Suitable" }, "geometry": { "type": "Polygon", "coordinates": [ [ [ -84.495269274431806, 33.68066102441373 ], [ -84.490439996493606, 33.682668708893743 ], [ -84.490179444201871, 33.68747155387377 ], [ -84.494748564827844, 33.690266976232195 ], [ -84.499578346687827, 33.688259353321577 ], [ -84.499838503971006, 33.683456246488305 ], [ -84.495269274431806, 33.68066102441373 ] ] ] } },
{ "type": "Feature", "properties": { "hex_id": "8844c1a1c5fffff", "lat": 33.72187781541723, "lon": -84.497756608326824, "restaurant_accessibility": 0.65018999701527147, "park_accessibility": 1.1976002912795554, "clinic_accessibility": 0.53928562273456548, "restaurant_norm": 0.010531848662946878, "park_norm": 0.058865538169904336, "clinic_norm": 0.073490180485481893, "user_match_score": 0.040548550342656628, "suitability": 1, "suitability_label": "Okay" }, "geometry": { "type": "Polygon", "coordinates": [ [ [ -84.498016924975545, 33.717075530462651 ], [ -84.493185889309927, 33.719082015798683 ], [ -84.492925363631059, 33.723884111076153 ], [ -84.497496268899724, 33.726679982706706 ], [ -84.502327808818748, 33.724673559026783 ], [ -84.502587939186583, 33.71987120206537 ], [ -84.498016924975545, 33.717075530462651 ] ] ] } },
{ "type": "Feature", "properties": { "hex_id": "8844c1a329fffff", "lat": 33.641446912309952, "lon": -84.487956629282465, "restaurant_accessibility": 0.0, "park_accessibility": 0.28801964598911484, "clinic_accessibility": 0.55965108896730231, "restaurant_norm": 0.0, "park_norm": 0.014157003457756263, "clinic_norm": 0.076265447850344434, "user_match_score": 0.0319218794859134, "suitability": 2, "suitability_label": "Less Suitable" }, "geometry": { "type": "Polygon", "coordinates": [ [ [ -84.488217162520826, 33.636643088100627 ], [ -84.483390144594352, 33.638652032193512 ], [ -84.48312940268093, 33.643455667059754 ], [ -84.487696073265681, 33.646250619927571 ], [ -84.492523594732674, 33.64424173733827 ], [ -84.492783942045378, 33.639437840382669 ], [ -84.488217162520826, 33.636643088100627 ] ] ] } },
{ "type": "Feature", "properties": { "hex_id": "8844c1af4bfffff", "lat": 33.771105886192863, "lon": -84.480913611844613, "restaurant_accessibility": 0.0, "park_accessibility": 2.3543310660653729, "clinic_accessibility": 0.85836897747060936, "restaurant_norm": 0.0, "park_norm": 0.11572222071354858, "clinic_norm": 0.11697269205432204, "user_match_score": 0.058361298893083675, "suitability": 1, "suitability_label": "Okay" }, "geometry": { "type": "Polygon", "coordinates": [ [ [ -84.481174761146434, 33.76630523224938 ], [ -84.476342102724644, 33.768309055905327 ], [ -84.476080744265261, 33.773109519878176 ], [ -84.480652439683865, 33.775906421831273 ], [ -84.485485602914153, 33.773902660167529 ], [ -84.485746565888235, 33.769101934563665 ], [ -84.481174761146434, 33.76630523224938 ] ] ] } },
{ "type": "Feature", "properties": { "hex_id": "8844c1a9b9fffff", "lat": 33.794709353097822, "lon": -84.333275620100181, "restaurant_accessibility": 5.5976441028920005, "park_accessibility": 6.8997056805920804, "clinic_accessibility": 3.8760464849903657, "restaurant_norm": 0.090671251220911825, "park_norm": 0.33914060564234644, "clinic_norm": 0.52820127914343173, "user_match_score": 0.29053019783206324, "suitability": 0, "suitability_label": "Most Suitable" }, "geometry": { "type": "Polygon", "coordinates": [ [ [ -84.333543060823217, 33.78991365146743 ], [ -84.328714785158937, 33.791909146451815 ], [ -84.328447135773658, 33.796704657423689 ], [ -84.333008155988594, 33.79950493621466 ], [ -84.337836937435426, 33.797509504875315 ], [ -84.338104192855454, 33.792713731104975 ], [ -84.333543060823217, 33.78991365146743 ] ] ] } },
{ "type": "Feature", "properties": { "hex_id": "8844c1321dfffff", "lat": 33.84189288277139, "lon": -84.377847928991514, "restaurant_accessibility": 23.561218065189951, "park_accessibility": 6.8764296638075839, "clinic_accessibility": 0.74387263752522537, "restaurant_norm": 0.38164718638610845, "park_norm": 0.33799652170678957, "clinic_norm": 0.10136990879292795, "user_match_score": 0.2651712088809044, "suitability": 0, "suitability_label": "Most Suitable" }, "geometry": { "type": "Polygon", "coordinates": [ [ [ -84.37811360768093, 33.837096937814664 ], [ -84.373281526322998, 33.839092941885703 ], [ -84.373015638606844, 33.84388869614272 ], [ -84.377582227049359, 33.846688708560613 ], [ -84.382414814416734, 33.844692767806031 ], [ -84.382680307302834, 33.839896751322208 ], [ -84.37811360768093, 33.837096937814664 ] ] ] } },
{ "type": "Feature", "properties": { "hex_id": "8844c1a811fffff", "lat": 33.748749872624614, "lon": -84.387720260977147, "restaurant_accessibility": 28.876122655790493, "park_accessibility": 19.791992178851711, "clinic_accessibility": 5.2403401048157532, "restaurant_norm": 0.46773859207239399, "park_norm": 0.97283399106211677, "clinic_norm": 0.71411794394854533, "user_match_score": 0.6167998727218269, "suitability": 0, "suitability_label": "Most Suitable" }, "geometry": { "type": "Polygon", "coordinates": [ [ [ -84.387985289742815, 33.74395148524659 ], [ -84.383157088801383, 33.745951425764325 ], [ -84.38289185133678, 33.750749622907691 ], [ -84.387455209034272, 33.753548142058328 ], [ -84.392283915046434, 33.751548264458627 ], [ -84.392548758261142, 33.746749804795336 ], [ -84.387985289742815, 33.74395148524659 ] ] ] } },
{ "type": "Feature", "properties": { "hex_id": "8844c1a105fffff", "lat": 33.689906325140683, "lon": -84.461727923715785, "restaurant_accessibility": 0.0, "park_accessibility": 3.7156090338887391, "clinic_accessibility": 0.39770769790622351, "restaurant_norm": 0.0, "park_norm": 0.18263299282862558, "clinic_norm": 0.05419690284229884, "user_match_score": 0.039942060419782099, "suitability": 1, "suitability_label": "Okay" }, "geometry": { "type": "Polygon", "coordinates": [ [ [ -84.461989683241853, 33.685104383377613 ], [ -84.457161427608185, 33.687110225207284 ], [ -84.456899459320411, 33.691911977298624 ], [ -84.461466141298217, 33.694708149687251 ], [ -84.466294901066732, 33.692702369797118 ], [ -84.466556474693519, 33.687900355583928 ], [ -84.461989683241853, 33.685104383377613 ] ] ] } },
{ "type": "Feature", "properties": { "hex_id": "8844c1aae7fffff", "lat": 33.729147563961398, "lon": -84.412391569624958, "restaurant_accessibility": 1.884320174628928, "park_accessibility": 6.81735175742077, "clinic_accessibility": 1.4291181218666471, "restaurant_norm": 0.030522424218813966, "park_norm": 0.33509267074855764, "clinic_norm": 0.19475050749266182, "user_match_score": 0.12667068218132749, "suitability": 0, "suitability_label": "Most Suitable" }, "geometry": { "type": "Polygon", "coordinates": [ [ [ -84.412655508558302, 33.724347990365253 ], [ -84.407827287575699, 33.726349898607253 ], [ -84.40756313992226, 33.731149282155911 ], [ -84.412127607609634, 33.733947019855421 ], [ -84.416956333351479, 33.731945174205542 ], [ -84.417220086617533, 33.727145528269119 ], [ -84.412655508558302, 33.724347990365253 ] ] ] } },
{ "type": "Feature", "properties": { "hex_id": "8844c1a1e7fffff", "lat": 33.734702500226284, "lon": -84.478170971639287, "restaurant_accessibility": 0.0, "park_accessibility": 0.84768246826365856, "clinic_accessibility": 0.81070920709630401, "restaurant_norm": 0.0, "park_norm": 0.041666059247713681, "clinic_norm": 0.1104779423724299, "user_match_score": 0.04835778287374333, "suitability": 1, "suitability_label": "Okay" }, "geometry": { "type": "Polygon", "coordinates": [ [ [ -84.478432147191427, 33.729901091908324 ], [ -84.473601247815381, 33.731906116808574 ], [ -84.473339863260051, 33.736707335312794 ], [ -84.477909773234217, 33.7395037907229 ], [ -84.482741177086496, 33.737498827728984 ], [ -84.483002166459258, 33.732697347423752 ], [ -84.478432147191427, 33.729901091908324 ] ] ] } },
{ "type": "Feature", "properties": { "hex_id": "8844c1ab41fffff", "lat": 33.658384189263359, "lon": -84.345577867247357, "restaurant_accessibility": 0.0, "park_accessibility": 0.67278257124568253, "clinic_accessibility": 0.0, "restaurant_norm": 0.0, "park_norm": 0.033069220520475333, "clinic_norm": 0.0, "user_match_score": 0.0033069220520475333, "suitability": 2, "suitability_label": "Less Suitable" }, "geometry": { "type": "Polygon", "coordinates": [ [ [ -84.345844446154246, 33.65358500493177 ], [ -84.341021917709497, 33.655586145846591 ], [ -84.340755130627073, 33.660385140194563 ], [ -84.345311265055059, 33.663183256875598 ], [ -84.35013429792204, 33.661182179040978 ], [ -84.350400691909613, 33.656382921450096 ], [ -84.345844446154246, 33.65358500493177 ] ] ] } },
{ "type": "Feature", "properties": { "hex_id": "8844c1aa89fffff", "lat": 33.731532021519818, "lon": -84.440575781624389, "restaurant_accessibility": 1.338989196121374, "park_accessibility": 3.7760239517584289, "clinic_accessibility": 0.37879458708458347, "restaurant_norm": 0.021689093402862646, "park_norm": 0.18560256179064558, "clinic_norm": 0.051619552604819277, "user_match_score": 0.050052623922423593, "suitability": 1, "suitability_label": "Okay" }, "geometry": { "type": "Polygon", "coordinates": [ [ [ -84.440838536933043, 33.726731661111451 ], [ -84.436009166854959, 33.728734904489649 ], [ -84.435746202704749, 33.733535074950559 ], [ -84.440313003331809, 33.736332264174983 ], [ -84.445142878048514, 33.734329083095119 ], [ -84.44540544747035, 33.729528650497592 ], [ -84.440838536933043, 33.726731661111451 ] ] ] } },
{ "type": "Feature", "properties": { "hex_id": "8844c1aa61fffff", "lat": 33.669164279558153, "lon": -84.387397736180034, "restaurant_accessibility": 0.0, "park_accessibility": 2.6380755539648226, "clinic_accessibility": 0.36119424168279168, "restaurant_norm": 0.0, "park_norm": 0.12966908771464059, "clinic_norm": 0.049221097119160742, "user_match_score": 0.032655347619128361, "suitability": 2, "suitability_label": "Less Suitable" }, "geometry": { "type": "Polygon", "coordinates": [ [ [ -84.387662579792106, 33.664364086656263 ], [ -84.382838011511467, 33.666366940584389 ], [ -84.382572959514647, 33.671166943617315 ], [ -84.387132869424363, 33.673964355569424 ], [ -84.391957942020085, 33.671961564309129 ], [ -84.392222600361833, 33.667161298433903 ], [ -84.387662579792106, 33.664364086656263 ] ] ] } },
{ "type": "Feature", "properties": { "hex_id": "8844c1a0edfffff", "lat": 33.725816523565626, "lon": -84.544782315632489, "restaurant_accessibility": 0.0, "park_accessibility": 0.31830839068235017, "clinic_accessibility": 0.0, "restaurant_norm": 0.0, "park_norm": 0.015645783370253744, "clinic_norm": 0.0, "user_match_score": 0.0015645783370253745, "suitability": 2, "suitability_label": "Less Suitable" }, "geometry": { "type": "Polygon", "coordinates": [ [ [ -84.545040654391485, 33.721012931201322 ], [ -84.540207714298646, 33.723021646041069 ], [ -84.539949166308276, 33.727825048896349 ], [ -84.544523954259276, 33.73061999817984 ], [ -84.549357398399081, 33.72861134450568 ], [ -84.549615550511916, 33.723807680387658 ], [ -84.545040654391485, 33.721012931201322 ] ] ] } },
{ "type": "Feature", "properties": { "hex_id": "8844c1a9c1fffff", "lat": 33.759140000512502, "lon": -84.339974326586287, "restaurant_accessibility": 9.159781571596243, "park_accessibility": 11.389448565659986, "clinic_accessibility": 2.7284836350047419, "restaurant_norm": 0.14837114342046007, "park_norm": 0.55982452923395132, "clinic_norm": 0.37181921107300836, "user_match_score": 0.27889570906282851, "suitability": 0, "suitability_label": "Most Suitable" }, "geometry": { "type": "Polygon", "coordinates": [ [ [ -84.340241395125972, 33.754343280585729 ], [ -84.335414491261687, 33.756340426978838 ], [ -84.335147214172977, 33.761136956436133 ], [ -84.339707234697215, 33.763936602390807 ], [ -84.344534643971116, 33.761939519458949 ], [ -84.344801527281874, 33.757142727116182 ], [ -84.340241395125972, 33.754343280585729 ] ] ] } },
{ "type": "Feature", "properties": { "hex_id": "8844c1ae0dfffff", "lat": 33.789468222956479, "lon": -84.527173758605656, "restaurant_accessibility": 0.24006016116388695, "park_accessibility": 2.1887161849504855, "clinic_accessibility": 0.58375325431291514, "restaurant_norm": 0.0038885207385331573, "park_norm": 0.10758176752832398, "clinic_norm": 0.079549927181275584, "user_match_score": 0.044522407994609214, "suitability": 1, "suitability_label": "Okay" }, "geometry": { "type": "Polygon", "coordinates": [ [ [ -84.527432997236801, 33.784666617228282 ], [ -84.522597802617355, 33.786672101955673 ], [ -84.522338354573179, 33.791473517811468 ], [ -84.526914497270951, 33.794269710104032 ], [ -84.531750196634263, 33.792264286931847 ], [ -84.532009248526833, 33.7874626099171 ], [ -84.527432997236801, 33.784666617228282 ] ] ] } },
{ "type": "Feature", "properties": { "hex_id": "8844c1333bfffff", "lat": 33.849822082587181, "lon": -84.301886752507315, "restaurant_accessibility": 2.4402245506206093, "park_accessibility": 3.3631286526543693, "clinic_accessibility": 0.60989869874772007, "restaurant_norm": 0.039527024083300645, "park_norm": 0.16530755671544181, "clinic_norm": 0.083112850703404559, "user_match_score": 0.069539407994556324, "suitability": 1, "suitability_label": "Okay" }, "geometry": { "type": "Polygon", "coordinates": [ [ [ -84.302155656600974, 33.845028595457087 ], [ -84.297326034849164, 33.847020466388102 ], [ -84.297056922001957, 33.85181376248606 ], [ -84.301617824890556, 33.854615450498933 ], [ -84.30644795310829, 33.852623643720989 ], [ -84.306716671942127, 33.84783008478211 ], [ -84.302155656600974, 33.845028595457087 ] ] ] } },
{ "type": "Feature", "properties": { "hex_id": "8844c116b3fffff", "lat": 33.655191568657685, "lon": -84.308071280425281, "restaurant_accessibility": 0.0, "park_accessibility": 0.0, "clinic_accessibility": 0.0, "restaurant_norm": 0.0, "park_norm": 0.0, "clinic_norm": 0.0, "user_match_score": 0.0, "suitability": 2, "suitability_label": "Less Suitable" }, "geometry": { "type": "Polygon", "coordinates": [ [ [ -84.308339430736751, 33.65039343799716 ], [ -84.303518441066714, 33.652392804742362 ], [ -84.303250082742352, 33.657190745286833 ], [ -84.307803106698586, 33.659989582666597 ], [ -84.312624600946876, 33.657990279392081 ], [ -84.312892566631433, 33.653192075272059 ], [ -84.308339430736751, 33.65039343799716 ] ] ] } },
{ "type": "Feature", "properties": { "hex_id": "8844c1ab61fffff", "lat": 33.663587540998925, "lon": -84.321732685554053, "restaurant_accessibility": 0.0, "park_accessibility": 0.27316455056478073, "clinic_accessibility": 0.0, "restaurant_norm": 0.0, "park_norm": 0.013426832303752604, "clinic_norm": 0.0, "user_match_score": 0.0013426832303752604, "suitability": 2, "suitability_label": "Less Suitable" }, "geometry": { "type": "Polygon", "coordinates": [ [ [ -84.322000281853121, 33.658789190095142 ], [ -84.317178402650214, 33.660788936865771 ], [ -84.316910598250587, 33.665587097668315 ], [ -84.321465065883828, 33.668385775130645 ], [ -84.326287449677153, 33.666386091711722 ], [ -84.326554861217588, 33.66158766748368 ], [ -84.322000281853121, 33.658789190095142 ] ] ] } },
{ "type": "Feature", "properties": { "hex_id": "8844c1a8c7fffff", "lat": 33.771539986379992, "lon": -84.400619114188345, "restaurant_accessibility": 23.489822483488279, "park_accessibility": 11.673826305717576, "clinic_accessibility": 5.2872107421468311, "restaurant_norm": 0.38049071294736464, "park_norm": 0.57380252242076457, "clinic_norm": 0.72050515594107767, "user_match_score": 0.53582767109218987, "suitability": 0, "suitability_label": "Most Suitable" }, "geometry": { "type": "Polygon", "coordinates": [ [ [ -84.400883655576465, 33.766741736666077 ], [ -84.3960539392708, 33.768741488495465 ], [ -84.395789189042546, 33.77353954792072 ], [ -84.400354549658388, 33.776338117839337 ], [ -84.40518477118674, 33.774338428862144 ], [ -84.405449126847344, 33.769540107119234 ], [ -84.400883655576465, 33.766741736666077 ] ] ] } },
{ "type": "Feature", "properties": { "hex_id": "8844c1ad41fffff", "lat": 33.817918311719346, "lon": -84.435842252904564, "restaurant_accessibility": 3.1008253522220213, "park_accessibility": 2.0176843492708576, "clinic_accessibility": 1.1896687052293269, "restaurant_norm": 0.050227508097243502, "park_norm": 0.099175055268166543, "clinic_norm": 0.16211996793444097, "user_match_score": 0.099879246749214806, "suitability": 0, "suitability_label": "Most Suitable" }, "geometry": { "type": "Polygon", "coordinates": [ [ [ -84.436105422383946, 33.813120080554015 ], [ -84.431272290423621, 33.815119901342335 ], [ -84.431008911780893, 33.819917942144805 ], [ -84.435579060387084, 33.822716423992588 ], [ -84.440412697833281, 33.820716665825671 ], [ -84.440675681158169, 33.815918363194704 ], [ -84.436105422383946, 33.813120080554015 ] ] ] } },
{ "type": "Feature", "properties": { "hex_id": "8844c1a951fffff", "lat": 33.721960335314961, "lon": -84.327901659695172, "restaurant_accessibility": 0.0, "park_accessibility": 3.0573854399611706, "clinic_accessibility": 0.17163555657031321, "restaurant_norm": 0.0, "park_norm": 0.15027938839581714, "clinic_norm": 0.023389327470142458, "user_match_score": 0.024383669827638697, "suitability": 2, "suitability_label": "Less Suitable" }, "geometry": { "type": "Polygon", "coordinates": [ [ [ -84.328169143359958, 33.717163126666485 ], [ -84.323344380535104, 33.71916103468164 ], [ -84.323076688515869, 33.723958052984067 ], [ -84.327634152655108, 33.726757426414736 ], [ -84.332459420595356, 33.724759581871915 ], [ -84.33272671925171, 33.719962300431085 ], [ -84.328169143359958, 33.717163126666485 ] ] ] } },
{ "type": "Feature", "properties": { "hex_id": "8844c13069fffff", "lat": 33.858226600472278, "lon": -84.315571803214212, "restaurant_accessibility": 4.924925728864233, "park_accessibility": 4.0337852504212277, "clinic_accessibility": 0.7590733771536754, "restaurant_norm": 0.079774485443880452, "park_norm": 0.19827227945491524, "clinic_norm": 0.10344136230793748, "user_match_score": 0.10109101559060675, "suitability": 0, "suitability_label": "Most Suitable" }, "geometry": { "type": "Polygon", "coordinates": [ [ [ -84.315840151395989, 33.853432898051288 ], [ -84.311009636670974, 33.855425149709419 ], [ -84.310741079647499, 33.860218661113343 ], [ -84.315303431553644, 33.863020183554553 ], [ -84.320134452756903, 33.86102799592944 ], [ -84.320402615546399, 33.856234221835159 ], [ -84.315840151395989, 33.853432898051288 ] ] ] } },
{ "type": "Feature", "properties": { "hex_id": "8844c1a8c1fffff", "lat": 33.764741667144825, "lon": -84.405713459383932, "restaurant_accessibility": 12.409119821941688, "park_accessibility": 10.981738569604897, "clinic_accessibility": 4.5148163729725646, "restaurant_norm": 0.20100427967979725, "park_norm": 0.53978439688779944, "clinic_norm": 0.61524849935016845, "user_match_score": 0.400579979268746, "suitability": 0, "suitability_label": "Most Suitable" }, "geometry": { "type": "Polygon", "coordinates": [ [ [ -84.405977768799573, 33.759943109002158 ], [ -84.40114817382576, 33.761943368760832 ], [ -84.400883655576465, 33.766741736666077 ], [ -84.405449126847344, 33.769540107119234 ], [ -84.410279226953264, 33.767539910136819 ], [ -84.41054335062698, 33.762741279930047 ], [ -84.405977768799573, 33.759943109002158 ] ] ] } },
{ "type": "Feature", "properties": { "hex_id": "8844c1ab63fffff", "lat": 33.671184399127554, "lon": -84.326020014780227, "restaurant_accessibility": 0.0, "park_accessibility": 0.74233665514783032, "clinic_accessibility": 0.0, "restaurant_norm": 0.0, "park_norm": 0.036488006079086116, "clinic_norm": 0.0, "user_match_score": 0.0036488006079086117, "suitability": 2, "suitability_label": "Less Suitable" }, "geometry": { "type": "Polygon", "coordinates": [ [ [ -84.326287449677153, 33.666386091711722 ], [ -84.321465065883828, 33.668385775130645 ], [ -84.321197422839404, 33.67318389242697 ], [ -84.32575255652381, 33.675982589667832 ], [ -84.330575444958455, 33.673982969579164 ], [ -84.330842695038129, 33.669184588924338 ], [ -84.326287449677153, 33.666386091711722 ] ] ] } },
{ "type": "Feature", "properties": { "hex_id": "8844c1320dfffff", "lat": 33.825897126528943, "lon": -84.359851636133499, "restaurant_accessibility": 7.9471415793062441, "park_accessibility": 7.1518102029050281, "clinic_accessibility": 1.3485206155634564, "restaurant_norm": 0.12872866823618656, "park_norm": 0.35153227629329664, "clinic_norm": 0.18376722695411019, "user_match_score": 0.17302445252906701, "suitability": 0, "suitability_label": "Most Suitable" }, "geometry": { "type": "Polygon", "coordinates": [ [ [ -84.360118034285847, 33.821101349189433 ], [ -84.355287349888854, 33.823097034794678 ], [ -84.355020742844857, 33.827892621437087 ], [ -84.35958521467218, 33.830692784924693 ], [ -84.364416405016456, 33.828697162778283 ], [ -84.364682617556838, 33.823901313690492 ], [ -84.360118034285847, 33.821101349189433 ] ] ] } },
{ "type": "Feature", "properties": { "hex_id": "8844c1a985fffff", "lat": 33.779517652217308, "lon": -84.32469003157162, "restaurant_accessibility": 3.3428583550715141, "park_accessibility": 10.395965228307075, "clinic_accessibility": 3.2837336930425689, "restaurant_norm": 0.054147985141109155, "park_norm": 0.51099193313160096, "clinic_norm": 0.4474849163311263, "user_match_score": 0.25716715241616522, "suitability": 0, "suitability_label": "Most Suitable" }, "geometry": { "type": "Polygon", "coordinates": [ [ [ -84.324957795941486, 33.774721858325215 ], [ -84.320130531689003, 33.776717480665553 ], [ -84.319862558751126, 33.781513083935081 ], [ -84.324422243789797, 33.784313327802423 ], [ -84.329250013722628, 33.782317769151014 ], [ -84.329517592907138, 33.777521902948344 ], [ -84.324957795941486, 33.774721858325215 ] ] ] } },
{ "type": "Feature", "properties": { "hex_id": "8844c1ad27fffff", "lat": 33.851095445689481, "lon": -84.400951933286137, "restaurant_accessibility": 0.0, "park_accessibility": 2.0887998601424522, "clinic_accessibility": 0.43484190465721384, "restaurant_norm": 0.0, "park_norm": 0.10267058950456137, "clinic_norm": 0.059257300229637842, "user_match_score": 0.033969979042311277, "suitability": 2, "suitability_label": "Less Suitable" }, "geometry": { "type": "Polygon", "coordinates": [ [ [ -84.401216659342083, 33.846299024244729 ], [ -84.396383302629005, 33.848295856207635 ], [ -84.396118367417714, 33.85309208700113 ], [ -84.400687184054746, 33.855891747828956 ], [ -84.405521046748234, 33.853894978964178 ], [ -84.405785586794963, 33.849098486178583 ], [ -84.401216659342083, 33.846299024244729 ] ] ] } },
{ "type": "Feature", "properties": { "hex_id": "8844c1af15fffff", "lat": 33.80670945095379, "lon": -84.474250594329817, "restaurant_accessibility": 1.9298057583708301, "park_accessibility": 2.9423460516385611, "clinic_accessibility": 0.17231103429777306, "restaurant_norm": 0.031259204677625392, "park_norm": 0.14462486780688866, "clinic_norm": 0.023481376985301478, "user_match_score": 0.039484639913622152, "suitability": 1, "suitability_label": "Okay" }, "geometry": { "type": "Polygon", "coordinates": [ [ [ -84.474512112990112, 33.801909816607541 ], [ -84.4696780766876, 33.803911991872042 ], [ -84.469416348755658, 33.808711436057841 ], [ -84.473989052771699, 33.811508966528841 ], [ -84.478823594256212, 33.809506853439849 ], [ -84.479084926513494, 33.804707147709529 ], [ -84.474512112990112, 33.801909816607541 ] ] ] } },
{ "type": "Feature", "properties": { "hex_id": "8844c1a1a1fffff", "lat": 33.749106017998585, "lon": -84.477387307853292, "restaurant_accessibility": 0.0, "park_accessibility": 1.6660190372919044, "clinic_accessibility": 1.3736976713472515, "restaurant_norm": 0.0, "park_norm": 0.081889682179946272, "clinic_norm": 0.18719818505060454, "user_match_score": 0.083068242238236445, "suitability": 1, "suitability_label": "Okay" }, "geometry": { "type": "Polygon", "coordinates": [ [ [ -84.477648551973218, 33.744304963334798 ], [ -84.472817025533971, 33.74630941872428 ], [ -84.472555572357209, 33.751110283504808 ], [ -84.477126040871468, 33.75390695465088 ], [ -84.481958071927977, 33.751902561221797 ], [ -84.482219129823832, 33.74710143469138 ], [ -84.477648551973218, 33.744304963334798 ] ] ] } },
{ "type": "Feature", "properties": { "hex_id": "8844c1a06dfffff", "lat": 33.672627112122363, "lon": -84.514587246817101, "restaurant_accessibility": 0.36384367593853295, "park_accessibility": 2.0743855934530502, "clinic_accessibility": 0.64467835599209256, "restaurant_norm": 0.0058935796452508505, "park_norm": 0.10196208636526302, "clinic_norm": 0.087852386081988476, "user_match_score": 0.048283952891947118, "suitability": 1, "suitability_label": "Okay" }, "geometry": { "type": "Polygon", "coordinates": [ [ [ -84.514846731919093, 33.667823202805685 ], [ -84.510017318763389, 33.669832346418879 ], [ -84.509757624758564, 33.674636066353237 ], [ -84.514327739017091, 33.677430904415246 ], [ -84.519157655871751, 33.675421822120946 ], [ -84.519416954739896, 33.670617840450895 ], [ -84.514846731919093, 33.667823202805685 ] ] ] } },
{ "type": "Feature", "properties": { "hex_id": "8844c1a13bfffff", "lat": 33.71270006561452, "lon": -84.474646557388212, "restaurant_accessibility": 0.13573859584036907, "park_accessibility": 1.0291032247102065, "clinic_accessibility": 0.36348981599945573, "restaurant_norm": 0.0021987086169799994, "park_norm": 0.050583417185232994, "clinic_norm": 0.049533922389736348, "user_match_score": 0.025971264982907839, "suitability": 2, "suitability_label": "Less Suitable" }, "geometry": { "type": "Polygon", "coordinates": [ [ [ -84.474907827634269, 33.707898258838782 ], [ -84.470078059445697, 33.709903914915216 ], [ -84.469816580297078, 33.714705531964881 ], [ -84.474385264286283, 33.717501754862795 ], [ -84.479215536760037, 33.715496160660443 ], [ -84.479476620930271, 33.710694281691225 ], [ -84.474907827634269, 33.707898258838782 ] ] ] } },
{ "type": "Feature", "properties": { "hex_id": "8844c1b8b3fffff", "lat": 33.666321999688329, "lon": -84.439425609013256, "restaurant_accessibility": 3.3929796460906712, "park_accessibility": 3.8963504667933098, "clinic_accessibility": 0.64546798874140521, "restaurant_norm": 0.054959855293262361, "park_norm": 0.1915169600378851, "clinic_norm": 0.087959991867898324, "user_match_score": 0.081815620397579017, "suitability": 1, "suitability_label": "Okay" }, "geometry": { "type": "Polygon", "coordinates": [ [ [ -84.439688251454029, 33.661520187014979 ], [ -84.434861890107385, 33.663525770055458 ], [ -84.434599039086095, 33.668327393078187 ], [ -84.439162943612743, 33.67112369547317 ], [ -84.443989808984085, 33.669118174535186 ], [ -84.444252265774949, 33.664316289104804 ], [ -84.439688251454029, 33.661520187014979 ] ] ] } },
{ "type": "Feature", "properties": { "hex_id": "8844c1a1a3fffff", "lat": 33.756703569700491, "lon": -84.481696991185117, "restaurant_accessibility": 0.0, "park_accessibility": 1.39143848971979, "clinic_accessibility": 1.1942597885464661, "restaurant_norm": 0.0, "park_norm": 0.068393249504107412, "clinic_norm": 0.16274560957474576, "user_match_score": 0.071937568780309047, "suitability": 1, "suitability_label": "Okay" }, "geometry": { "type": "Polygon", "coordinates": [ [ [ -84.481958071927977, 33.751902561221797 ], [ -84.477126040871468, 33.75390695465088 ], [ -84.476864751024735, 33.758707773228352 ], [ -84.481435887592284, 33.761504460064138 ], [ -84.486268423316162, 33.759500128573372 ], [ -84.486529317776032, 33.754699048313647 ], [ -84.481958071927977, 33.751902561221797 ] ] ] } },
{ "type": "Feature", "properties": { "hex_id": "8844c1ad07fffff", "lat": 33.8459047211959, "lon": -84.424857372711301, "restaurant_accessibility": 4.254400864314638, "park_accessibility": 0.1549274756262333, "clinic_accessibility": 1.0032229218381108, "restaurant_norm": 0.06891325037321322, "park_norm": 0.0076151361154888925, "clinic_norm": 0.1367124033813589, "user_match_score": 0.08990310015069905, "suitability": 0, "suitability_label": "Most Suitable" }, "geometry": { "type": "Polygon", "coordinates": [ [ [ -84.425121075905651, 33.841107466106301 ], [ -84.420287072499548, 33.843105698432296 ], [ -84.420023160075047, 33.847902762987978 ], [ -84.424593646427994, 33.850701857031709 ], [ -84.429428155643237, 33.848703687532073 ], [ -84.429691672667133, 33.843906361167519 ], [ -84.425121075905651, 33.841107466106301 ] ] ] } },
{ "type": "Feature", "properties": { "hex_id": "8844c13267fffff", "lat": 33.824287050860114, "lon": -84.341063036372574, "restaurant_accessibility": 6.2026638958648288, "park_accessibility": 4.4518571668985816, "clinic_accessibility": 2.6854733324260951, "restaurant_norm": 0.10047142797990249, "park_norm": 0.21882173033294447, "clinic_norm": 0.3659580592714598, "user_match_score": 0.21850111073182962, "suitability": 0, "suitability_label": "Most Suitable" }, "geometry": { "type": "Polygon", "coordinates": [ [ [ -84.341330223271072, 33.819491798595195 ], [ -84.336500309667485, 33.821486594159644 ], [ -84.336232913958952, 33.826281655661411 ], [ -84.340795826099807, 33.829082184215743 ], [ -84.345626245729576, 33.827087452305918 ], [ -84.345893247162948, 33.822292128192181 ], [ -84.341330223271072, 33.819491798595195 ] ] ] } },
{ "type": "Feature", "properties": { "hex_id": "8844c1069bfffff", "lat": 33.791485479323107, "lon": -84.295726524687623, "restaurant_accessibility": 8.1446653468591759, "park_accessibility": 6.0905251152366411, "clinic_accessibility": 3.0233759650188246, "restaurant_norm": 0.13192817982011162, "park_norm": 0.29936702692570893, "clinic_norm": 0.41200513415886442, "user_match_score": 0.26070284626617246, "suitability": 0, "suitability_label": "Most Suitable" }, "geometry": { "type": "Polygon", "coordinates": [ [ [ -84.295995540292765, 33.786690829586028 ], [ -84.291168808449271, 33.788684546827497 ], [ -84.290899584345269, 33.793479005774266 ], [ -84.295457485563702, 33.796280010615398 ], [ -84.300284723345797, 33.794286357410073 ], [ -84.300553553941512, 33.789491635332439 ], [ -84.295995540292765, 33.786690829586028 ] ] ] } },
{ "type": "Feature", "properties": { "hex_id": "8844c1ab35fffff", "lat": 33.699971787019066, "lon": -84.324414914742434, "restaurant_accessibility": 0.0, "park_accessibility": 1.9503490199536522, "clinic_accessibility": 0.0, "restaurant_norm": 0.0, "park_norm": 0.095865327951826257, "clinic_norm": 0.0, "user_match_score": 0.0095865327951826264, "suitability": 2, "suitability_label": "Less Suitable" }, "geometry": { "type": "Polygon", "coordinates": [ [ [ -84.324682489842118, 33.69517418180655 ], [ -84.319858856897255, 33.697172724160694 ], [ -84.319591073543464, 33.701970139114671 ], [ -84.324147316264956, 33.704769274976108 ], [ -84.328971454133139, 33.7027707960615 ], [ -84.329238844327264, 33.697973117850893 ], [ -84.324682489842118, 33.69517418180655 ] ] ] } },
{ "type": "Feature", "properties": { "hex_id": "8844c1324dfffff", "lat": 33.804716728762116, "lon": -84.365747234837585, "restaurant_accessibility": 9.2553910440891194, "park_accessibility": 8.2170937940532234, "clinic_accessibility": 2.9402952784171816, "restaurant_norm": 0.14991983610976869, "park_norm": 0.40389406373867798, "clinic_norm": 0.40068346268122951, "user_match_score": 0.27562270950124396, "suitability": 0, "suitability_label": "Most Suitable" }, "geometry": { "type": "Polygon", "coordinates": [ [ [ -84.366013330952825, 33.799920285701248 ], [ -84.361183393866426, 33.801917051655707 ], [ -84.360917088919521, 33.806713304139286 ], [ -84.36548111544343, 33.809513053154589 ], [ -84.370311558245106, 33.807516350529546 ], [ -84.370577468778308, 33.802719835564837 ], [ -84.366013330952825, 33.799920285701248 ] ] ] } },
{ "type": "Feature", "properties": { "hex_id": "8844c132abfffff", "lat": 33.892646365820603, "lon": -84.379758606969546, "restaurant_accessibility": 1.4376146781619468, "park_accessibility": 1.064307165460149, "clinic_accessibility": 0.0, "restaurant_norm": 0.023286639744593125, "park_norm": 0.052313793282363595, "clinic_norm": 0.0, "user_match_score": 0.016874699200532924, "suitability": 2, "suitability_label": "Less Suitable" }, "geometry": { "type": "Polygon", "coordinates": [ [ [ -84.380024332371491, 33.887851544250125 ], [ -84.375189862694853, 33.889845767724012 ], [ -84.374923928057981, 33.89464039837133 ], [ -84.379492858299301, 33.89744106755321 ], [ -84.384327834461203, 33.89544690753312 ], [ -84.38459337386719, 33.890652014882455 ], [ -84.380024332371491, 33.887851544250125 ] ] ] } },
{ "type": "Feature", "properties": { "hex_id": "8844c13027fffff", "lat": 33.892958094380198, "lon": -84.299465556755294, "restaurant_accessibility": 0.69441309200010803, "park_accessibility": 1.3897768670935531, "clinic_accessibility": 0.0, "restaurant_norm": 0.011248179190831766, "park_norm": 0.0683115759183201, "clinic_norm": 0.0, "user_match_score": 0.012455247187247893, "suitability": 2, "suitability_label": "Less Suitable" }, "geometry": { "type": "Polygon", "coordinates": [ [ [ -84.299734672667682, 33.888165682480825 ], [ -84.294903171491896, 33.890155833301549 ], [ -84.294633846665391, 33.894948053963653 ], [ -84.299196417292109, 33.897750386494934 ], [ -84.304028425359064, 33.895760299987167 ], [ -84.304297355878731, 33.890967816640199 ], [ -84.299734672667682, 33.888165682480825 ] ] ] } },
{ "type": "Feature", "properties": { "hex_id": "8844c1a1e5fffff", "lat": 33.727104780523241, "lon": -84.473862609502859, "restaurant_accessibility": 0.17844293638605865, "park_accessibility": 1.400981197868691, "clinic_accessibility": 0.51269858857974393, "restaurant_norm": 0.0028904381944000984, "park_norm": 0.068862301369636947, "clinic_norm": 0.069867080116694194, "user_match_score": 0.036278281280841422, "suitability": 1, "suitability_label": "Okay" }, "geometry": { "type": "Polygon", "coordinates": [ [ [ -84.474123948325499, 33.722303326520169 ], [ -84.469293553375593, 33.724308413348737 ], [ -84.469032005596759, 33.729109677556082 ], [ -84.473601247815381, 33.731906116808574 ], [ -84.478432147191427, 33.729901091908324 ], [ -84.478693299893592, 33.725099565832409 ], [ -84.474123948325499, 33.722303326520169 ] ] ] } },
{ "type": "Feature", "properties": { "hex_id": "8844c114d3fffff", "lat": 33.676381340083012, "lon": -84.302176415084546, "restaurant_accessibility": 0.5629848784062752, "park_accessibility": 0.98328261775691272, "clinic_accessibility": 0.0, "restaurant_norm": 0.0091192906167751678, "park_norm": 0.048331201060021915, "clinic_norm": 0.0, "user_match_score": 0.0093927654143897768, "suitability": 2, "suitability_label": "Less Suitable" }, "geometry": { "type": "Polygon", "coordinates": [ [ [ -84.302444867159167, 33.671583866617887 ], [ -84.297623133954588, 33.673582155920535 ], [ -84.297354473807601, 33.678379439148692 ], [ -84.301907939564742, 33.681178696619966 ], [ -84.306730177578331, 33.679180470919036 ], [ -84.306998444996523, 33.674382924150066 ], [ -84.302444867159167, 33.671583866617887 ] ] ] } },
{ "type": "Feature", "properties": { "hex_id": "8844c1ab59fffff", "lat": 33.667574049985923, "lon": -84.368630486231368, "restaurant_accessibility": 0.0, "park_accessibility": 1.465468977598269, "clinic_accessibility": 0.0, "restaurant_norm": 0.0, "park_norm": 0.072032063340142116, "clinic_norm": 0.0, "user_match_score": 0.0072032063340142123, "suitability": 2, "suitability_label": "Less Suitable" }, "geometry": { "type": "Polygon", "coordinates": [ [ [ -84.368896116893822, 33.662774382952485 ], [ -84.364072315918804, 33.664776348642356 ], [ -84.363806476952675, 33.66957582574031 ], [ -84.368364832360214, 33.672373600162594 ], [ -84.373189137729497, 33.670371697336066 ], [ -84.373454583267815, 33.665571957228906 ], [ -84.368896116893822, 33.662774382952485 ] ] ] } },
{ "type": "Feature", "properties": { "hex_id": "8844c1a153fffff", "lat": 33.693062342934077, "lon": -84.499318166647072, "restaurant_accessibility": 0.0, "park_accessibility": 1.5337959570743664, "clinic_accessibility": 0.37816519882872124, "restaurant_norm": 0.0, "park_norm": 0.075390533146530644, "clinic_norm": 0.051533783849694273, "user_match_score": 0.028152566854530776, "suitability": 2, "suitability_label": "Less Suitable" }, "geometry": { "type": "Polygon", "coordinates": [ [ [ -84.499578346687827, 33.688259353321577 ], [ -84.494748564827844, 33.690266976232195 ], [ -84.494488175864191, 33.695069776307072 ], [ -84.499057963845772, 33.697865215262318 ], [ -84.503888249677445, 33.695857653899282 ], [ -84.504148243526771, 33.691054592038604 ], [ -84.499578346687827, 33.688259353321577 ] ] ] } },
{ "type": "Feature", "properties": { "hex_id": "8844c1a00dfffff", "lat": 33.688609698358704, "lon": -84.532613006677423, "restaurant_accessibility": 0.0, "park_accessibility": 1.1178365280144091, "clinic_accessibility": 0.18973723580779039, "restaurant_norm": 0.0, "park_norm": 0.054944917170352783, "clinic_norm": 0.02585610132461116, "user_match_score": 0.015836932246879744, "suitability": 2, "suitability_label": "Less Suitable" }, "geometry": { "type": "Polygon", "coordinates": [ [ [ -84.532871769218758, 33.683805617085667 ], [ -84.528040968132899, 33.685815083778905 ], [ -84.527781996554765, 33.690618975667 ], [ -84.532354221494813, 33.69341366238347 ], [ -84.537185526337794, 33.691404256867436 ], [ -84.537444102454543, 33.686600103462901 ], [ -84.532871769218758, 33.683805617085667 ] ] ] } },
{ "type": "Feature", "properties": { "hex_id": "8844c1a807fffff", "lat": 33.739554997192052, "lon": -84.364643239553018, "restaurant_accessibility": 13.549674473909564, "park_accessibility": 9.6467845563273915, "clinic_accessibility": 3.1020784687362997, "restaurant_norm": 0.21947910863977518, "park_norm": 0.47416752371578846, "clinic_norm": 0.42273017662064605, "user_match_score": 0.32624837733972489, "suitability": 0, "suitability_label": "Most Suitable" }, "geometry": { "type": "Polygon", "coordinates": [ [ [ -84.364909218664366, 33.734757089662239 ], [ -84.360082291266153, 33.736756203885172 ], [ -84.359816103584208, 33.741553921132045 ], [ -84.364377237187497, 33.744352786915158 ], [ -84.369204669685004, 33.742353735827784 ], [ -84.369470463450682, 33.737555755826776 ], [ -84.364909218664366, 33.734757089662239 ] ] ] } },
{ "type": "Feature", "properties": { "hex_id": "8844c13351fffff", "lat": 33.822674465858015, "lon": -84.322279098337631, "restaurant_accessibility": 5.3256412059272176, "park_accessibility": 3.2482134100521995, "clinic_accessibility": 2.7042236930945358, "restaurant_norm": 0.086265318555280648, "park_norm": 0.15965913824981637, "clinic_norm": 0.36851323102386868, "user_match_score": 0.20650386551216943, "suitability": 0, "suitability_label": "Most Suitable" }, "geometry": { "type": "Polygon", "coordinates": [ [ [ -84.322547073525286, 33.817879739000695 ], [ -84.317717931519439, 33.819873644911205 ], [ -84.317449747603419, 33.824668180939426 ], [ -84.322011099710494, 33.827469073840533 ], [ -84.326840747820995, 33.825475231780338 ], [ -84.327108537690407, 33.820680432973752 ], [ -84.322547073525286, 33.817879739000695 ] ] ] } },
{ "type": "Feature", "properties": { "hex_id": "8844c1a849fffff", "lat": 33.704763687709573, "lon": -84.380716946848509, "restaurant_accessibility": 0.0, "park_accessibility": 3.9449155255949062, "clinic_accessibility": 0.26543101483607479, "restaurant_norm": 0.0, "park_norm": 0.19390407395512921, "clinic_norm": 0.036171135228555543, "user_match_score": 0.033858861486935142, "suitability": 2, "suitability_label": "Less Suitable" }, "geometry": { "type": "Polygon", "coordinates": [ [ [ -84.380982161038617, 33.699964504404875 ], [ -84.376156221341603, 33.70196571152951 ], [ -84.375890798653543, 33.706764704774542 ], [ -84.380451709475864, 33.709562753656776 ], [ -84.385278153860099, 33.70756160938523 ], [ -84.385543182705575, 33.702762353383406 ], [ -84.380982161038617, 33.699964504404875 ] ] ] } },
{ "type": "Feature", "properties": { "hex_id": "8844c1aa27fffff", "lat": 33.697166600967137, "lon": -84.376421620832346, "restaurant_accessibility": 0.0, "park_accessibility": 2.7194897592305853, "clinic_accessibility": 0.2111792224054159, "restaurant_norm": 0.0, "park_norm": 0.13367083273970545, "clinic_norm": 0.028778069570373894, "user_match_score": 0.024878311102120104, "suitability": 2, "suitability_label": "Less Suitable" }, "geometry": { "type": "Polygon", "coordinates": [ [ [ -84.376686997128743, 33.69236737315078 ], [ -84.371861562068304, 33.694368643150177 ], [ -84.371595977320908, 33.699167680925029 ], [ -84.376156221341603, 33.70196571152951 ], [ -84.380982161038617, 33.699964504404875 ], [ -84.381247352049158, 33.69516520380602 ], [ -84.376686997128743, 33.69236737315078 ] ] ] } },
{ "type": "Feature", "properties": { "hex_id": "8844c1ad33fffff", "lat": 33.867891799419631, "lon": -84.428373856776545, "restaurant_accessibility": 0.8850950708436307, "park_accessibility": 1.1143264237066346, "clinic_accessibility": 0.26766457582546688, "restaurant_norm": 0.014336866733165719, "park_norm": 0.054772385332631797, "clinic_norm": 0.036475509744240617, "user_match_score": 0.027235875797542285, "suitability": 2, "suitability_label": "Less Suitable" }, "geometry": { "type": "Polygon", "coordinates": [ [ [ -84.428637466114921, 33.86309495060955 ], [ -84.423802329013938, 33.865092548385427 ], [ -84.423538510344486, 33.869889206575102 ], [ -84.428110224351983, 33.872688528683362 ], [ -84.432945867454251, 33.87069099376469 ], [ -84.433209290518462, 33.865894073885741 ], [ -84.428637466114921, 33.86309495060955 ] ] ] } },
{ "type": "Feature", "properties": { "hex_id": "8844c132c5fffff", "lat": 33.864680132227626, "lon": -84.390754530908794, "restaurant_accessibility": 3.0964646105914211, "park_accessibility": 2.6196289790212774, "clinic_accessibility": 0.39988891284629013, "restaurant_norm": 0.050156872327510774, "park_norm": 0.12876238489455102, "clinic_norm": 0.05449414399404752, "user_match_score": 0.059752332250829501, "suitability": 1, "suitability_label": "Okay" }, "geometry": { "type": "Polygon", "coordinates": [ [ [ -84.391019721689574, 33.859884330878579 ], [ -84.386186122150747, 33.861880145067168 ], [ -84.385920722201618, 33.866675755663188 ], [ -84.390489316910717, 33.869475814099523 ], [ -84.395323422611554, 33.867480063160365 ], [ -84.395588427412008, 33.862684190540563 ], [ -84.391019721689574, 33.859884330878579 ] ] ] } },
{ "type": "Feature", "properties": { "hex_id": "8844c1ab53fffff", "lat": 33.681972349692103, "lon": -84.367833454979703, "restaurant_accessibility": 0.0, "park_accessibility": 1.6137970400702162, "clinic_accessibility": 0.0, "restaurant_norm": 0.0, "park_norm": 0.079322819101216163, "clinic_norm": 0.0, "user_match_score": 0.0079322819101216163, "suitability": 2, "suitability_label": "Less Suitable" }, "geometry": { "type": "Polygon", "coordinates": [ [ [ -84.368099155277335, 33.677173033419116 ], [ -84.363274729337945, 33.679174429232894 ], [ -84.363008820683277, 33.683973555500735 ], [ -84.367567731464263, 33.68677154891818 ], [ -84.372392661938846, 33.684770216022386 ], [ -84.372658177068061, 33.6799708267962 ], [ -84.368099155277335, 33.677173033419116 ] ] ] } },
{ "type": "Feature", "properties": { "hex_id": "8844c13253fffff", "lat": 33.835903534182847, "lon": -84.392345327440012, "restaurant_accessibility": 6.9179280202839735, "park_accessibility": 5.9894773847803693, "clinic_accessibility": 1.2058299957855505, "restaurant_norm": 0.11205735447369429, "park_norm": 0.29440023702304396, "clinic_norm": 0.16432231880341594, "user_match_score": 0.15119762846051793, "suitability": 0, "suitability_label": "Most Suitable" }, "geometry": { "type": "Polygon", "coordinates": [ [ [ -84.392610378980663, 33.831107017295139 ], [ -84.387778034076121, 33.833103975521254 ], [ -84.387512773474455, 33.837900301793326 ], [ -84.392080252700268, 33.84069993197182 ], [ -84.396913103483698, 33.838703036888447 ], [ -84.397177969133153, 33.833906448488939 ], [ -84.392610378980663, 33.831107017295139 ] ] ] } },
{ "type": "Feature", "properties": { "hex_id": "8844c1ac19fffff", "lat": 33.853881107953661, "lon": -84.518963461256646, "restaurant_accessibility": 0.67168218327912854, "park_accessibility": 2.6718294807898628, "clinic_accessibility": 1.3301817636227109, "restaurant_norm": 0.010879981445988588, "park_norm": 0.13132819140923024, "clinic_norm": 0.18126813281511206, "user_match_score": 0.091080062989962143, "suitability": 0, "suitability_label": "Most Suitable" }, "geometry": { "type": "Polygon", "coordinates": [ [ [ -84.519223204912848, 33.849081238883493 ], [ -84.514385372613603, 33.851083934947333 ], [ -84.514125419322184, 33.855883613817198 ], [ -84.518703694840198, 33.858680857597577 ], [ -84.523542032539851, 33.856678223378388 ], [ -84.523801589291907, 33.851878283539413 ], [ -84.519223204912848, 33.849081238883493 ] ] ] } },
{ "type": "Feature", "properties": { "hex_id": "8844c1a913fffff", "lat": 33.75074111646996, "lon": -84.326296266718472, "restaurant_accessibility": 6.5398375165432574, "park_accessibility": 8.6828018004136229, "clinic_accessibility": 1.6751847033471203, "restaurant_norm": 0.10593300315396606, "park_norm": 0.42678496700920737, "clinic_norm": 0.22828278931532436, "user_match_score": 0.1869581140040335, "suitability": 0, "suitability_label": "Most Suitable" }, "geometry": { "type": "Polygon", "coordinates": [ [ [ -84.326563890680802, 33.745944614062147 ], [ -84.321737877462425, 33.747941379654776 ], [ -84.321470045038907, 33.75273769157814 ], [ -84.326028619362532, 33.755537500949778 ], [ -84.330855137978645, 33.753540798937991 ], [ -84.331122576844123, 33.748744223978704 ], [ -84.326563890680802, 33.745944614062147 ] ] ] } },
{ "type": "Feature", "properties": { "hex_id": "8844c1a847fffff", "lat": 33.718362658619476, "lon": -84.370533406179817, "restaurant_accessibility": 1.5339753896488835, "park_accessibility": 5.8368175157892503, "clinic_accessibility": 1.2527636576164516, "restaurant_norm": 0.024847501085267468, "park_norm": 0.28689656037020356, "clinic_norm": 0.17071811934656367, "user_match_score": 0.10940065431827957, "suitability": 0, "suitability_label": "Most Suitable" }, "geometry": { "type": "Polygon", "coordinates": [ [ [ -84.370799083793884, 33.713564090333257 ], [ -84.365972902628329, 33.715564282741411 ], [ -84.365707016503464, 33.720362660865298 ], [ -84.37026770534149, 33.723161109375226 ], [ -84.375094391374915, 33.721160979972346 ], [ -84.375359883673227, 33.716362339059295 ], [ -84.370799083793884, 33.713564090333257 ] ] ] } },
{ "type": "Feature", "properties": { "hex_id": "8844c1a99bfffff", "lat": 33.797120680543912, "lon": -84.361449675519566, "restaurant_accessibility": 8.340929045832528, "park_accessibility": 10.252518030943433, "clinic_accessibility": 3.8420697757349775, "restaurant_norm": 0.13510728067540972, "park_norm": 0.50394108608917632, "clinic_norm": 0.52357116406114956, "user_match_score": 0.32737621457108235, "suitability": 0, "suitability_label": "Most Suitable" }, "geometry": { "type": "Polygon", "coordinates": [ [ [ -84.361715933882024, 33.792324190867021 ], [ -84.356886502460029, 33.79432102017298 ], [ -84.356620035313014, 33.799117319290495 ], [ -84.361183393866426, 33.801917051655707 ], [ -84.366013330952825, 33.799920285701248 ], [ -84.366279403792149, 33.795123724035129 ], [ -84.361715933882024, 33.792324190867021 ] ] ] } },
{ "type": "Feature", "properties": { "hex_id": "8844c1ae15fffff", "lat": 33.812260989377457, "lon": -84.540128348069913, "restaurant_accessibility": 0.17029443579260961, "park_accessibility": 1.0027118051926802, "clinic_accessibility": 0.37760233462333109, "restaurant_norm": 0.002758447890836381, "park_norm": 0.049286202142552062, "clinic_norm": 0.05145708054016937, "user_match_score": 0.026890676375741145, "suitability": 2, "suitability_label": "Less Suitable" }, "geometry": { "type": "Polygon", "coordinates": [ [ [ -84.540387094337987, 33.807459526220093 ], [ -84.535550385337388, 33.809464826348808 ], [ -84.535291429515084, 33.814266099580202 ], [ -84.539869579134262, 33.817062333643484 ], [ -84.544706793028254, 33.815057095002949 ], [ -84.54496535238053, 33.810255560816209 ], [ -84.540387094337987, 33.807459526220093 ] ] ] } },
{ "type": "Feature", "properties": { "hex_id": "8844c1ae0bfffff", "lat": 33.797856243484702, "lon": -84.540904518883337, "restaurant_accessibility": 0.14253391665740264, "park_accessibility": 1.150540709218119, "clinic_accessibility": 0.36356814932898868, "restaurant_norm": 0.0023087799665696628, "park_norm": 0.056552422813914011, "clinic_norm": 0.049544597123648622, "user_match_score": 0.026627471114135683, "suitability": 2, "suitability_label": "Less Suitable" }, "geometry": { "type": "Polygon", "coordinates": [ [ [ -84.541163197166526, 33.793054424033315 ], [ -84.536327116720898, 33.795060293801399 ], [ -84.536068228937339, 33.799861923396094 ], [ -84.540645817941467, 33.802657944234731 ], [ -84.545482403139275, 33.800652135901345 ], [ -84.545740894551642, 33.79585024529986 ], [ -84.541163197166526, 33.793054424033315 ] ] ] } },
{ "type": "Feature", "properties": { "hex_id": "8844c132d7fffff", "lat": 33.888271178410207, "lon": -84.413075228931845, "restaurant_accessibility": 0.0, "park_accessibility": 0.5484148065844886, "clinic_accessibility": 0.0, "restaurant_norm": 0.0, "park_norm": 0.026956183097991724, "clinic_norm": 0.0, "user_match_score": 0.0026956183097991727, "suitability": 2, "suitability_label": "Less Suitable" }, "geometry": { "type": "Polygon", "coordinates": [ [ [ -84.41333953565821, 33.88347526057953 ], [ -84.408504032907132, 33.885471331133061 ], [ -84.408239516830065, 33.890267058190659 ], [ -84.412810899056481, 33.893066976436764 ], [ -84.417646908081792, 33.891070968967256 ], [ -84.417911028577151, 33.886274980172765 ], [ -84.41333953565821, 33.88347526057953 ] ] ] } },
{ "type": "Feature", "properties": { "hex_id": "8844c1b9a3fffff", "lat": 33.644782091715498, "lon": -84.355755906344044, "restaurant_accessibility": 0.56076625949705572, "park_accessibility": 0.32718937507018342, "clinic_accessibility": 0.0, "restaurant_norm": 0.0090833531851014799, "park_norm": 0.016082309587953442, "clinic_norm": 0.0, "user_match_score": 0.0061499075513460847, "suitability": 2, "suitability_label": "Less Suitable" }, "geometry": { "type": "Polygon", "coordinates": [ [ [ -84.356022022374887, 33.639982294345891 ], [ -84.351199734278481, 33.641984448754528 ], [ -84.350933410084792, 33.646784056243455 ], [ -84.355489767069372, 33.649581772539086 ], [ -84.360312559407916, 33.64757968105814 ], [ -84.360578490490568, 33.642779810358853 ], [ -84.356022022374887, 33.639982294345891 ] ] ] } },
{ "type": "Feature", "properties": { "hex_id": "8844c11497fffff", "lat": 33.696764692456583, "lon": -84.286903487647677, "restaurant_accessibility": 0.0, "park_accessibility": 1.1759931952395628, "clinic_accessibility": 0.0, "restaurant_norm": 0.0, "park_norm": 0.057803486543878076, "clinic_norm": 0.0, "user_match_score": 0.0057803486543878081, "suitability": 2, "suitability_label": "Less Suitable" }, "geometry": { "type": "Polygon", "coordinates": [ [ [ -84.287172634409373, 33.69196814096923 ], [ -84.282350543303735, 33.693964908731878 ], [ -84.28208118845096, 33.698761269828644 ], [ -84.286634317378343, 33.701561126756502 ], [ -84.291456913562513, 33.69956442282394 ], [ -84.291725875711535, 33.694767798138351 ], [ -84.287172634409373, 33.69196814096923 ] ] ] } },
{ "type": "Feature", "properties": { "hex_id": "8844c1a167fffff", "lat": 33.681517859830024, "lon": -84.448029879050679, "restaurant_accessibility": 1.8313287283283577, "park_accessibility": 6.3107338095993573, "clinic_accessibility": 0.59362835750023002, "restaurant_norm": 0.029664062977591773, "park_norm": 0.31019092484702915, "clinic_norm": 0.080895639147169629, "user_match_score": 0.078209379632366655, "suitability": 1, "suitability_label": "Okay" }, "geometry": { "type": "Polygon", "coordinates": [ [ [ -84.448292196010883, 33.676716135689205 ], [ -84.443464826564608, 33.678721594546317 ], [ -84.443202300930011, 33.683523129000122 ], [ -84.447767539154412, 33.68631946687497 ], [ -84.452595412725842, 33.684314070077029 ], [ -84.452857543918597, 33.679512273350163 ], [ -84.448292196010883, 33.676716135689205 ] ] ] } },
{ "type": "Feature", "properties": { "hex_id": "8844c1af39fffff", "lat": 33.805913849026098, "lon": -84.464844127049801, "restaurant_accessibility": 1.1098646586027687, "park_accessibility": 3.9129067704974831, "clinic_accessibility": 0.0, "restaurant_norm": 0.017977709091828765, "park_norm": 0.1923307505277064, "clinic_norm": 0.0, "user_match_score": 0.028221929598685025, "suitability": 2, "suitability_label": "Less Suitable" }, "geometry": { "type": "Polygon", "coordinates": [ [ [ -84.465106041311472, 33.801114476274947 ], [ -84.460272387636053, 33.803116205513945 ], [ -84.460010264143179, 33.807915388071258 ], [ -84.464582189857452, 33.810713103023225 ], [ -84.469416348755658, 33.808711436057841 ], [ -84.4696780766876, 33.803911991872042 ], [ -84.465106041311472, 33.801114476274947 ] ] ] } },
{ "type": "Feature", "properties": { "hex_id": "8844c1ad61fffff", "lat": 33.823116003818775, "lon": -84.411940635096897, "restaurant_accessibility": 1.3168834346141303, "park_accessibility": 3.3577401977126873, "clinic_accessibility": 1.6239803574395328, "restaurant_norm": 0.021331021860940692, "park_norm": 0.16504269847988853, "clinic_norm": 0.22130500896340535, "user_match_score": 0.11569178436382135, "suitability": 0, "suitability_label": "Most Suitable" }, "geometry": { "type": "Polygon", "coordinates": [ [ [ -84.412204827155023, 33.818318605805167 ], [ -84.407372340872698, 33.820317026744085 ], [ -84.407107939725876, 33.825114234277237 ], [ -84.41167641991423, 33.827913282888552 ], [ -84.416509411853866, 33.825914924842884 ], [ -84.416773417918577, 33.821117455297781 ], [ -84.412204827155023, 33.818318605805167 ] ] ] } },
{ "type": "Feature", "properties": { "hex_id": "8844c1af2bfffff", "lat": 33.797520749369696, "lon": -84.451130355612563, "restaurant_accessibility": 0.13866942019455186, "park_accessibility": 4.8084775879056201, "clinic_accessibility": 0.58233986657918579, "restaurant_norm": 0.0022461824303232204, "park_norm": 0.23635066144444908, "clinic_norm": 0.079357320304198023, "user_match_score": 0.056501085481285733, "suitability": 1, "suitability_label": "Okay" }, "geometry": { "type": "Polygon", "coordinates": [ [ [ -84.451392828598841, 33.792721591194713 ], [ -84.446560062966512, 33.794722936898161 ], [ -84.446297380836597, 33.79952190486383 ], [ -84.450867859650899, 33.802319788911248 ], [ -84.455701130496365, 33.800318505601702 ], [ -84.455963417285204, 33.795519275855973 ], [ -84.451392828598841, 33.792721591194713 ] ] ] } },
{ "type": "Feature", "properties": { "hex_id": "8844c1af37fffff", "lat": 33.819514237216211, "lon": -84.454651753706258, "restaurant_accessibility": 3.0671277023877925, "park_accessibility": 1.8720299431969187, "clinic_accessibility": 0.88640123955292205, "restaurant_norm": 0.049681669880752545, "park_norm": 0.092015717496797586, "clinic_norm": 0.12079273826545468, "user_match_score": 0.082359501996237899, "suitability": 1, "suitability_label": "Okay" }, "geometry": { "type": "Polygon", "coordinates": [ [ [ -84.454914132355, 33.814715482544308 ], [ -84.450080233883682, 33.816716195103176 ], [ -84.449817645990535, 33.821514759478823 ], [ -84.45438935208503, 33.824312872961627 ], [ -84.459223755961148, 33.822312222828003 ], [ -84.459485948308725, 33.817513396791512 ], [ -84.454914132355, 33.814715482544308 ] ] ] } },
{ "type": "Feature", "properties": { "hex_id": "8844c1a13dfffff", "lat": 33.704311446877142, "lon": -84.460942507776522, "restaurant_accessibility": 0.0, "park_accessibility": 2.1253380009325915, "clinic_accessibility": 0.35467576325984751, "restaurant_norm": 0.0, "park_norm": 0.10446654541489374, "clinic_norm": 0.048332803169539404, "user_match_score": 0.029779775809305138, "suitability": 2, "suitability_label": "Less Suitable" }, "geometry": { "type": "Polygon", "coordinates": [ [ [ -84.461204335986125, 33.699509856953902 ], [ -84.456375454013795, 33.701515129698663 ], [ -84.456113416988956, 33.706316529880461 ], [ -84.46068065666644, 33.709112919393561 ], [ -84.465510042914474, 33.70710770864271 ], [ -84.465771685180215, 33.702306046389964 ], [ -84.461204335986125, 33.699509856953902 ] ] ] } },
{ "type": "Feature", "properties": { "hex_id": "8844c13215fffff", "lat": 33.848684331209348, "lon": -84.372749727620075, "restaurant_accessibility": 20.283431263865261, "park_accessibility": 5.3193322519920665, "clinic_accessibility": 0.71890031832310042, "restaurant_norm": 0.32855323738746589, "park_norm": 0.26146065427513282, "clinic_norm": 0.097966850806699174, "user_match_score": 0.2296094244439259, "suitability": 0, "suitability_label": "Most Suitable" }, "geometry": { "type": "Polygon", "coordinates": [ [ [ -84.373015638606844, 33.84388869614272 ], [ -84.368183436215176, 33.845884191438103 ], [ -84.367917316195232, 33.850679635754155 ], [ -84.372483793359635, 33.853479847022541 ], [ -84.377316501851425, 33.851484415119288 ], [ -84.377582227049359, 33.846688708560613 ], [ -84.373015638606844, 33.84388869614272 ] ] ] } },
{ "type": "Feature", "properties": { "hex_id": "8844c1aa91fffff", "lat": 33.754324062583777, "lon": -84.453491785736745, "restaurant_accessibility": 0.0, "park_accessibility": 2.3822708639665739, "clinic_accessibility": 0.64308050317951682, "restaurant_norm": 0.0, "park_norm": 0.11709554305806415, "clinic_norm": 0.087634641557315276, "user_match_score": 0.046763410928732527, "suitability": 1, "suitability_label": "Okay" }, "geometry": { "type": "Polygon", "coordinates": [ [ [ -84.453754052079972, 33.749523839555394 ], [ -84.448923167935121, 33.751526896104401 ], [ -84.448660692609266, 33.756326929131255 ], [ -84.453229496445203, 33.759124167548343 ], [ -84.458060885379581, 33.757121173231774 ], [ -84.458322965659335, 33.752320878270815 ], [ -84.453754052079972, 33.749523839555394 ] ] ] } },
{ "type": "Feature", "properties": { "hex_id": "8844c1a99dfffff", "lat": 33.788721534110842, "lon": -84.347761603387568, "restaurant_accessibility": 8.0388177197197432, "park_accessibility": 9.2646547656479612, "clinic_accessibility": 3.6491763652859914, "restaurant_norm": 0.13021364838240582, "park_norm": 0.4553847328773995, "clinic_norm": 0.49728496070109196, "user_match_score": 0.30955928175937963, "suitability": 0, "suitability_label": "Most Suitable" }, "geometry": { "type": "Polygon", "coordinates": [ [ [ -84.348028418054966, 33.783925260672916 ], [ -84.343199877337383, 33.785921708579849 ], [ -84.342932853973295, 33.790717791443285 ], [ -84.347494765385093, 33.793517689104156 ], [ -84.352323811755568, 33.791521304668585 ], [ -84.352590441032063, 33.786724959105804 ], [ -84.348028418054966, 33.783925260672916 ] ] ] } },
{ "type": "Feature", "properties": { "hex_id": "8844c1a945fffff", "lat": 33.705163723167232, "lon": -84.300565210180409, "restaurant_accessibility": 0.0, "park_accessibility": 2.6069413608548229, "clinic_accessibility": 0.17296647046989166, "restaurant_norm": 0.0, "park_norm": 0.12813875155302551, "clinic_norm": 0.023570695373471114, "user_match_score": 0.022242153304690995, "suitability": 2, "suitability_label": "Less Suitable" }, "geometry": { "type": "Polygon", "coordinates": [ [ [ -84.300833802972178, 33.700366952220385 ], [ -84.296010821067156, 33.702364099754099 ], [ -84.295742020096526, 33.70716068032516 ], [ -84.300296593925069, 33.709960376806251 ], [ -84.305120080921171, 33.707963292983464 ], [ -84.305388488968362, 33.703166448973597 ], [ -84.300833802972178, 33.700366952220385 ] ] ] } },
{ "type": "Feature", "properties": { "hex_id": "8844c1a1d3fffff", "lat": 33.746249510103631, "lon": -84.529506089312974, "restaurant_accessibility": 0.0, "park_accessibility": 0.65965568969009436, "clinic_accessibility": 0.25604948002812383, "restaurant_norm": 0.0, "park_norm": 0.032423996105544133, "clinic_norm": 0.034892683407846632, "user_match_score": 0.017199472973693068, "suitability": 2, "suitability_label": "Less Suitable" }, "geometry": { "type": "Polygon", "coordinates": [ [ [ -84.529765123745435, 33.741446840001558 ], [ -84.52493181303636, 33.743454032539198 ], [ -84.524672569352219, 33.748256512977264 ], [ -84.529247032203656, 33.751052062195562 ], [ -84.534080847233369, 33.749044931051763 ], [ -84.534339695061931, 33.74424218930104 ], [ -84.529765123745435, 33.741446840001558 ] ] ] } },
{ "type": "Feature", "properties": { "hex_id": "8844c1ae61fffff", "lat": 33.781079689199331, "lon": -84.513447336690319, "restaurant_accessibility": 0.11552333031542414, "park_accessibility": 1.9189730434604906, "clinic_accessibility": 0.57398487250727293, "restaurant_norm": 0.0018712595356847567, "park_norm": 0.094323107433573986, "clinic_norm": 0.078218758480156553, "user_match_score": 0.041655443903262396, "suitability": 1, "suitability_label": "Okay" }, "geometry": { "type": "Polygon", "coordinates": [ [ [ -84.513707135272639, 33.776278297603497 ], [ -84.508872826715958, 33.77828339760454 ], [ -84.508612818807975, 33.783084599312303 ], [ -84.513187515359533, 33.785880962335213 ], [ -84.518022328651497, 33.783875924009834 ], [ -84.518281940627503, 33.779074460991104 ], [ -84.513707135272639, 33.776278297603497 ] ] ] } },
{ "type": "Feature", "properties": { "hex_id": "8844c1ad59fffff", "lat": 33.827110929897813, "lon": -84.458961540655977, "restaurant_accessibility": 1.5588264061263659, "park_accessibility": 1.4156706775357415, "clinic_accessibility": 0.40667698987296996, "restaurant_norm": 0.025250040567361492, "park_norm": 0.069584332027389131, "clinic_norm": 0.055419177009595928, "user_match_score": 0.041751124290258027, "suitability": 1, "suitability_label": "Okay" }, "geometry": { "type": "Polygon", "coordinates": [ [ [ -84.459223755961148, 33.822312222828003 ], [ -84.45438935208503, 33.824312872961627 ], [ -84.454126927488318, 33.829111389717333 ], [ -84.458699302390258, 33.831909517937696 ], [ -84.463534211721523, 33.829908930207026 ], [ -84.463796240666497, 33.825110151858219 ], [ -84.459223755961148, 33.822312222828003 ] ] ] } },
{ "type": "Feature", "properties": { "hex_id": "8844c13261fffff", "lat": 33.817496685192076, "lon": -84.346160225239927, "restaurant_accessibility": 6.5635282641869601, "park_accessibility": 5.7389713295409255, "clinic_accessibility": 2.7206601781955499, "restaurant_norm": 0.10631674847462759, "park_norm": 0.28208713567874294, "clinic_norm": 0.37075308353559605, "user_match_score": 0.22966832121942651, "suitability": 0, "suitability_label": "Most Suitable" }, "geometry": { "type": "Polygon", "coordinates": [ [ [ -84.346427179963499, 33.812701123368683 ], [ -84.341597386798355, 33.814696427484066 ], [ -84.341330223271072, 33.819491798595195 ], [ -84.345893247162948, 33.822292128192181 ], [ -84.350723546263879, 33.820296887655672 ], [ -84.350990315507815, 33.815501253948362 ], [ -84.346427179963499, 33.812701123368683 ] ] ] } },
{ "type": "Feature", "properties": { "hex_id": "8844c1a961fffff", "lat": 33.71115364354111, "lon": -84.286095906304467, "restaurant_accessibility": 0.0, "park_accessibility": 1.6185899612367365, "clinic_accessibility": 0.19594905862847606, "restaurant_norm": 0.0, "park_norm": 0.079558405119295447, "clinic_norm": 0.026702606332330819, "user_match_score": 0.018636883044861871, "suitability": 2, "suitability_label": "Less Suitable" }, "geometry": { "type": "Polygon", "coordinates": [ [ [ -84.286365123598287, 33.706357443805764 ], [ -84.281542408166217, 33.708353640327346 ], [ -84.281272982728112, 33.713149649602812 ], [ -84.285826665493801, 33.715949725899321 ], [ -84.290649886145488, 33.713953593262353 ], [ -84.290918918782566, 33.709157320449179 ], [ -84.286365123598287, 33.706357443805764 ] ] ] } },
{ "type": "Feature", "properties": { "hex_id": "8844c1303dfffff", "lat": 33.89458106845612, "lon": -84.318256656065657, "restaurant_accessibility": 2.8040849842115403, "park_accessibility": 1.74544817873451, "clinic_accessibility": 0.0, "restaurant_norm": 0.045420875170837309, "park_norm": 0.085793855543495501, "clinic_norm": 0.0, "user_match_score": 0.031289823139768205, "suitability": 2, "suitability_label": "Less Suitable" }, "geometry": { "type": "Polygon", "coordinates": [ [ [ -84.318524983167833, 33.889788131335735 ], [ -84.313692708363234, 33.891779172409763 ], [ -84.313424172265002, 33.896571918358568 ], [ -84.317988305477996, 33.899373885757115 ], [ -84.322821087095647, 33.897382908800253 ], [ -84.323089228657864, 33.89258990033273 ], [ -84.318524983167833, 33.889788131335735 ] ] ] } },
{ "type": "Feature", "properties": { "hex_id": "8844c1a1cbfffff", "lat": 33.723455189817592, "lon": -84.516563419130037, "restaurant_accessibility": 0.80101375336210612, "park_accessibility": 1.5241079438215213, "clinic_accessibility": 0.18269724695724496, "restaurant_norm": 0.012974908359210903, "park_norm": 0.074914339112445549, "clinic_norm": 0.024896739477323397, "user_match_score": 0.023937583881779367, "suitability": 2, "suitability_label": "Less Suitable" }, "geometry": { "type": "Polygon", "coordinates": [ [ [ -84.516822944962755, 33.718652381646415 ], [ -84.511991146916699, 33.720659758497888 ], [ -84.511731411973244, 33.725462377059117 ], [ -84.516303870584551, 33.728257880289654 ], [ -84.521136172801803, 33.726250564898137 ], [ -84.521395512207491, 33.7214476848213 ], [ -84.516822944962755, 33.718652381646415 ] ] ] } },
{ "type": "Feature", "properties": { "hex_id": "8844c1ac0bfffff", "lat": 33.845489416511768, "lon": -84.505230643176631, "restaurant_accessibility": 6.6570520059426412, "park_accessibility": 1.6269218020667662, "clinic_accessibility": 1.1469385985771627, "restaurant_norm": 0.10783165626940287, "park_norm": 0.079967939333654772, "clinic_norm": 0.15629699932995983, "user_match_score": 0.12443142180005085, "suitability": 0, "suitability_label": "Most Suitable" }, "geometry": { "type": "Polygon", "coordinates": [ [ [ -84.505490947280393, 33.840689760020844 ], [ -84.50065400234692, 33.842692071243484 ], [ -84.500393488695494, 33.847491537518358 ], [ -84.50497031626773, 33.850288953697088 ], [ -84.509807766592914, 33.848286704439886 ], [ -84.510067883924961, 33.843486977043725 ], [ -84.505490947280393, 33.840689760020844 ] ] ] } },
{ "type": "Feature", "properties": { "hex_id": "8844c1aa07fffff", "lat": 33.691956503561052, "lon": -84.400286795672642, "restaurant_accessibility": 0.58337597879080616, "park_accessibility": 3.4497382616224654, "clinic_accessibility": 0.67534864071751144, "restaurant_norm": 0.0094495878903516402, "park_norm": 0.16956467094605437, "clinic_norm": 0.09203192409485618, "user_match_score": 0.058494030677723727, "suitability": 1, "suitability_label": "Okay" }, "geometry": { "type": "Polygon", "coordinates": [ [ [ -84.400551152648774, 33.687156443098502 ], [ -84.395725071271215, 33.689159109087875 ], [ -84.395460505769435, 33.693958979626863 ], [ -84.400022415588197, 33.696756446822228 ], [ -84.40484900143251, 33.694753843435855 ], [ -84.40511317296216, 33.689953710256162 ], [ -84.400551152648774, 33.687156443098502 ] ] ] } },
{ "type": "Feature", "properties": { "hex_id": "8844c1b8a3fffff", "lat": 33.650335232048306, "lon": -84.421437004199134, "restaurant_accessibility": 7.3939587203216721, "park_accessibility": 1.9656634613874673, "clinic_accessibility": 0.45665038053835394, "restaurant_norm": 0.11976815180174968, "park_norm": 0.096618077298446584, "clinic_norm": 0.062229211144843366, "user_match_score": 0.094437568088656859, "suitability": 0, "suitability_label": "Most Suitable" }, "geometry": { "type": "Polygon", "coordinates": [ [ [ -84.421700365784289, 33.645533594191484 ], [ -84.416875394801721, 33.647538857054769 ], [ -84.416611824770243, 33.652340305264026 ], [ -84.42117361959798, 33.655136753240889 ], [ -84.425999094544878, 33.653131552621083 ], [ -84.42626227067062, 33.648329841785987 ], [ -84.421700365784289, 33.645533594191484 ] ] ] } },
{ "type": "Feature", "properties": { "hex_id": "8844c1ad0bfffff", "lat": 33.839908686394821, "lon": -84.4393605342716, "restaurant_accessibility": 1.3766285206413031, "park_accessibility": 0.34713857991972741, "clinic_accessibility": 0.79782614822287756, "restaurant_norm": 0.02229877929689237, "park_norm": 0.017062871039116242, "clinic_norm": 0.10872232664321325, "user_match_score": 0.056344607409643116, "suitability": 1, "suitability_label": "Okay" }, "geometry": { "type": "Polygon", "coordinates": [ [ [ -84.439623609707354, 33.835110859872074 ], [ -84.434789344576018, 33.837110046827938 ], [ -84.434526059876049, 33.841907682901066 ], [ -84.439097435800591, 33.844706393732608 ], [ -84.443932206609716, 33.84270726942929 ], [ -84.444195095787279, 33.837909371647044 ], [ -84.439623609707354, 33.835110859872074 ] ] ] } },
{ "type": "Feature", "properties": { "hex_id": "8844c1b881fffff", "lat": 33.637509372542937, "lon": -84.441001119366817, "restaurant_accessibility": 11.796782494714584, "park_accessibility": 0.18470030283508501, "clinic_accessibility": 0.16690046445110165, "restaurant_norm": 0.19108557270086204, "park_norm": 0.0090785571828101933, "clinic_norm": 0.022744061288760286, "user_match_score": 0.10554826658421615, "suitability": 0, "suitability_label": "Most Suitable" }, "geometry": { "type": "Polygon", "coordinates": [ [ [ -84.441263624112182, 33.632706859872108 ], [ -84.436438513874492, 33.634713580326874 ], [ -84.436175800655533, 33.639515903486966 ], [ -84.440738591679747, 33.642311768706328 ], [ -84.445564205660673, 33.64030511024459 ], [ -84.445826524845032, 33.635502524575521 ], [ -84.441263624112182, 33.632706859872108 ] ] ] } },
{ "type": "Feature", "properties": { "hex_id": "8844c1aa2dfffff", "lat": 33.682768566009564, "lon": -84.377217680150679, "restaurant_accessibility": 0.0, "park_accessibility": 1.7249554512720808, "clinic_accessibility": 0.0, "restaurant_norm": 0.0, "park_norm": 0.084786578374786564, "clinic_norm": 0.0, "user_match_score": 0.0084786578374786564, "suitability": 2, "suitability_label": "Less Suitable" }, "geometry": { "type": "Polygon", "coordinates": [ [ [ -84.377482986882313, 33.677968986811464 ], [ -84.372658177068061, 33.6799708267962 ], [ -84.372392661938846, 33.684770216022386 ], [ -84.37695235023385, 33.687568028143808 ], [ -84.381777664543719, 33.685566250979292 ], [ -84.382042786033793, 33.680766598878165 ], [ -84.377482986882313, 33.677968986811464 ] ] ] } },
{ "type": "Feature", "properties": { "hex_id": "8844c13353fffff", "lat": 33.830269911671984, "lon": -84.326572934526808, "restaurant_accessibility": 7.1280789511066391, "park_accessibility": 3.3234814388468772, "clinic_accessibility": 2.6439849326052234, "restaurant_norm": 0.11546140222890722, "park_norm": 0.16335878082192418, "clinic_norm": 0.36030430203715952, "user_match_score": 0.21818830001150985, "suitability": 0, "suitability_label": "Most Suitable" }, "geometry": { "type": "Polygon", "coordinates": [ [ [ -84.326840747820995, 33.825475231780338 ], [ -84.322011099710494, 33.827469073840533 ], [ -84.321743077640775, 33.832263562885203 ], [ -84.326305097804877, 33.835064472585628 ], [ -84.331135252071235, 33.833070694353623 ], [ -84.331402879988275, 33.82827594259804 ], [ -84.326840747820995, 33.825475231780338 ] ] ] } },
{ "type": "Feature", "properties": { "hex_id": "8844c1ac35fffff", "lat": 33.865093888893995, "lon": -84.4805229626281, "restaurant_accessibility": 3.8625990752710635, "park_accessibility": 2.1289629374991859, "clinic_accessibility": 0.6694775811168564, "restaurant_norm": 0.062566802154967488, "park_norm": 0.10464472159218605, "clinic_norm": 0.091231855983443674, "user_match_score": 0.078240615630079821, "suitability": 1, "suitability_label": "Okay" }, "geometry": { "type": "Polygon", "coordinates": [ [ [ -84.480784360150665, 33.860295422669481 ], [ -84.475947428495473, 33.862295761012383 ], [ -84.475685821445595, 33.867094036833976 ], [ -84.480261542204616, 33.86989223557174 ], [ -84.485098979566516, 33.867891959519618 ], [ -84.485360190433454, 33.863093422444159 ], [ -84.480784360150665, 33.860295422669481 ] ] ] } },
{ "type": "Feature", "properties": { "hex_id": "8844c1a9a7fffff", "lat": 33.79229238663531, "lon": -84.305112049984899, "restaurant_accessibility": 11.100550928110822, "park_accessibility": 7.5762205962963804, "clinic_accessibility": 3.3153145820051275, "restaurant_norm": 0.17980793765956962, "park_norm": 0.3723932817504596, "clinic_norm": 0.4517885453023231, "user_match_score": 0.30785871512576002, "suitability": 0, "suitability_label": "Most Suitable" }, "geometry": { "type": "Polygon", "coordinates": [ [ [ -84.305380672040897, 33.787497473800286 ], [ -84.300553553941512, 33.789491635332439 ], [ -84.300284723345797, 33.794286357410073 ], [ -84.30484340444265, 33.797087181008365 ], [ -84.309671028441784, 33.795093083414578 ], [ -84.309939465414971, 33.790298098289128 ], [ -84.305380672040897, 33.787497473800286 ] ] ] } },
{ "type": "Feature", "properties": { "hex_id": "8844c1ae33fffff", "lat": 33.825872701104345, "lon": -84.529936197938568, "restaurant_accessibility": 0.0, "park_accessibility": 1.5404161089715884, "clinic_accessibility": 0.30252016443400243, "restaurant_norm": 0.0, "park_norm": 0.075715932870490388, "clinic_norm": 0.041225392533216373, "user_match_score": 0.02406175030033559, "suitability": 2, "suitability_label": "Less Suitable" }, "geometry": { "type": "Polygon", "coordinates": [ [ [ -84.530195408713865, 33.821071855765474 ], [ -84.525358452320759, 33.823076139249714 ], [ -84.525099031977675, 33.827876794559863 ], [ -84.529676964453841, 33.830673427379175 ], [ -84.534514425923163, 33.82866920553478 ], [ -84.534773449810942, 33.823868289236479 ], [ -84.530195408713865, 33.821071855765474 ] ] ] } },
{ "type": "Feature", "properties": { "hex_id": "8844c13339fffff", "lat": 33.842227051111962, "lon": -84.297595124158505, "restaurant_accessibility": 0.7907418943358715, "park_accessibility": 2.5775830487184419, "clinic_accessibility": 0.62248585907612752, "restaurant_norm": 0.012808523663586483, "park_norm": 0.12669570510735234, "clinic_norm": 0.084828143389391208, "user_match_score": 0.053005089698284963, "suitability": 1, "suitability_label": "Okay" }, "geometry": { "type": "Polygon", "coordinates": [ [ [ -84.297864189933051, 33.83743351672063 ], [ -84.293035074595778, 33.839425451826862 ], [ -84.292765800114907, 33.844218795203908 ], [ -84.297326034849164, 33.847020466388102 ], [ -84.302155656600974, 33.845028595457087 ], [ -84.302424537174616, 33.840234989171677 ], [ -84.297864189933051, 33.83743351672063 ] ] ] } },
{ "type": "Feature", "properties": { "hex_id": "8844c1ac2dfffff", "lat": 33.842304215579688, "lon": -84.467583611423237, "restaurant_accessibility": 0.1189477193268331, "park_accessibility": 0.37835898131939261, "clinic_accessibility": 0.47507021968827523, "restaurant_norm": 0.0019267281633117213, "park_norm": 0.018597444588950764, "clinic_norm": 0.064739341670439696, "user_match_score": 0.028718845208726813, "suitability": 2, "suitability_label": "Less Suitable" }, "geometry": { "type": "Polygon", "coordinates": [ [ [ -84.467845499828385, 33.837505604281056 ], [ -84.463010084991595, 33.839506129631161 ], [ -84.462747987200615, 33.844304550580112 ], [ -84.467321700081342, 33.84710270764166 ], [ -84.472157620473965, 33.845102244649745 ], [ -84.472419322400796, 33.840303562243285 ], [ -84.467845499828385, 33.837505604281056 ] ] ] } },
{ "type": "Feature", "properties": { "hex_id": "8844c1ac55fffff", "lat": 33.838687130364974, "lon": -84.510327978469775, "restaurant_accessibility": 2.7031701400470078, "park_accessibility": 1.4343027707725156, "clinic_accessibility": 1.2061323956655163, "restaurant_norm": 0.043786245491105769, "park_norm": 0.07050015361126892, "clinic_norm": 0.16436352780439911, "user_match_score": 0.094688549228439417, "suitability": 0, "suitability_label": "Most Suitable" }, "geometry": { "type": "Polygon", "coordinates": [ [ [ -84.510588050230382, 33.833887164466837 ], [ -84.505751228581929, 33.835889984287519 ], [ -84.505490947280393, 33.840689760020844 ], [ -84.510067883924961, 33.843486977043725 ], [ -84.514905210873792, 33.841484219112701 ], [ -84.515165095848502, 33.836684182274361 ], [ -84.510588050230382, 33.833887164466837 ] ] ] } },
{ "type": "Feature", "properties": { "hex_id": "8844c1300dfffff", "lat": 33.87341666912554, "lon": -84.324161560260876, "restaurant_accessibility": 3.9405910360365852, "park_accessibility": 3.4341949957159859, "clinic_accessibility": 0.38846728315425755, "restaurant_norm": 0.063830124463030741, "park_norm": 0.16880067421094563, "clinic_norm": 0.052937681903978136, "user_match_score": 0.069970202414201182, "suitability": 1, "suitability_label": "Okay" }, "geometry": { "type": "Polygon", "coordinates": [ [ [ -84.324429584515499, 33.868623062304103 ], [ -84.319598056782738, 33.870615185918474 ], [ -84.319329823591929, 33.875408601687298 ], [ -84.323893512550868, 33.878210156402055 ], [ -84.328725546864419, 33.876218096776128 ], [ -84.328993385608882, 33.871424418452058 ], [ -84.324429584515499, 33.868623062304103 ] ] ] } },
{ "type": "Feature", "properties": { "hex_id": "8844c13357fffff", "lat": 33.829462598069959, "lon": -84.317181540230081, "restaurant_accessibility": 4.3929489966220094, "park_accessibility": 2.9228008585902159, "clinic_accessibility": 2.6648328899679634, "restaurant_norm": 0.071157468169078364, "park_norm": 0.14366416471103666, "clinic_norm": 0.36314532001492877, "user_match_score": 0.19520327856161435, "suitability": 0, "suitability_label": "Most Suitable" }, "geometry": { "type": "Polygon", "coordinates": [ [ [ -84.317449747603419, 33.824668180939426 ], [ -84.312620485553992, 33.826661578220005 ], [ -84.312352069445964, 33.831455804470629 ], [ -84.316913309396355, 33.834256896239758 ], [ -84.321743077640775, 33.832263562885203 ], [ -84.322011099710494, 33.827469073840533 ], [ -84.317449747603419, 33.824668180939426 ] ] ] } },
{ "type": "Feature", "properties": { "hex_id": "8844c116b5fffff", "lat": 33.646795117688093, "lon": -84.294414205763459, "restaurant_accessibility": 0.0, "park_accessibility": 0.0, "clinic_accessibility": 0.0, "restaurant_norm": 0.0, "park_norm": 0.0, "clinic_norm": 0.0, "user_match_score": 0.0, "suitability": 2, "suitability_label": "Less Suitable" }, "geometry": { "type": "Polygon", "coordinates": [ [ [ -84.294682909692213, 33.641997207676432 ], [ -84.289862809781155, 33.643996194708677 ], [ -84.289593897927162, 33.648793914589547 ], [ -84.294145478375455, 33.651592911168549 ], [ -84.298966082852388, 33.649593987725908 ], [ -84.299234602285907, 33.64479600411957 ], [ -84.294682909692213, 33.641997207676432 ] ] ] } },
{ "type": "Feature", "properties": { "hex_id": "8844c1aad9fffff", "lat": 33.726313182549013, "lon": -84.464463244965401, "restaurant_accessibility": 0.44635094045476886, "park_accessibility": 1.5632586432487139, "clinic_accessibility": 0.4861321711519378, "restaurant_norm": 0.007230041337168135, "park_norm": 0.076838709879796907, "clinic_norm": 0.066246789255383631, "user_match_score": 0.037797607358717213, "suitability": 1, "suitability_label": "Okay" }, "geometry": { "type": "Polygon", "coordinates": [ [ [ -84.46472497879158, 33.721511990464975 ], [ -84.459894965903288, 33.723516631867518 ], [ -84.459633023161288, 33.728317634122398 ], [ -84.464201488241613, 33.731114256932329 ], [ -84.469032005596759, 33.729109677556082 ], [ -84.469293553375593, 33.724308413348737 ], [ -84.46472497879158, 33.721511990464975 ] ] ] } },
{ "type": "Feature", "properties": { "hex_id": "8844c13299fffff", "lat": 33.89586683791746, "lon": -84.417382764452313, "restaurant_accessibility": 0.0, "park_accessibility": 0.14751286437579669, "clinic_accessibility": 0.0, "restaurant_norm": 0.0, "park_norm": 0.0072506864032136527, "clinic_norm": 0.0, "user_match_score": 0.00072506864032136531, "suitability": 2, "suitability_label": "Less Suitable" }, "geometry": { "type": "Polygon", "coordinates": [ [ [ -84.417646908081792, 33.891070968967256 ], [ -84.412810899056481, 33.893066976436764 ], [ -84.412546546029091, 33.897862654596224 ], [ -84.4171185976857, 33.900662586960387 ], [ -84.421955113035963, 33.898666642552335 ], [ -84.422219070375348, 33.893870702723838 ], [ -84.417646908081792, 33.891070968967256 ] ] ] } },
{ "type": "Feature", "properties": { "hex_id": "8844c1a047fffff", "lat": 33.681795832833409, "lon": -84.537702655947939, "restaurant_accessibility": 0.0, "park_accessibility": 1.0794439205321045, "clinic_accessibility": 0.36629395616234872, "restaurant_norm": 0.0, "park_norm": 0.053057808827403817, "clinic_norm": 0.049916051558381046, "user_match_score": 0.025272201506092801, "suitability": 2, "suitability_label": "Less Suitable" }, "geometry": { "type": "Polygon", "coordinates": [ [ [ -84.537961186820851, 33.676991445042518 ], [ -84.533130509121733, 33.679001418627898 ], [ -84.532871769218758, 33.683805617085667 ], [ -84.537444102454543, 33.686600103462901 ], [ -84.54227528381972, 33.684590190978504 ], [ -84.542533628254034, 33.67978573102107 ], [ -84.537961186820851, 33.676991445042518 ] ] ] } },
{ "type": "Feature", "properties": { "hex_id": "8844c1a83bfffff", "lat": 33.754748170842028, "lon": -84.373235295251661, "restaurant_accessibility": 34.256146402268421, "park_accessibility": 18.690993652805052, "clinic_accessibility": 5.4919661302275351, "restaurant_norm": 0.55488480496566184, "park_norm": 0.91871671067070848, "clinic_norm": 0.74840782901647718, "user_match_score": 0.66867720515649265, "suitability": 0, "suitability_label": "Most Suitable" }, "geometry": { "type": "Polygon", "coordinates": [ [ [ -84.373500950079986, 33.749950354252327 ], [ -84.368673012432353, 33.751949342225963 ], [ -84.368407148939298, 33.756746968496628 ], [ -84.372969617192638, 33.75954586941819 ], [ -84.377798060041172, 33.757546944536422 ], [ -84.378063529406219, 33.752749055646269 ], [ -84.373500950079986, 33.749950354252327 ] ] ] } },
{ "type": "Feature", "properties": { "hex_id": "8844c1ae6dfffff", "lat": 33.773482077477048, "lon": -84.509132811860553, "restaurant_accessibility": 0.0, "park_accessibility": 1.7813863745093941, "clinic_accessibility": 1.0171343047317474, "restaurant_norm": 0.0, "park_norm": 0.087560322411070854, "clinic_norm": 0.13860815212109343, "user_match_score": 0.06419929308954446, "suitability": 1, "suitability_label": "Okay" }, "geometry": { "type": "Polygon", "coordinates": [ [ [ -84.509392774244688, 33.768680638993182 ], [ -84.504558970373381, 33.770685800692064 ], [ -84.504298798710622, 33.775487049305781 ], [ -84.508872826715958, 33.77828339760454 ], [ -84.513707135272639, 33.776278297603497 ], [ -84.513966911109478, 33.771476787611064 ], [ -84.509392774244688, 33.768680638993182 ] ] ] } },
{ "type": "Feature", "properties": { "hex_id": "8844c1a1e1fffff", "lat": 33.727895749320389, "lon": -84.483263132996953, "restaurant_accessibility": 0.0, "park_accessibility": 1.0794308000333841, "clinic_accessibility": 0.66351016806994378, "restaurant_norm": 0.0, "park_norm": 0.053057163916723805, "clinic_norm": 0.090418657479049508, "user_match_score": 0.041473179383292189, "suitability": 1, "suitability_label": "Okay" }, "geometry": { "type": "Polygon", "coordinates": [ [ [ -84.483524076702594, 33.723094033482262 ], [ -84.478693299893592, 33.725099565832409 ], [ -84.478432147191427, 33.729901091908324 ], [ -84.483002166459258, 33.732697347423752 ], [ -84.487833447653571, 33.730691876903876 ], [ -84.488094205165623, 33.725890089043432 ], [ -84.483524076702594, 33.723094033482262 ] ] ] } },
{ "type": "Feature", "properties": { "hex_id": "8844c1aae9fffff", "lat": 33.715543150272381, "lon": -84.422575710708756, "restaurant_accessibility": 0.53662146414072431, "park_accessibility": 4.0506939118115017, "clinic_accessibility": 0.62084647501251722, "restaurant_norm": 0.008692253149945553, "park_norm": 0.199103389350027, "clinic_norm": 0.084604739268011472, "user_match_score": 0.058098361217180067, "suitability": 1, "suitability_label": "Okay" }, "geometry": { "type": "Polygon", "coordinates": [ [ [ -84.422839186084317, 33.71074296154449 ], [ -84.418011208042884, 33.71274588463956 ], [ -84.41774752396023, 33.71754588342278 ], [ -84.422312212292908, 33.720343221471182 ], [ -84.427140694912481, 33.718340360816079 ], [ -84.427403984592075, 33.713540099677694 ], [ -84.422839186084317, 33.71074296154449 ] ] ] } },
{ "type": "Feature", "properties": { "hex_id": "8844c1a84bfffff", "lat": 33.712360747989379, "lon": -84.385013101846809, "restaurant_accessibility": 0.38075121412162483, "park_accessibility": 4.752660517279752, "clinic_accessibility": 1.2442855112916242, "restaurant_norm": 0.006167449797398296, "park_norm": 0.23360709004973212, "clinic_norm": 0.16956277517025406, "user_match_score": 0.094269543971773992, "suitability": 0, "suitability_label": "Most Suitable" }, "geometry": { "type": "Polygon", "coordinates": [ [ [ -84.385278153860099, 33.70756160938523 ], [ -84.380451709475864, 33.709562753656776 ], [ -84.380186448917598, 33.714361702183126 ], [ -84.384748026662706, 33.717159769132522 ], [ -84.389574975784825, 33.715158687692366 ], [ -84.38983984239475, 33.710359476476476 ], [ -84.385278153860099, 33.70756160938523 ] ] ] } },
{ "type": "Feature", "properties": { "hex_id": "8844c1a969fffff", "lat": 33.704360930281958, "lon": -84.291187927920561, "restaurant_accessibility": 0.0, "park_accessibility": 1.9203394823721482, "clinic_accessibility": 0.17259744259510557, "restaurant_norm": 0.0, "park_norm": 0.09439027188109185, "clinic_norm": 0.023520406762058323, "user_match_score": 0.018847189892932513, "suitability": 2, "suitability_label": "Less Suitable" }, "geometry": { "type": "Polygon", "coordinates": [ [ [ -84.291456913562513, 33.69956442282394 ], [ -84.286634317378343, 33.701561126756502 ], [ -84.286365123598287, 33.706357443805764 ], [ -84.290918918782566, 33.709157320449179 ], [ -84.295742020096526, 33.70716068032516 ], [ -84.296010821067156, 33.702364099754099 ], [ -84.291456913562513, 33.69956442282394 ] ] ] } },
{ "type": "Feature", "properties": { "hex_id": "8844c1a96bfffff", "lat": 33.711957143565279, "lon": -84.295473195644561, "restaurant_accessibility": 0.0, "park_accessibility": 2.5315430598736199, "clinic_accessibility": 0.20163971031854389, "restaurant_norm": 0.0, "park_norm": 0.12443270572398446, "clinic_norm": 0.027478089679471594, "user_match_score": 0.023434506444187084, "suitability": 2, "suitability_label": "Less Suitable" }, "geometry": { "type": "Polygon", "coordinates": [ [ [ -84.295742020096526, 33.70716068032516 ], [ -84.290918918782566, 33.709157320449179 ], [ -84.290649886145488, 33.713953593262353 ], [ -84.295204347708179, 33.716753489411211 ], [ -84.300027954203131, 33.71475691307419 ], [ -84.300296593925069, 33.709960376806251 ], [ -84.295742020096526, 33.70716068032516 ] ] ] } },
{ "type": "Feature", "properties": { "hex_id": "8844c1a88bfffff", "lat": 33.786733248247025, "lon": -84.409222501166838, "restaurant_accessibility": 21.692391805641016, "park_accessibility": 6.1414268780703019, "clinic_accessibility": 3.8721356094880277, "restaurant_norm": 0.3513757342978534, "park_norm": 0.3018689966436679, "clinic_norm": 0.52766833160245019, "user_match_score": 0.41694209945427363, "suitability": 0, "suitability_label": "Most Suitable" }, "geometry": { "type": "Polygon", "coordinates": [ [ [ -84.409486717283229, 33.781935091253473 ], [ -84.404655990481501, 33.783934717400491 ], [ -84.404391565430814, 33.78873268406948 ], [ -84.408958261932241, 33.79153128677919 ], [ -84.413789494057909, 33.78953172344027 ], [ -84.414053524328978, 33.784733494588657 ], [ -84.409486717283229, 33.781935091253473 ] ] ] } },
{ "type": "Feature", "properties": { "hex_id": "8844c1ac85fffff", "lat": 33.897074547820999, "lon": -84.516624743782273, "restaurant_accessibility": 1.1522176895297009, "park_accessibility": 2.9592930481231137, "clinic_accessibility": 1.10891785180117, "restaurant_norm": 0.018663748117632297, "park_norm": 0.14545786198340208, "clinic_norm": 0.15111579029161729, "user_match_score": 0.084323976373803275, "suitability": 1, "suitability_label": "Okay" }, "geometry": { "type": "Polygon", "coordinates": [ [ [ -84.516884692387976, 33.892275755861696 ], [ -84.512044972724723, 33.894276739296174 ], [ -84.511784814322013, 33.89907534084869 ], [ -84.51636477238948, 33.901873219785578 ], [ -84.521204997877717, 33.899872298354794 ], [ -84.521464759444285, 33.895073435988714 ], [ -84.516884692387976, 33.892275755861696 ] ] ] } },
{ "type": "Feature", "properties": { "hex_id": "8844c13343fffff", "lat": 33.814271838264553, "lon": -84.308597045803324, "restaurant_accessibility": 6.9815091912467233, "park_accessibility": 4.5267916737654152, "clinic_accessibility": 3.0224799222911449, "restaurant_norm": 0.11308724923286713, "park_norm": 0.22250497933207394, "clinic_norm": 0.41188302754410622, "user_match_score": 0.24354733356728347, "suitability": 0, "suitability_label": "Most Suitable" }, "geometry": { "type": "Polygon", "coordinates": [ [ [ -84.30886557668093, 33.809477327525983 ], [ -84.304037326867729, 33.811470852724888 ], [ -84.303768587349794, 33.816265172619339 ], [ -84.308328491441912, 33.819066230248723 ], [ -84.313157247347604, 33.817072769020008 ], [ -84.313425593039341, 33.812278186196707 ], [ -84.30886557668093, 33.809477327525983 ] ] ] } },
{ "type": "Feature", "properties": { "hex_id": "8844c1aae1fffff", "lat": 33.722345764653745, "lon": -84.417483816819441, "restaurant_accessibility": 1.13921734025873, "park_accessibility": 5.188056064943896, "clinic_accessibility": 0.95116185061807668, "restaurant_norm": 0.018453167038692531, "park_norm": 0.25500804779553093, "clinic_norm": 0.12961787432488717, "user_match_score": 0.086574538028854231, "suitability": 1, "suitability_label": "Okay" }, "geometry": { "type": "Polygon", "coordinates": [ [ [ -84.41774752396023, 33.71754588342278 ], [ -84.412919424412706, 33.719548299130366 ], [ -84.412655508558302, 33.724347990365253 ], [ -84.417220086617533, 33.727145528269119 ], [ -84.422048690833776, 33.725143175077548 ], [ -84.422312212292908, 33.720343221471182 ], [ -84.41774752396023, 33.71754588342278 ] ] ] } },
{ "type": "Feature", "properties": { "hex_id": "8844c1aa4bfffff", "lat": 33.66473944537934, "lon": -84.420646781335719, "restaurant_accessibility": 5.4700383006495654, "park_accessibility": 3.8970124268387636, "clinic_accessibility": 0.7002106064374245, "restaurant_norm": 0.088604278483864804, "park_norm": 0.19154949729977985, "clinic_norm": 0.095419943858326819, "user_match_score": 0.10162506651524111, "suitability": 0, "suitability_label": "Most Suitable" }, "geometry": { "type": "Polygon", "coordinates": [ [ [ -84.420910211977841, 33.659938157705717 ], [ -84.416084615602983, 33.661942851556439 ], [ -84.415820976461134, 33.666743949512622 ], [ -84.420383327668588, 33.669540616198269 ], [ -84.425209428148534, 33.667535984645774 ], [ -84.425472673286833, 33.662734624114449 ], [ -84.420910211977841, 33.659938157705717 ] ] ] } },
{ "type": "Feature", "properties": { "hex_id": "8844c1ae4dfffff", "lat": 33.76825471691658, "lon": -84.533045229270314, "restaurant_accessibility": 0.44484828455909076, "park_accessibility": 0.7765875314433931, "clinic_accessibility": 0.46569631048631432, "restaurant_norm": 0.0072057011526706558, "park_norm": 0.038171536285792187, "clinic_norm": 0.063461929015502863, "user_match_score": 0.03280477581111569, "suitability": 2, "suitability_label": "Less Suitable" }, "geometry": { "type": "Polygon", "coordinates": [ [ [ -84.5333041677643, 33.763452447747923 ], [ -84.528469724784799, 33.765459009776229 ], [ -84.528210576938335, 33.770261089193397 ], [ -84.532786268102527, 33.773056867781207 ], [ -84.537621215593489, 33.771050367178461 ], [ -84.537879967379723, 33.766248026567553 ], [ -84.5333041677643, 33.763452447747923 ] ] ] } }
]
}
