hex_id,lat,lon,restaurant_accessibility,park_accessibility,clinic_accessibility,restaurant_norm,park_norm,clinic_norm,user_match_score,suitability,suitability_label
8844c1a069fffff,33.67341242235645,-84.52398765853546,0.0,1.444767638700914,0.5385289508841989,0.0,0.07101453231254995,0.07338706638692731,0.03645627978602592,1,Okay
8844c1aa21fffff,33.69036578597637,-84.38151251988317,0.0,2.0677558156273568,0.191144494283548,0.0,0.1016362134989168,0.026047872948057632,0.020582770529114735,2,Less Suitable
8844c1b8b7fffff,33.66553103593194,-84.43003561565017,4.396577462259384,4.379220621086027,0.7455946971205534,0.07121624245220631,0.21525143280446732,0.10160457937403058,0.09777509625616213,0,Most Suitable
8844c1ab19fffff,33.688772564698475,-84.36274288879305,0.0,1.6445809661477853,0.0,0.0,0.08083593861925045,0.0,0.008083593861925045,2,Less Suitable
8844c1a869fffff,33.70996736772972,-84.3568533403822,0.431018491063695,2.933233860761318,0.523417568694188,0.006981684645492841,0.14417697711764818,0.07132778989648839,0.04643965599310659,1,Okay
8844c1a015fffff,33.711405393476376,-84.54555726407865,0.0,0.1499875516431047,0.0,0.0,0.00737232448133791,0.0,0.000737232448133791,2,Less Suitable
8844c1ad57fffff,33.84070782685464,-84.44876706448382,0.0,0.3496037478515841,0.48980304032474137,0.0,0.01718404121421105,0.06674703036450125,0.028417216267221605,2,Less Suitable
8844c1b983fffff,33.63956814653543,-84.37960460642992,0.45892416112695233,0.3692717989425268,0.0,0.007433703740362814,0.018150783140254267,0.0,0.005531930184206834,2,Less Suitable
8844c1a143fffff,33.67707784234189,-84.481303570825,0.0,1.7555726147240927,0.42376683881192645,0.0,0.08629150102465746,0.05774806550587186,0.031728376304814496,2,Less Suitable
8844c1a1d5fffff,33.73786290788262,-84.51578470534334,0.36512500500769324,1.1631850305387526,0.25703978632414454,0.005914334753612682,0.05717392798951566,0.03502763562122372,0.022685614424247394,2,Less Suitable
8844c1b9a7fffff,33.64398628636422,-84.34637753412387,0.24049200207884253,0.29810292010664236,0.0,0.003895515744890774,0.014652625713165661,0.0,0.0034130204437619535,2,Less Suitable
8844c1a857fffff,33.73435435691082,-84.38851527775459,7.285347672991101,12.334029993899524,3.0417608268843357,0.11800885818163749,0.6062534542463266,0.4145104982177948,0.2854339738025693,0,Most Suitable
8844c1a865fffff,33.71596527901207,-84.34237710323242,0.48614088897362506,2.8164097062817692,0.0,0.007874563273880118,0.13843473008017027,0.0,0.017780754644957084,2,Less Suitable
8844c1aee7fffff,33.841067269388276,-84.5385753943388,0.0,2.440612356508825,0.9724793706062023,0.0,0.11996319713358691,0.1325228811067967,0.06500547215607737,1,Okay
8844c1ac11fffff,33.8606831732378,-84.51386544325256,0.5772707376919155,3.772729282771299,1.498027039216793,0.00935069452748926,0.18544061922564176,0.2041409465469103,0.10487578780507292,0,Most Suitable
8844c1ad5bfffff,33.83470758948573,-84.4632721598309,0.25447105649712165,1.0764586600811976,0.4395033280243197,0.004121949996817533,0.05291107459203368,0.059892527334026016,0.031309093391222544,2,Less Suitable
8844c1a841fffff,33.71156358063892,-84.37562535276507,0.5206320627370817,4.598616668985931,0.8318958969007897,0.008433255077740023,0.2260353867881285,0.11336512050583979,0.07216621442001878,1,Okay
8844c1ade5fffff,33.87548779405711,-84.43268242131877,0.0,1.257320073776048,0.21727145502959977,0.0,0.06180093920616299,0.029608277638670903,0.01802340497608466,2,Less Suitable
8844c1ac2bfffff,33.850698131832786,-84.481307086505,2.7687048779816728,1.0706129406260634,0.5020705251930829,0.04484778434169126,0.052623740475448676,0.06841875985082778,0.05505377015872161,1,Okay
8844c1ab51fffff,33.674375185958276,-84.36354061476005,0.0,1.0638204726173592,0.0,0.0,0.052289870913337075,0.0,0.005228987091333708,2,Less Suitable
8844c13263fffff,33.82509240249954,-84.35045675368134,6.493692346961032,6.211508391967908,2.1015706024660132,0.10518553865159444,0.3053137069208644,0.2863877625646019,0.19767924504372442,0,Most Suitable
8844c13289fffff,33.879871466740084,-84.39936309015975,0.29127930542559244,1.8368349922286769,0.0,0.004718174037547624,0.0902857832735891,0.0,0.011387665346132723,2,Less Suitable
8844c1a1c3fffff,33.73026487789799,-84.51147165429914,0.831322678628491,1.4702161342003432,0.21482117190704172,0.013465855644631281,0.07226539989674846,0.029274369703198366,0.025669215693269833,2,Less Suitable
8844c1ad89fffff,33.88548634403942,-84.46522558326303,20.304108369574152,4.275074890457237,0.0,0.32888816740655796,0.21013236718115197,0.0,0.18545732042139418,0,Most Suitable
8844c1a22dfffff,33.646151235014344,-84.54434140658813,0.0,0.24464020604352663,0.3819724614652056,0.0,0.012024777792398588,0.05205261173331575,0.022023522472566157,2,Less Suitable
8844c1a83dfffff,33.74635152054913,-84.35954989263021,24.64817012847559,10.39319911804463,3.297637136455716,0.39925375475374414,0.5108559707655078,0.44937958313240456,0.4304643077063847,0,Most Suitable
8844c1ae09fffff,33.7902585455456,-84.53658598183084,0.11186667886421071,1.3884220528559919,0.5258432929894649,0.0018120286956624357,0.06824498285735059,0.07165835112184421,0.03639385308230396,1,Okay
8844c1ad01fffff,33.839108915572105,-84.42995516661996,2.519410811310898,0.5644667324544497,1.2420669747884416,0.040809691792129135,0.02774518195001196,0.1692604480894656,0.090883543326852,0,Most Suitable
8844c1a01dfffff,33.70459184728215,-84.55064793302977,0.0,0.1809939405522375,0.0,0.0,0.008896378694694307,0.0,0.0008896378694694308,2,Less Suitable
8844c1aa99fffff,33.74752046526913,-84.45858502300864,0.0,1.7152139498431642,0.750453039969706,0.0,0.08430775524124892,0.102266641327461,0.04933743205510929,1,Okay
8844c1a915fffff,33.742341743302866,-84.31262254488776,2.938000473130298,5.6830444566695455,0.7044505979211533,0.047590052902563885,0.2793381671842412,0.0959977410890709,0.09012793960533443,0,Most Suitable
8844c1b8a5fffff,33.641945944125226,-84.40775361877891,2.0897294702656897,1.189869398227291,0.34773159295073863,0.03384966644883873,0.05848554228699645,0.04738649882203872,0.0417279869819345,1,Okay
8844c1a065fffff,33.67943966924048,-84.50949790803786,0.0,2.661791019758302,0.5381646290144837,0.0,0.13083477184735867,0.07333741907791058,0.042418444815900104,1,Okay
8844c1ad05fffff,33.838308514663005,-84.42055096182017,1.4452951848945395,0.4536984762117737,1.2611791941356802,0.023411049432428586,0.02230059992765762,0.17186493148396917,0.08268155730256772,1,Okay
8844c1af43fffff,33.77790986552283,-84.47581936292903,0.0,2.0746724566486305,0.7275676797567676,0.0,0.10197618652581905,0.0991479799324178,0.04985681062554903,1,Okay
8844c1169bfffff,33.64318985693971,-84.33700032320561,0.0,0.7302311842693228,0.0,0.0,0.03589298697024631,0.0,0.003589298697024631,2,Less Suitable
8844c1a9d5fffff,33.77433235871583,-84.34856197739674,20.44557754520015,13.742526373516176,4.360488207018737,0.33117970058148294,0.6754851486607546,0.5942177054780269,0.47082544734802767,0,Most Suitable
8844c1328dfffff,33.879066819159696,-84.38995881925044,2.4014120591205725,2.771129077942145,0.1876902813450939,0.03889833510225393,0.1362090554746343,0.02557715627848452,0.0433009356099842,1,Okay
8844c116bdfffff,33.639997904005234,-84.29950309827794,0.0,0.0,0.0,0.0,0.0,0.0,0.0,2,Less Suitable
8844c1a9c7fffff,33.76593336782192,-84.33487991371707,8.286067102583782,12.113560453875614,2.5806677689933184,0.13421862092010223,0.5954167350019512,0.3516758691891398,0.26732133163590216,0,Most Suitable
8844c1a817fffff,33.75554770208368,-84.38262659067712,41.2918708233721,20.344675824128316,6.244252742451302,0.6688502384196051,1.0,0.8509243371124992,0.7747948540548022,0,Most Suitable
8844c1a93bfffff,33.74913391406182,-84.30752880335179,6.217052600056066,7.909799524000972,1.033749779023413,0.10070449778364243,0.3887896564377857,0.14087239606357915,0.14558017296103146,0,Most Suitable
8844c1af6bfffff,33.77632117140202,-84.45701233489602,0.0,3.8083842255022766,0.4893740972683557,0.0,0.18719316338211792,0.06668857691923427,0.045394747105905506,1,Okay
8844c1a8c3fffff,33.772338422135135,-84.41001508017341,11.970300383510828,7.489392131842182,4.040113248695138,0.19389623443590126,0.36812541013604827,0.5505591829480863,0.35398433141079,0,Most Suitable
8844c1ae49fffff,33.769043548473796,-84.54245624880647,0.17583314052319804,0.13052232948006323,0.3980700979731271,0.0028481644356603323,0.006415552187136192,0.0542462882610861,0.023764152740978227,2,Less Suitable
8844c1ad51fffff,33.83390978742016,-84.45386447991311,0.9303490223724,0.8896676695765193,0.44426277119165974,0.015069895188062322,0.04372975402839272,0.060541111910793734,0.03612436776118793,2,Less Suitable
8844c1aee9fffff,33.827455996507354,-84.54876890752973,0.0,0.9231716204308497,0.22489642301326904,0.0,0.04537657067683474,0.03064735646757505,0.016796599654713494,2,Less Suitable
8844c1ad11fffff,33.85510137598462,-84.44797888683877,0.25975900691584186,0.9071891390619831,0.46216475026650516,0.004207604795880552,0.04459098522405934,0.06298067198396344,0.03175516971393159,2,Less Suitable
8844c1ac05fffff,33.84389807953575,-84.48640480510147,5.205550518767108,1.2703779372522663,0.6647772167338402,0.08432007647403425,0.06244277118171759,0.0905913222619923,0.0846408442599858,1,Okay
8844c13205fffff,33.832688089112835,-84.35475411247404,6.256640626641623,5.9235593987800215,1.3056031948646734,0.10134574896680085,0.2911601762538195,0.17791873246406273,0.15095638509440745,0,Most Suitable
8844c1a999fffff,33.789524602530534,-84.35715294630155,13.623067485316588,10.451723735364126,4.582740665501019,0.22066793666328377,0.5137326259565475,0.6245047604237586,0.4115091350968001,0,Most Suitable
8844c1ad1bfffff,33.85590067047754,-84.45738776654764,2.8779477133318707,1.3860055434068945,0.43735211583415057,0.04661731173322461,0.06812620438823232,0.059599374753179425,0.05396102620670731,1,Okay
8844c1ac6bfffff,33.82950031978645,-84.4871880259466,1.4037915621899923,1.9128784468126083,0.33540300023381686,0.022738769213884916,0.09402354027897454,0.04570644197330548,0.03905431542416211,1,Okay
8844c1aaddfffff,33.725520955672884,-84.45506503967611,0.27597770341540917,2.20795489236406,0.4320232757333238,0.004470317015120826,0.1085274059636515,0.058873196631088476,0.03663717775636095,1,Okay
8844c1305dfffff,33.86824667683466,-84.34805456969869,2.298551559443379,3.563753227891513,0.6358657349417035,0.037232189481791765,0.17516883821097723,0.08665146196267069,0.07079356334706188,1,Okay
8844c1af5bfffff,33.78709346525793,-84.49894404147396,0.7921526500636353,2.079373662449359,0.8145365954033554,0.01283137523911579,0.10220726446686704,0.11099951284569222,0.061036219204521486,1,Okay
8844c13313fffff,33.85144032842497,-84.32067075487494,4.704421876130849,3.21099584833118,1.1229364668906885,0.07620273992757688,0.1578297868242763,0.15302615190641652,0.1150948094087827,0,Most Suitable
8844c1a95bfffff,33.722761420084495,-84.33728477685827,1.0062926308664089,3.51486404147982,0.0,0.01630003806206628,0.1727657924788004,0.0,0.02542659827891318,2,Less Suitable
8844c13259fffff,33.82151362647592,-84.3931404124768,5.347961787068685,6.8827334237429945,2.0350035154537403,0.08662686976912597,0.33830636984543305,0.27731645223721246,0.1880706527639913,0,Most Suitable
8844c1aa45fffff,33.663154384984296,-84.40187259101046,4.4037564452481615,3.613956769878033,0.45951658885717217,0.07133252840360321,0.1776364883431548,0.06261979854005494,0.07847783245213907,1,Okay
8844c1a309fffff,33.636203034899275,-84.51183454100169,0.0,0.0,0.6112757448495576,0.0,0.0,0.08330050518981144,0.03332020207592458,2,Less Suitable
8844c1324bfffff,33.813115427726814,-84.37944165244342,7.145971686893111,8.957857817019372,3.089384432205689,0.11575123071955498,0.4403047703712024,0.42100031957199435,0.2703062202256955,0,Most Suitable
8844c1b897fffff,33.660303916351495,-84.45390583953737,0.9425301462792413,3.2707464117058267,0.4212810209345128,0.01526720636498042,0.1607667008302387,0.0574093151354488,0.0466739993196936,1,Okay
8844c1ae17fffff,33.819858510258115,-84.54444821102341,0.0,0.8222321580564661,0.2839973867120453,0.0,0.040415102465349566,0.03870123423844,0.019522003941910955,2,Less Suitable
8844c1aac5fffff,33.71633718268694,-84.43196926461192,0.0,4.09054119074227,0.5753028426761683,0.0,0.20106199902634883,0.078398362499814,0.05146554490256049,1,Okay
8844c116a3fffff,33.63919835833673,-84.29013169816122,0.0,0.0,0.0,0.0,0.0,0.0,0.0,2,Less Suitable
8844c1af0bfffff,33.79231019185453,-84.47503508162922,0.0,3.498650625826168,0.3738077400933211,0.0,0.17196885593413333,0.05093997898002465,0.037572877185423195,1,Okay
8844c10693fffff,33.798273346253296,-84.29063033670468,1.6330546613339838,4.207832178458798,2.731057080303867,0.026452397961277026,0.20682719227545546,0.372169902713077,0.18277687929341485,0,Most Suitable
8844c1a007fffff,33.70302123843403,-84.53183658319381,0.0,0.9081035746931561,0.0,0.0,0.04463593239545091,0.0,0.004463593239545091,2,Less Suitable
8844c1a93dfffff,33.74073345551565,-84.29385975565312,0.4616215704523229,3.8619533624350213,0.9708201250225372,0.007477396671547907,0.18982624229651443,0.13229677039241317,0.07564003072239067,1,Okay
8844c1b9b3fffff,33.66077210028825,-84.3737200056152,0.0,1.4841512139636044,0.0,0.0,0.0729503496046585,0.0,0.007295034960465851,2,Less Suitable
8844c114d1fffff,33.668784755804346,-84.29789177064168,0.11212421193893075,0.12565479869913332,0.0,0.0018162002445652268,0.006176298889467171,0.0,0.0015257300112293307,2,Less Suitable
8844c1ab29fffff,33.67798189282452,-84.32092975641768,0.44633393939046306,1.0773887724086928,0.0,0.007229765952069625,0.05295679231865344,0.0,0.008910562207900156,2,Less Suitable
8844c1ae63fffff,33.7886772685284,-84.51776269394199,0.2014598605093995,2.5302589760829415,0.572592013201111,0.003263268848003438,0.12436958927023613,0.07802894907770729,0.04528017298210825,1,Okay
8844c13059fffff,33.86905376254811,-84.35745300349252,0.3777490167375745,4.005601770338676,0.4727511427432308,0.006118819875913406,0.19688697942230785,0.06442331362135723,0.04851743332873038,1,Okay
8844c1300bfffff,33.881820785087,-84.33785496952291,1.0970906024530005,2.223517886998526,0.1768954527243986,0.017770793533608963,0.1092923724231322,0.024106110379611728,0.029457078160962394,2,Less Suitable
8844c1a04bfffff,33.675764574711856,-84.5521958293313,0.0,0.35620240733148334,0.16709429352392163,0.0,0.01750838452333733,0.022770474997830897,0.010859028451466093,2,Less Suitable
8844c1a8a3fffff,33.798725095702636,-84.38023820046261,16.09804784660509,10.036449073575014,4.288360544359189,0.2607579391679576,0.4933206682837392,0.5843886376828056,0.413466491485475,0,Most Suitable
8844c1af31fffff,33.81271445185152,-84.45974811770174,2.3521886974652135,3.634432603732426,0.1719669595246635,0.038101009708114454,0.17864293514188478,0.023434488813041103,0.046288593893462154,1,Okay
8844c13245fffff,33.8115094379315,-84.36065076067581,9.42728688682493,7.874304123523486,2.4110398139985785,0.1527042237653677,0.3870449542471816,0.3285601240210504,0.2464806569158222,0,Most Suitable
8844c13333fffff,33.85660693934287,-84.29678778561382,1.747056559802478,2.924088521589594,0.4761245941565811,0.02829901317755298,0.1437274570933046,0.06488302465902407,0.05447546216171658,1,Okay
8844c1a9a5fffff,33.78469679483298,-84.30082236103627,13.633121924539148,8.27096817749712,3.2577872324080728,0.22083079956915574,0.4065421464070685,0.4439491089693063,0.32864925801300726,0,Most Suitable
8844c1aadbfffff,33.73391082402252,-84.4687704349352,0.16451739662742512,1.3235204573489083,0.6288716847111929,0.002664870778781532,0.06505488063757907,0.08569836031839093,0.04211726758050505,1,Okay
8844c1aaa9fffff,33.7367447023997,-84.41669255701828,3.4458448793507537,7.6122757761776905,1.4079003424764127,0.05581617212185469,0.3741654987271759,0.19185909268174456,0.14206827300634275,0,Most Suitable
8844c1a0e1fffff,33.73341489083335,-84.54909922368704,0.0,0.2552198658232291,0.0,0.0,0.012544798847103978,0.0,0.001254479884710398,2,Less Suitable
8844c1b885fffff,33.63671998378792,-84.43161349045862,10.934083338012359,0.28729347953717954,0.3407068984281296,0.1771114774337115,0.014121310264204658,0.04642922118184469,0.10853955821601409,0,Most Suitable
8844c132c3fffff,33.87307975602147,-84.404462654925,0.27805965129843097,1.658900178425222,0.18928784269334395,0.0045040406345686545,0.0815397695576847,0.025794861084379766,0.020723941706804704,2,Less Suitable
8844c1b89dfffff,33.64589642178471,-84.45469182072533,2.859338484543584,1.1516105094785103,0.33763360040258616,0.04631587741059262,0.05660500660879181,0.046010413008473396,0.04722260456956485,1,Okay
8844c1acc5fffff,33.87587678743739,-84.52250357804941,4.35171921879066,5.178786276937053,2.6967436075059084,0.07048962371973275,0.25455241074891605,0.3674938957833562,0.20769761124810043,0,Most Suitable
8844c1a95dfffff,33.71436389887067,-84.32361204916432,0.0,2.7086196540334027,0.0,0.0,0.13313653544781687,0.0,0.013313653544781687,2,Less Suitable
8844c1a111fffff,33.70668176112062,-84.48913700710182,0.0,0.7433782876054491,0.0,0.0,0.0365392053445167,0.0,0.00365392053445167,2,Less Suitable
8844c1ac21fffff,33.84990080777932,-84.47189589562532,2.238992758604929,0.9272673581563333,0.5072378224380283,0.036267449513695316,0.0455778881006605,0.06912292401012353,0.050340683170963116,1,Okay
8844c116bbfffff,33.648393754523624,-84.31316050891851,0.0,0.1534474716536338,0.0,0.0,0.007542389614861723,0.0,0.0007542389614861723,2,Less Suitable
8844c1a821fffff,33.73795437812288,-84.34586882723985,11.297677033809359,6.191866943589048,1.004769255897158,0.18300100787329715,0.30434827259550806,0.13692312728034584,0.17670458210833773,0,Most Suitable
8844c1a863fffff,33.72436171342043,-84.35605450086634,2.2853494429607406,4.659359668506743,0.8169614184906165,0.037018340155496335,0.22902108191770004,0.11132995126054292,0.08594325877373535,1,Okay
8844c1a8d7fffff,33.78753184223563,-84.41862081355471,12.706307141516897,4.106343131666746,3.261642854920585,0.20581815237651824,0.20183871039108509,0.44447452700825124,0.3008827580306681,0,Most Suitable
8844c1322bfffff,33.83947823321973,-84.34965623587172,2.6348492953307776,4.729472506984702,1.3596656433793248,0.04267957697824163,0.23246733188914498,0.18528599561986975,0.11870091992598321,0,Most Suitable
8844c1ada5fffff,33.89667037959954,-84.42679171583083,0.0,0.36054639703961966,0.0,0.0,0.017721904254282585,0.0,0.0017721904254282585,2,Less Suitable
8844c1aa13fffff,33.708739721033425,-84.42766725124922,0.0,3.753216608344349,0.6643954341437093,0.0,0.18448151451462896,0.09053929552463434,0.05466386966131664,1,Okay
8844c1ab25fffff,33.68397790071971,-84.3064618867296,1.4546347622654574,1.5632403303024032,0.0,0.0235623329278652,0.07683780974521286,0.0,0.019464947438453888,2,Less Suitable
8844c1ac31fffff,33.865891364927805,-84.48993650349588,1.9954079791353585,2.8895473893893255,0.9458226550737581,0.03232183662246753,0.14202965996451952,0.1288902850333173,0.08191999832101263,1,Okay
8844c1a897fffff,33.80872345319908,-84.41273314190977,6.500101706969384,5.571345370375461,3.226466044877551,0.10528935816580443,0.2738478321570489,0.4396808703447238,0.2559018104364966,0,Most Suitable
8844c1aa1dfffff,33.69354471525175,-84.41906571385263,0.48481670041770486,4.143012388562855,0.914660096492079,0.007853113922865524,0.2036411110394464,0.12464366328407739,0.07414813337900836,1,Okay
8844c1a327fffff,33.65507064564371,-84.4777802927072,0.0,1.734322929076313,0.4789858986130724,0.0,0.08524701715912553,0.06527294378919705,0.03463387923159138,2,Less Suitable
8844c1a9e7fffff,33.771116974028054,-84.31101297865384,8.623560520130889,10.734269265988285,2.8292770787472072,0.13968537619881097,0.5276205607197579,0.3855546567443144,0.27682660686910704,0,Most Suitable
8844c1ac53fffff,33.84707822429716,-84.52406112330168,0.406485524316714,2.288029167292054,1.3212733948181523,0.006584296967708798,0.11246328951471933,0.180054160842415,0.08656014177229233,1,Okay
8844c1b993fffff,33.655556738352374,-84.39757638250595,4.143979304393175,2.4353255269344323,0.38129988546298554,0.06712462987219366,0.119703334080467,0.05196095764555661,0.06631703140236617,1,Okay
8844c1acc9fffff,33.86986925564301,-84.53702162393411,2.5299263777971603,2.5643174079854187,1.7488207961622733,0.04098002408783787,0.1260436602751958,0.2383174157231098,0.12842134436068242,0,Most Suitable
8844c1ab03fffff,33.687176841928576,-84.34397790470588,0.0,1.163176705455322,0.0,0.0,0.05717351878744714,0.0,0.005717351878744715,2,Less Suitable
8844c1a911fffff,33.743144949843575,-84.32200568647758,3.3854627811026754,6.183536993956908,0.6026066531479473,0.05483809629229834,0.3039388313390266,0.08211914027493383,0.09066058739002536,0,Most Suitable
8844c1a9e9fffff,33.75753388555041,-84.32120218920397,6.124163670050137,10.436401777114673,2.070198119005704,0.09919987273899948,0.5129795071365719,0.28211253367923866,0.2137429005548524,0,Most Suitable
8844c1ac37fffff,33.87269037700811,-84.48483774581359,3.543331802780093,3.1124115824675953,0.6638300077897773,0.05739527596671125,0.15298408337263092,0.0904622430629147,0.08018094354578459,1,Okay
8844c1aa9dfffff,33.74672674505391,-84.44918562029777,1.0650780827150181,2.1981036643225673,0.5431204148390778,0.017252251238667887,0.10804318944790789,0.07401275989795701,0.049035548523307534,1,Okay
8844c1a1ebfffff,33.72868608866529,-84.49266481515585,0.37550293373179616,1.1002052603459427,0.6321638830697864,0.006082437577800754,0.05407828907458553,0.0861469987418301,0.04290784719309097,1,Okay
8844c1a10bfffff,33.69148559140653,-84.48052072926107,0.0,1.2220716204737074,0.17419521095881774,0.0,0.06006837518759373,0.02373813977861418,0.015502093430205045,2,Less Suitable
8844c1ad5dfffff,33.826313204904984,-84.44955503510695,2.0986693669960124,1.4498797577326163,0.780024171264859,0.0339944758735582,0.07126580783425865,0.10629639417905946,0.06664237639182875,1,Okay
8844c1ae23fffff,33.80988554889884,-84.51188806737424,0.6676861438514479,2.810432298745188,0.5347693002961248,0.010815253162415021,0.13814092311129775,0.0728747267497627,0.04837160959224236,1,Okay
8844c1ae43fffff,33.783450429279924,-84.54168048576884,0.0,0.8468835130191495,0.4463756935841841,0.0,0.0416267882732624,0.06082904661817765,0.0284942974745973,2,Less Suitable
8844c1a8b3fffff,33.81471890476402,-84.39823719994912,6.032623640838778,6.936982060553368,2.402229401964818,0.09771709733691476,0.3409728481554996,0.32735950093150956,0.21389963385661118,0,Most Suitable
8844c1a197fffff,33.76667515928539,-84.51422666420378,0.12123161849514968,1.301888225575351,1.1261174688357682,0.00196372301175996,0.06399159351712753,0.15345963723814704,0.06876487575285155,1,Okay
8844c1ac17fffff,33.86748441993425,-84.50876706933286,1.4501638670953987,4.740303561704415,1.551791005851715,0.023489912879056215,0.232999709736467,0.2114675346201855,0.11963194126124901,0,Most Suitable
8844c1aab5fffff,33.758739552413466,-84.4202033951547,0.7852929385026367,7.185131797335517,2.3643096448590053,0.012720260881214944,0.3531701295930268,0.32219205407924395,0.17055396503160775,0,Most Suitable
8844c1149bfffff,33.69077305865625,-84.30137091817723,0.7391692447568479,2.018408047334095,0.0,0.011973144246790086,0.09921062713323303,0.0,0.015907634836718348,2,Less Suitable
8844c1a1ddfffff,33.73105332723563,-84.52087681069825,0.4181091279590663,1.4394969256339254,0.2092876778070816,0.006772577370423849,0.07075546143265234,0.02852030272462888,0.021869955918328708,2,Less Suitable
8844c1adedfffff,33.86869314043773,-84.43778159781122,0.3968729544164088,1.5483596164768099,0.25062383426833185,0.0064285915094323695,0.07610637937226264,0.034153313268298784,0.02448625899926196,2,Less Suitable
8844c13221fffff,33.838672093946926,-84.34026133541921,3.8857780299380753,3.9330112251567693,1.660005275738277,0.06294225739703352,0.19331894295864419,0.22621424005754215,0.14128871901739803,0,Most Suitable
8844c1ac61fffff,33.828704487614786,-84.47777803636812,0.5494790070483269,1.5936305830070383,0.291375087269708,0.008900521035797134,0.07833157907176035,0.03970661714258862,0.02816606528211005,2,Less Suitable
8844c1ad23fffff,33.85189789187032,-84.41035499702706,0.1126989796401848,0.6174379686328509,0.30534267103838714,0.0018255103946348153,0.03034887230302209,0.041610024555716614,0.020591652249906264,2,Less Suitable
8844c1b891fffff,33.653494683187056,-84.45899456441173,0.376298134735546,2.0920353179658906,0.5258907402841719,0.0060953183306061845,0.10282962166862275,0.07166481691678585,0.041996548098879705,1,Okay
8844c1a157fffff,33.692274281649965,-84.48991886911982,0.0,1.1625736364448138,0.36195342739399683,0.0,0.057143876191235655,0.049324553789589956,0.02544420913495955,2,Less Suitable
8844c1ad47fffff,33.824715864032186,-84.43074551008216,1.4676098450402195,1.693810720986306,1.249634471132903,0.023772504737336754,0.08325572428032918,0.17029169507387007,0.08832850282624932,1,Okay
8844c1a963fffff,33.71874974865826,-84.29038083000626,0.0,2.897071471554147,0.2378556012327885,0.0,0.14239949049069078,0.032413345224083706,0.02720528713870256,2,Less Suitable
8844c13251fffff,33.828307530190614,-84.38804327146381,8.70729298368933,8.240485784174261,1.7863433981565708,0.14104168379877627,0.40504384810109556,0.24343074097525189,0.20839752309959844,0,Most Suitable
8844c1aa39fffff,33.699553859374014,-84.40458480680935,0.7437357938471021,3.7136273283974583,0.6993718370703497,0.012047113708257126,0.18253558623889116,0.09530564206800751,0.06239937230522069,1,Okay
8844c1ad15fffff,33.854301450600786,-84.43857116974074,2.6991549205005927,0.724324274183062,0.380592280685242,0.043721206525871796,0.03560264515613614,0.05186453007427245,0.04616667980825849,1,Okay
8844c13151fffff,33.870174194451934,-84.28658879561365,0.22402046020510583,1.9954644063409301,0.17322048698469247,0.0036287079086337777,0.09808288043471085,0.023605311018190783,0.021064766405064286,2,Less Suitable
8844c132e7fffff,33.87745563508049,-84.37115377284616,2.357389896066717,2.650372041982833,0.23872194941740593,0.03818525929175681,0.13027349587156128,0.03253140526827321,0.04513254134034382,1,Okay
8844c1a129fffff,33.689115749667835,-84.45233325861184,0.8375828132509326,4.930425276349577,0.49926245128399294,0.013567257989724083,0.24234474508078452,0.06803609461797923,0.058232541350132186,1,Okay
8844c1b9bbfffff,33.65396933708162,-84.37880917286778,0.24751167864368503,1.348508582914414,0.0,0.004009221233414338,0.06628311970029592,0.0,0.008632922586736761,2,Less Suitable
8844c1a829fffff,33.73115845357814,-84.35096184015347,7.085000448976679,5.937228124224283,1.1577813759138664,0.11476361194123455,0.29183203387211837,0.15777457935406228,0.14967484109945403,0,Most Suitable
8844c1aad5fffff,33.732325584394026,-84.4499728396365,0.8869131112951025,3.4607681486984605,0.4538697461767562,0.014366315551181858,0.17010682198209662,0.06185028518708882,0.048933954048636125,1,Okay
8844c1321bfffff,33.850292370001185,-84.39155003361132,5.543919679912601,4.188291716722716,0.44153884436393975,0.08980101714330282,0.20586672173736476,0.060169913670456224,0.08955514621357039,1,Okay
8844c1a017fffff,33.71900389854279,-84.54987368002843,0.0,0.12984543255223507,0.0,0.0,0.006382280734020907,0.0,0.0006382280734020907,2,Less Suitable
8844c1aae3fffff,33.72994301102814,-84.42178514632833,2.9474638749274793,6.443016025816131,0.5958072680666084,0.04774334211959598,0.3166929805868355,0.08119256627452917,0.08801799562829321,1,Okay
8844c1ad09fffff,33.832312291610044,-84.43505260622582,0.5448388681313996,0.8933613328323384,1.0232870270505852,0.008825359558271387,0.043911308322388334,0.13944660331398012,0.06458245193696657,1,Okay
8844c1a859fffff,33.72075440288933,-84.39870016843574,0.36093384589321864,6.1700995129228,1.6390553592019432,0.005846445900018184,0.30327834005618337,0.223359327776358,0.12259478806617063,0,Most Suitable
8844c1ab01fffff,33.679579949527074,-84.33968774923515,0.0,1.103414933415518,0.0,0.0,0.05423605384298596,0.0,0.005423605384298596,2,Less Suitable
8844c1a8c5fffff,33.76394331085581,-84.3963186663424,32.910401751655456,15.307134033863361,5.8862438204845855,0.533086285972308,0.7523901666552707,0.802137313721563,0.6626370851403063,0,Most Suitable
8844c1a88dfffff,33.77833748906837,-84.39552441565458,38.702688074731356,11.536551860160461,5.8058334298631795,0.6269103731577951,0.5670550840863424,0.7911795320367659,0.6866325078022382,0,Most Suitable
8844c1aabdfffff,33.751938893297805,-84.42529702227426,1.708973690833634,5.933867842459893,1.2990373972831981,0.02768214270204291,0.29166686624824284,0.1770239901810272,0.11381735404825663,0,Most Suitable
8844c1a1e9fffff,33.721088183471466,-84.4883549398635,0.0,0.8007012889505347,0.4018494562704056,0.0,0.03935679761487875,0.05476131353095688,0.02584020517387063,2,Less Suitable
8844c1a891fffff,33.8019263885404,-84.4178292111412,9.40610420705438,4.164776108077048,3.1662842323497746,0.1523611044023458,0.20471086116485174,0.43147970183927936,0.26924351905336985,0,Most Suitable
8844c1adc3fffff,33.878689678205866,-84.47032506500727,20.602214473171898,4.888813339869856,0.19630141346251828,0.3337169226673352,0.24029939735249237,0.026750622855036155,0.2015886502109313,0,Most Suitable
8844c1a80dfffff,33.72516092143559,-84.36544110713653,2.382107278130462,5.75331819632595,1.4948094245408525,0.03858563414900564,0.28279232591667286,0.20370247188098364,0.12905303841856358,0,Most Suitable
8844c1aa8dfffff,33.730737830306076,-84.43117988375819,2.1518610688298487,4.852833783191455,0.18591113151944247,0.034856080875804024,0.23853089747618914,0.025334705828693477,0.05141501251699832,1,Okay
8844c1ab69fffff,33.656789126506794,-84.32682224940464,0.0,0.22899500241173057,0.0,0.0,0.011255770521550792,0.0,0.0011255770521550793,2,Less Suitable
8844c1a91bfffff,33.743947531114436,-84.33138999233378,3.4721737672813817,6.789083531901741,1.062421895386407,0.05624265032733614,0.3337032052312205,0.1447796372685877,0.1194035005942252,0,Most Suitable
8844c1aa41fffff,33.663947228305226,-84.41125910635941,6.446024760006906,4.543905351182639,0.5714659842785801,0.1044134138661728,0.22334616636130775,0.07787550150695795,0.10569152417200034,0,Most Suitable
8844c13369fffff,33.805060395409946,-84.28553379713172,0.1790966375798808,2.3546519893482696,2.2003409407362753,0.002901026917812835,0.11573799502647797,0.2998475131681635,0.13296331822881963,0,Most Suitable
8844c1323bfffff,33.85547496079387,-84.36765117288375,9.416965103913855,4.066408816976123,0.7663322431709142,0.152537030397198,0.19987582265397694,0.10443055124833941,0.13802831796333245,0,Most Suitable
8844c132dbfffff,33.88228162831948,-84.42758289023226,0.0,0.8750160190650667,0.18743503547019388,0.0,0.04300958278368426,0.025542373104923428,0.014517907520337797,2,Less Suitable
8844c1a139fffff,33.70510218037831,-84.4703395157236,0.0,1.1941507304525587,0.0,0.0,0.0586959822203863,0.0,0.005869598222038631,2,Less Suitable
8844c1ae1dfffff,33.80545390776124,-84.5452238890832,0.1246035518519807,0.7004519284758859,0.3308854736404052,0.0020183419569586086,0.034429249919291714,0.04509082414352848,0.02248842562781987,2,Less Suitable
8844c1ad81fffff,33.89228219037219,-84.46012574628777,10.209418212220156,3.0490813896989772,0.0,0.16537327249178035,0.14987122016871052,0.0,0.09767375826276123,0,Most Suitable
8844c1ab27fffff,33.69157443731569,-84.31074818576845,1.182627292757716,2.703186874706315,0.0,0.019156326195683214,0.13286949853978,0.0,0.02286511295181961,2,Less Suitable
8844c1aa8bfffff,33.73912939789924,-84.4448802856576,1.7540242748177546,3.3914567949739696,0.4506914083866497,0.028411876987215236,0.1666999673178267,0.061417162908296456,0.05544280038870887,1,Okay
8844c1a19dfffff,33.75226956494266,-84.51500578706134,0.0,1.3516201089054425,0.7746872468298018,0.0,0.06643606025427312,0.10556911437882868,0.04887125177695879,1,Okay
8844c1a1b7fffff,33.77189858053016,-84.49031885255347,0.12347665358795692,1.8649477658912565,0.8161710436971259,0.0020000883356637283,0.09166760787996786,0.11122224435389431,0.054655702697386385,1,Okay
8844c1ae4bfffff,33.77664149674526,-84.54677463382379,0.0,0.27106693312568153,0.3907103849366149,0.0,0.01332372830459173,0.05324335657410351,0.022629715460100577,2,Less Suitable
8844c1a021fffff,33.70144810829891,-84.513029859443,0.0,1.8286842559135421,0.0,0.0,0.08988515087297506,0.0,0.008988515087297507,2,Less Suitable
8844c1320bfffff,33.834297068501364,-84.37354739077159,18.12699820291156,8.750399144169105,0.7604271331965136,0.29362309888334154,0.4301075730973965,0.10362584298334843,0.2312726439447498,0,Most Suitable
8844c1adcbfffff,33.871892193085884,-84.47542419147683,11.599878348427284,3.4857144465300554,0.5752803431952553,0.1878960978099466,0.1713330050900137,0.0783952964234281,0.14243946798334592,0,Most Suitable
8844c1a061fffff,33.680225686726985,-84.51889833432048,0.0,2.0162124727324335,0.493115207916369,0.0,0.09910270825457204,0.06719839005933717,0.03678962684919207,1,Okay
8844c1ad45fffff,33.81711940406127,-84.42643924564834,3.830757573370666,2.8953625519543906,1.438585469700415,0.06205103002565858,0.14231549212106676,0.19604065332947174,0.12367332555672467,0,Most Suitable
8844c1aa9bfffff,33.75511786111998,-84.46289236105396,0.0,1.3754557790401216,0.9597135976266499,0.0,0.06760765278003902,0.13078324830229718,0.05907406459892278,1,Okay
8844c1aee3fffff,33.84185938315486,-84.54799351864553,0.0,1.7539707531334234,0.9040723145785744,0.0,0.08621276486761488,0.12320083230367991,0.057901609408233454,1,Okay
8844c1a307fffff,33.64983122181027,-84.50165896799102,3.754226098403305,0.6031794141645136,1.0773651776895599,0.06081136482624239,0.02964802287236038,0.1468160062486017,0.09209688719979792,0,Most Suitable
8844c1ab2bfffff,33.6855786198683,-84.32521756992027,0.38345410129650503,1.4855620831844507,0.0,0.0062112314593886905,0.07301969793112202,0.0,0.010407585522806549,2,Less Suitable
8844c1a85dfffff,33.71995778140708,-84.38931008601888,1.8270409380461177,7.160506849773507,1.7394215012743088,0.02959460888177623,0.35195974178567696,0.23703654367936766,0.1448078960912029,0,Most Suitable
8844c1a18bfffff,33.74467167344617,-84.51069224486297,0.0,1.155991672534672,0.7015058322557866,0.0,0.05682035351793084,0.09559644843243027,0.043920614724765196,1,Okay
8844c1aa09fffff,33.6783496021694,-84.41046749428378,0.99176420266684,3.318469118387695,0.7098643844801884,0.01606470499356206,0.16311241069037175,0.09673549513731705,0.06303779162074503,1,Okay
8844c1af6dfffff,33.76792880951528,-84.44330424879355,0.0,4.215465613671355,0.610747876867009,0.0,0.2072023978220341,0.08322857092775325,0.054011668153304715,1,Okay
8844c13247fffff,33.81910534568189,-84.36494880680608,8.65842164652919,7.993346845890453,1.4750036251363796,0.14025006053590044,0.39289625035020354,0.20100347210881583,0.18981604414649692,0,Most Suitable
8844c13001fffff,33.881011655515145,-84.32845768467938,2.9018694120592077,2.6007961788465535,0.17437039186799536,0.04700479802479086,0.12783669798080877,0.023762012242648716,0.04579087370753579,1,Okay
8844c1329dfffff,33.895062665421335,-84.40797497758608,0.0,0.39829953701495513,0.0,0.0,0.01957758090903474,0.0,0.001957758090903474,2,Less Suitable
8844c1ae01fffff,33.79706584532572,-84.53149112205307,0.23166478888571695,2.508553087665961,0.6720081191195387,0.0037525315804275623,0.12330268171149107,0.09157670050868709,0.05083721416483773,1,Okay
8844c1a893fffff,33.80952291209737,-84.42213381273208,6.998064243396459,3.8185554309006737,2.176837391621984,0.11335540977770571,0.18769310771577669,0.29664460918993374,0.19410485933640403,0,Most Suitable
8844c1aa6bfffff,33.669958455953996,-84.39678310207752,1.591559011060142,2.7410662842888214,0.4428130306696554,0.02578024688103762,0.13473138171304652,0.06034355112272938,0.05050068206091522,1,Okay
8844c13243fffff,33.81990873421522,-84.37434484454239,7.3027645480846815,8.926000850798587,1.669189619206831,0.11829097862875154,0.4387389078086246,0.22746581998233628,0.19400570808817275,0,Most Suitable
8844c1335bfffff,33.823481071887365,-84.33167048449539,6.2812368827605916,4.248578203912336,2.672261575977945,0.10174416181275235,0.20882997795785077,0.3641576508700983,0.21741813905020058,0,Most Suitable
8844c1aee5fffff,33.833470002728816,-84.53425537934095,0.12469349561412442,1.9696517122612482,0.5924964094204894,0.002019798875852197,0.09681411143082883,0.08074138495389352,0.04298786456256639,1,Okay
8844c1a959fffff,33.71516490146465,-84.33299399455056,0.12575774117059435,2.9475599287672947,0.0,0.0020370376417397193,0.14488114503508365,0.0,0.015506633324378225,2,Less Suitable
8844c1af27fffff,33.803523261799796,-84.43663169224048,3.597344868968212,3.6879541092448798,1.208795851642506,0.05827018551857512,0.1812736728334128,0.1647264854880688,0.11315305423785638,0,Most Suitable
8844c1aea9fffff,33.84866450068174,-84.54289624312433,0.0,1.922419733125059,0.8774519968193281,0.0,0.09449252225710637,0.11957319627142694,0.057278530734281415,1,Okay
8844c13159fffff,33.86339097670202,-84.29168846663448,0.8480027486518651,3.026511108176213,0.38993036623080907,0.013736041242656418,0.14876182517427192,0.05313706092472007,0.04299902750864343,1,Okay
8844c1a02bfffff,33.70223498839001,-84.5224326429111,0.0,1.7544177405635593,0.0,0.0,0.08623473560010528,0.0,0.008623473560010529,2,Less Suitable
8844c1aaebfffff,33.7231405043852,-84.42687738220744,0.8971574892121316,5.192175437504886,0.5514789274782983,0.014532255104794601,0.25521052694027624,0.07515180120844424,0.06284790072980262,1,Okay
8844c106d1fffff,33.76950552762477,-84.29224546956088,17.683430802188536,5.960444756652336,2.501214327739002,0.28643814562709835,0.29297319889380524,0.340848494062089,0.30885579032776533,0,Most Suitable
8844c1ab2dfffff,33.67718192832102,-84.31155250417257,0.7589490452598346,1.108492431570511,0.0,0.012293539618046228,0.05448562764789127,0.0,0.01159533257381224,2,Less Suitable
8844c1aa17fffff,33.70794576836747,-84.41827486907043,0.31025243259792845,4.112233594676124,0.6921961565350268,0.005025502825992819,0.20212824378352148,0.09432778907987659,0.060456691423299194,1,Okay
8844c1a837fffff,33.760743611189284,-84.35875112010574,34.131043005898825,15.32751385857876,3.9502792305484338,0.5528583664725543,0.7533918943255258,0.5383172133330595,0.5670952580020535,0,Most Suitable
8844c13285fffff,33.885857002416756,-84.38485889002273,2.4643016783745324,1.5662262542418537,0.17783620239254538,0.039917028031234036,0.07698457659297503,0.02423430935245509,0.037350695415896557,1,Okay
8844c1ac45fffff,33.822698521198504,-84.49228469229887,0.5533166384037893,2.0745249124883487,0.45593396376372747,0.00896268340809669,0.101968934301131,0.06213158273449718,0.03953086822796032,1,Okay
8844c1aa35fffff,33.70556014782274,-84.39010468585168,0.0,4.772804915268222,0.631615432629692,0.0,0.23459724581149557,0.08607225964230525,0.05788862843807166,1,Okay
8844c1ad4dfffff,33.81032174168795,-84.43153564601339,5.043847644533254,3.1220181495838104,1.3691454423219367,0.08170079563672158,0.15345627409217152,0.18657783820919377,0.13082716051125545,0,Most Suitable
8844c1aac1fffff,33.717130587288565,-84.44136397861061,0.0,2.899727455402139,0.3705691034903137,0.0,0.1425300398231526,0.05049863958871095,0.03445245981779964,2,Less Suitable
8844c1ac25fffff,33.84910285226944,-84.46248586645495,1.468427885820342,0.5849360927749918,0.4586296188534331,0.02378575545133715,0.028751310555721468,0.062498928294470665,0.03976758009902899,1,Okay
8844c1328bfffff,33.88746708325953,-84.40366861775469,0.12585339287080832,0.7775428269263733,0.0,0.002038587018438271,0.03821849183776256,0.0,0.004841142692995392,2,Less Suitable
8844c13231fffff,33.854669290539675,-84.35825275762419,6.131251001827295,4.395622998242958,0.9400239527512043,0.0993146741140495,0.21605765735671495,0.12810007728013229,0.12250313370474916,0,Most Suitable
8844c1acedfffff,33.87428484782794,-84.50366833954104,1.9611673404710035,4.968736254563718,1.4186964328235068,0.031767203013536194,0.2442278411077414,0.19333031052011818,0.11763850982558952,0,Most Suitable
8844c1a323fffff,33.655857685133356,-84.48717489288497,1.0128783615520232,1.3242425948825671,0.6423382426356345,0.01640671444779078,0.06509037579807715,0.08753349133369062,0.04972579133717936,1,Okay
8844c1a803fffff,33.74035436728534,-84.37403219005662,14.404981860441303,12.704876627291409,3.809678696224034,0.23333347120549353,0.6244816450810053,0.5191571278268655,0.3867777512415935,0,Most Suitable
8844c132ebfffff,33.87147124675918,-84.38565529901732,4.468097917129996,2.9687243271120485,0.2281882995196833,0.07237473860019414,0.14592143678156866,0.031095951031186057,0.06321789339072836,1,Okay
8844c1a155fffff,33.68467607593899,-84.48561080475127,0.0,1.32387451695234,0.39753044029472884,0.0,0.06507228369705725,0.054172747379382706,0.02817632732145881,2,Less Suitable
8844c1a049fffff,33.66816566185327,-84.54788088904782,0.0,0.4477115718676141,0.19143456338678397,0.0,0.022006326163066137,0.026087401594569626,0.012635593254134466,2,Less Suitable
8844c1a221fffff,33.65375030991431,-84.54865502418036,0.0,0.3279170268309608,0.19574003883409824,0.0,0.016118075788755442,0.026674122534939795,0.012281456592851464,2,Less Suitable
8844c1af51fffff,33.78630061696686,-84.48953645425631,0.43209195540812767,2.6992164291553777,0.793683146666224,0.006999072738315759,0.13267433959081174,0.10815774654073207,0.06003006894453188,1,Okay
8844c1aa01fffff,33.6851534598983,-84.40537732140129,1.034572998914445,3.2323181054820544,0.7531701399574338,0.0167581265558629,0.15887783779029793,0.10263690925242938,0.065321610757933,1,Okay
8844c1aaa5fffff,33.742748716491754,-84.40220601549521,9.458227238286081,12.688255526504841,3.066291769512006,0.1532053989613306,0.6236646696260878,0.41785340840339386,0.3061105298046316,0,Most Suitable
8844c13015fffff,33.89620153042437,-84.33705242627003,0.12786642188973044,0.8734743027463415,0.0,0.002071194282589876,0.042933802941722034,0.0,0.005328977435467142,2,Less Suitable
8844c132c9fffff,33.85869135240434,-84.40525648354088,0.12327587671244303,1.5446410578169785,0.41919694944013,0.0019968361298813592,0.0759236013967384,0.05712531203243593,0.031440903017588895,2,Less Suitable
8844c1a339fffff,33.657429879263454,-84.50596756384368,6.0981982661078025,0.944253568881701,1.265406134233445,0.09877928228690347,0.046412809771185344,0.17244095016051184,0.12300730218477501,0,Most Suitable
8844c1ade3fffff,33.88388524896734,-84.44640191015779,2.8057092753769113,3.1514964263634306,0.1692174809539358,0.045447185616732784,0.15490521714904046,0.02305980855477804,0.04743803794518165,1,Okay
8844c1af29fffff,33.78992385033929,-84.44682272210616,0.130831237836201,7.376123399285523,0.9461174323815382,0.0021192186954615893,0.3625579224289045,0.12893045528195463,0.0888875837034031,1,Okay
8844c13255fffff,33.827504690651104,-84.37864489531373,11.576086076368943,9.581231305165023,1.5912262571275835,0.18751070798571615,0.47094539072487474,0.21684150272090813,0.22758649415370882,0,Most Suitable
8844c1a029fffff,33.69463657752552,-84.51812023353844,0.0,1.9698183551787163,0.3614282365005078,0.0,0.0968223024149914,0.0492529843430393,0.02938342397871486,2,Less Suitable
8844c11693fffff,33.64998989841505,-84.3319114619698,0.0,0.4387393389185785,0.0,0.0,0.02156531481313867,0.0,0.002156531481313867,2,Less Suitable
8844c1a8b9fffff,33.80032699910482,-84.399031379775,11.927266753381367,7.504221219001803,3.7835215167331526,0.19319917098979894,0.36885430290818244,0.5155926051310284,0.33972205783812914,0,Most Suitable
8844c1a331fffff,33.66424264821793,-84.50087890558747,3.0223154633618163,1.2915108925952783,0.8843312053655925,0.048955796333272704,0.06348151741319841,0.12051064807127045,0.07903030913646437,1,Okay
8844c1aa23fffff,33.697962980047265,-84.3858081883863,0.0,3.442786479538279,0.569039870396221,0.0,0.1692229706336836,0.0775448871913216,0.047940251939897004,1,Okay
8844c1ac65fffff,33.827908024226495,-84.46836920784042,0.5202560609667983,1.8672877749340775,0.41488632261583835,0.008427164559953218,0.09178262613157577,0.056537889097412364,0.03600700053209914,2,Less Suitable
8844c13051fffff,33.875841934290946,-84.35235338892574,0.561625657859132,3.4607420367302826,0.23683754580499214,0.009097273813736373,0.17010553850290022,0.03227461154756994,0.03446903537618619,2,Less Suitable
8844c1aa69fffff,33.6623609156913,-84.39248723557778,1.8267004219143643,2.721572613818157,0.37798804024416477,0.029589093164242308,0.13377321110176818,0.05150964188149643,0.04877572444489654,1,Okay
8844c116b7fffff,33.6543918547609,-84.29869753997423,0.0,0.0,0.0,0.0,0.0,0.0,0.0,2,Less Suitable
8844c1ad69fffff,33.81631986683182,-84.41703740087664,4.11482411620092,4.345937746526556,2.0573532259698553,0.06665237094604878,0.2136154826990349,0.280362118931049,0.1668325813153475,0,Most Suitable
8844c1a843fffff,33.71916053322531,-84.37992116517069,1.448778131767301,6.333521698863769,1.40949100545416,0.023467466586696413,0.3113110158949969,0.19207585742457875,0.1196951778526794,0,Most Suitable
8844c1ad2bfffff,33.845103612551796,-84.4154531564681,1.7226383179542575,0.3263718735283724,0.7693767036116619,0.027903483826222996,0.016042127009038055,0.10484542963159196,0.0574941264666521,1,Okay
8844c1adcdfffff,33.863497041148115,-84.46169936645991,8.1102263147066,2.3986544991027805,0.40792058742242526,0.1313703326117659,0.11790084638547209,0.05558864603400149,0.09971070935803075,0,Most Suitable
8844c132ddfffff,33.87388306575802,-84.413868079676,0.11540709668130765,0.885137042612904,0.20879262892171452,0.0018693767705704383,0.04350706053340756,0.028452840826144944,0.016666530769083955,2,Less Suitable
8844c1acddfffff,33.885063094702474,-84.54566612844319,0.7713477114570304,1.098574284642328,1.1965191110471487,0.012494374568769399,0.053998121874197884,0.1630534946941527,0.07686839734946557,1,Okay
8844c1334bfffff,33.80748348464194,-84.3136939152651,6.102550933170338,5.247334173117484,3.550705989893821,0.09884978726389983,0.25792173925397555,0.4838660870004563,0.26876350235753,0,Most Suitable
8844c13055fffff,33.87503414082273,-84.34295494612003,2.388026949734908,2.829615061302041,0.39131853902433666,0.03868152163690697,0.13908381169417225,0.05332623168107007,0.05457963466029874,1,Okay
8844c116b1fffff,33.6475947475864,-84.30378677596119,0.0,0.0,0.0,0.0,0.0,0.0,0.0,2,Less Suitable
8844c1a06bfffff,33.68101107468278,-84.52829991705481,0.0,1.386124426784604,0.4279958206340744,0.0,0.06813204785208189,0.058324362414740955,0.030142949751104573,2,Less Suitable
8844c1a943fffff,33.7135622715057,-84.31423126736038,0.0,3.0897622922440693,0.1830975235452603,0.0,0.1518708048707113,0.024951286451055422,0.025167595067493304,2,Less Suitable
8844c1a031fffff,33.717431721559585,-84.53105995585855,0.0,0.7779429513702755,0.0,0.0,0.03823815911815381,0.0,0.003823815911815381,2,Less Suitable
8844c1a305fffff,33.642232537541894,-84.49735120230602,1.4821391737725997,0.16937336894441213,0.7117575833545824,0.024007852392769907,0.008325193795594384,0.09699348741656348,0.05163384054256979,1,Okay
8844c1aacbfffff,33.71792336380202,-84.45075985241446,0.17462449874013425,2.305219598067695,0.6932001474000441,0.0028285867239062658,0.11330824919479708,0.09446460613333661,0.05053096073476749,1,Okay
8844c1ad13fffff,33.862697669989295,-84.45228931174493,2.8277541966510866,2.5143960400104057,0.41123177813923373,0.045804271661907266,0.12358987981653607,0.05603987260697445,0.05767707285539701,1,Okay
8844c106d9fffff,33.762715806437036,-84.29734026564418,12.01887959913931,7.416672641927547,2.3287988926616077,0.19468312588226694,0.36455103566366703,0.3173528900478927,0.2607378225266572,0,Most Suitable
8844c1aae5fffff,33.721550397396676,-84.40809141213235,1.4748172241921778,5.898539624540851,1.2436608428366707,0.02388925065288968,0.2899303815667251,0.16947764959752815,0.10872872332212861,0,Most Suitable
8844c132cbfffff,33.86628722589382,-84.40956186560668,0.14456302388957112,1.2266199526553385,0.23034580687582545,0.0023416476673774125,0.06029193894554936,0.03138996147447889,0.019756002318035197,2,Less Suitable
8844c1a00bfffff,33.696993205350836,-84.54633200907672,0.0,0.31192121625145547,0.0,0.0,0.015331835166502092,0.0,0.0015331835166502092,2,Less Suitable
8844c1a9bbfffff,33.802305160091954,-84.33756965864161,5.5657458028463305,5.975203241145281,3.15713237478216,0.09015455906903552,0.29369862133948715,0.43023254887233947,0.24654016121740227,0,Most Suitable
8844c1af33fffff,33.820311254502506,-84.46405824666881,2.6751973575915615,2.3192666839252274,0.3724564598656055,0.0433331393023691,0.11399870432806948,0.05075583569187666,0.053368774360742166,1,Okay
8844c1a9b1fffff,33.801500049859065,-84.32817946298199,11.468490494654862,5.59944359265848,4.596861290607872,0.1857678629886901,0.2752289415207918,0.6264290232706121,0.3709784349546691,0,Most Suitable
8844c1a1adfffff,33.741508435972484,-84.47307845583393,0.0,1.1175416353326961,1.0450303142953383,0.0,0.05493042233719534,0.14240963076474358,0.06245689453961697,1,Okay
8844c1ab0dfffff,33.671983032556916,-84.33539842165571,0.0,0.633359426153425,0.0,0.0,0.03113145825613379,0.0,0.003113145825613379,2,Less Suitable
8844c1a92bfffff,33.73313750971024,-84.28957352054495,0.14891760592916586,2.488504603530064,0.72026527613682,0.0024121836633815485,0.12231724039459772,0.09815285798333531,0.05269895906448467,1,Okay
8844c1305bfffff,33.87664909913593,-84.36175299793076,0.11357123363524717,2.9065114688536187,0.24814913512965317,0.0018396392602184424,0.14286349381918206,0.03381607808404416,0.02873260024564509,2,Less Suitable
8844c1aa55fffff,33.67914260701823,-84.41985635124729,0.3340140111748995,4.569483802139067,1.127825460802847,0.0054103954738560275,0.22460342163426192,0.15369239077845448,0.086642496211736,1,Okay
8844c1aa0dfffff,33.67755597082286,-84.4010797972882,0.7195430010043606,3.1886896594385523,0.5177702334580072,0.011655236204568318,0.1567333727508619,0.07055820942136933,0.04972423914591809,1,Okay
8844c13315fffff,33.84303640664778,-84.3069853672707,2.4285018181548783,2.411078404571422,1.2020220736094969,0.039337137981065834,0.11851151748075231,0.1638034010422232,0.09704108115549744,0,Most Suitable
8844c1b9a5fffff,33.63638900229697,-84.34208883306819,0.0,0.31452353910973063,0.0,0.0,0.015459746905217972,0.0,0.0015459746905217972,2,Less Suitable
8844c1a18dfffff,33.73628396403656,-84.49697552169833,0.3491002584347419,1.2389646209657845,0.6976748815983661,0.005654764156490075,0.06089871530400111,0.09507439250626408,0.04694701061115078,1,Okay
8844c13347fffff,33.8134640602407,-84.29920916589158,3.244346142952186,3.5656250950169093,2.5625746709684663,0.052552273557947844,0.17526084592550548,0.3492102647240225,0.18348632726113345,0,Most Suitable
8844c106d3fffff,33.77710117502985,-84.29653350095899,28.050848575416897,7.786076560072492,3.4050617637519154,0.4543707122836448,0.3827083128470587,0.46401868144277997,0.4510636600036403,0,Most Suitable
8844c1aaa1fffff,33.743545578283936,-84.41159961432095,5.090130756263781,9.921665020315988,2.411890935529434,0.08245049454109386,0.4876786981559628,0.3286761090803228,0.22146356071827233,0,Most Suitable
8844c1af69fffff,33.76872402303265,-84.45270484900509,0.0,3.4499619480419317,0.5277860009663046,0.0,0.16957566578428132,0.07192309016518193,0.04572680264450091,1,Okay
8844c116b9fffff,33.640796826974686,-84.30887566112618,0.0,0.12749577434181347,0.0,0.0,0.00626678819775572,0.0,0.0006266788197755721,2,Less Suitable
8844c1301dfffff,33.88941581844203,-84.34215310027035,0.2674297721752342,1.7456573897896122,0.0,0.004331856690267991,0.08580413887545471,0.0,0.010746342232679467,2,Less Suitable
8844c1af5dfffff,33.778703267426096,-84.48522461709604,0.17074770366624947,2.1096618681485664,0.7181946792894747,0.0027657899734135735,0.1036960178862401,0.09787069111366711,0.05090077322079764,1,Okay
8844c1ab6dfffff,33.65599065933132,-84.31744618366399,0.0,0.16227600341801326,0.0,0.0,0.007976337633532487,0.0,0.0007976337633532487,2,Less Suitable
8844c1a30bfffff,33.64380190309068,-84.51614381706274,1.3107456932241417,0.13376256915053458,0.7421263434330173,0.02123160205480955,0.006574819392889773,0.10113193569925202,0.05172605724639457,1,Okay
8844c1a8a5fffff,33.7903270438269,-84.3665454533586,14.495984688987217,11.614769837039153,4.482938260536503,0.23480754497246223,0.5708997251882629,0.6109043667834901,0.4188554917184535,0,Most Suitable
8844c13005fffff,33.8802018978884,-84.3190615669279,5.865565375772122,2.861621159151477,0.1773938708379532,0.0950110692933379,0.14065700451012644,0.0241740314136208,0.07124084766312991,1,Okay
8844c13119fffff,33.88455114505003,-84.28577985091039,0.21789420735106388,0.8414668005534922,0.0,0.003529474195064049,0.041360541098203786,0.0,0.005900791207352403,2,Less Suitable
8844c1ac01fffff,33.84469406403444,-84.495817143736,7.039062844249592,1.75282392688592,1.1046139706863962,0.11401950959708146,0.08615639502139971,0.15052928661605305,0.12583710894710193,0,Most Suitable
8844c1a9e1fffff,33.76432583814123,-84.3161077598344,4.827032620019756,10.672044540528843,2.7232687925642147,0.07818880216325748,0.5245620344499196,0.371108567777505,0.2399940316376227,0,Most Suitable
8844c1a80bfffff,33.73355632081371,-84.37912517476792,7.115186574893809,12.079051029446749,2.8835456760938825,0.1152525701093689,0.5937204964023695,0.39295001246226957,0.27417833967982924,0,Most Suitable
8844c106ddfffff,33.76190985301656,-84.28795826664985,6.508203629158367,4.294471730815697,1.7663840920626366,0.10542059398727975,0.2110857783107339,0.24071082235444682,0.17010320376649202,0,Most Suitable
8844c1a1bdfffff,33.757495479193885,-84.49110104541538,0.0,1.6728320617439443,0.9593426457632611,0.0,0.0822245621510471,0.13073269750279018,0.06051553521622079,1,Okay
8844c13019fffff,33.89022439887378,-84.35155272742047,0.17066372074425895,1.6917969203800212,0.17405648393429587,0.0027644296088605406,0.0831567401223267,0.0237192350022943,0.019185582817580663,2,Less Suitable
8844c1a1b5fffff,33.764301090677826,-84.48600750602122,0.0,2.0508423664700075,0.9564073242621807,0.0,0.10080486827112554,0.13033269183269003,0.062213563560188576,1,Okay
8844c1a9b7fffff,33.80828992891385,-84.32308295359428,6.3165668268642285,4.896646036604675,3.7697058988111865,0.10231644011029303,0.2406843971825477,0.5137099065909572,0.28071062240978417,0,Most Suitable
8844c1ab23fffff,33.69237519199138,-84.32012661685852,0.5194716653824252,2.5167592466379443,0.0,0.008414458834512308,0.12370603829691529,0.0,0.016577833246947685,2,Less Suitable
8844c1a005fffff,33.6954227502835,-84.52752300231741,0.0,1.3779869056760714,0.17595700776206938,0.0,0.06773206501731577,0.023978225476417838,0.01636449669229871,2,Less Suitable
8844c1a933fffff,33.75592526851133,-84.30243471025587,5.1215682853230975,8.544269944479238,1.9344988799379526,0.08295972307415286,0.41997572329689964,0.26362036338872813,0.18892557922225767,0,Most Suitable
8844c1ac23fffff,33.85749736568424,-84.47620901262948,3.9912044293812254,1.630883380164265,0.34857172663465047,0.06464996574245822,0.08016266242149088,0.047500986532186706,0.059341643726252884,1,Okay
8844c13281fffff,33.886662357836,-84.39426317135482,1.0498527244640796,1.3617643763217024,0.0,0.017005629220989773,0.06693468050774647,0.0,0.015196282661269534,2,Less Suitable
8844c1adadfffff,33.88987747678446,-84.43189194445453,0.0,0.8819091791534824,0.0,0.0,0.043348401654429825,0.0,0.004334840165442983,2,Less Suitable
8844c1ab17fffff,33.70237055142907,-84.35256070008778,0.0,2.1388348572000804,0.0,0.0,0.10512995516318188,0.0,0.010512995516318189,2,Less Suitable
8844c1a931fffff,33.74832937524893,-84.29814681882608,2.5544071360262923,5.994259717890327,1.113902670368419,0.041376566086341354,0.2946353026073423,0.15179508749656953,0.11086984830253271,0,Most Suitable
8844c13309fffff,33.821059373736475,-84.30349982433023,4.111500835752071,3.5405996775135353,2.351822775155622,0.0665985400859733,0.1740307738555591,0.3204904283182101,0.17889851875582663,0,Most Suitable
8844c1aa2bfffff,33.69116145786792,-84.39089907733468,0.0,2.923574807429295,0.5886403183378675,0.0,0.1437022065479167,0.0802159030613977,0.046456581879350756,1,Okay
8844c1a9d3fffff,33.782730856070586,-84.36224838074705,18.87725188906251,13.209592779198191,5.298733292945748,0.30577579012379785,0.649289912180951,0.7220753708738838,0.5066470346295475,0,Most Suitable
8844c1b99bfffff,33.64875174775806,-84.40266517692088,4.10472751630487,2.0790254401261126,0.36998541687680553,0.0664888251169778,0.10219014832669078,0.05041909874288576,0.06363106688831228,1,Okay
8844c1ad1dfffff,33.847505047986395,-84.4436692944118,1.7791452807127808,0.7241589494278164,0.3700691295201825,0.028818789787415082,0.03559451896348138,0.0504305065331389,0.03814104940331124,1,Okay
8844c1ad53fffff,33.84150633667509,-84.458174756965,0.0,0.4337032931716497,0.4556358848134108,0.0,0.021317778514675943,0.06209096256044801,0.0269681628756468,2,Less Suitable
8844c13269fffff,33.81070550144069,-84.35125706141623,6.948647841473225,6.525613479481846,3.0889966660165555,0.11255495749620031,0.3207528857128615,0.42094747743042,0.2567317582915543,0,Most Suitable
8844c1aa3dfffff,33.69875873294127,-84.39519591714154,0.2753207857912281,3.4416537554389808,0.6360696378100579,0.004459676191617454,0.1691672939490763,0.08667924846015024,0.05381826687477645,1,Okay
8844c1add5fffff,33.88628594379225,-84.47463916402735,20.142302096546292,3.3415189749730856,0.1772144434232122,0.3262672117042745,0.164245378194236,0.024149580264661005,0.18921797577742525,0,Most Suitable
8844c1a135fffff,33.7111178126322,-84.45585135704576,0.16748015384465967,2.2106425003281056,0.3505500401166919,0.0027128618441319805,0.10865950971341282,0.04777057765185141,0.03133061295414784,2,Less Suitable
8844c1ab45fffff,33.657586969909126,-84.3361994773612,0.0,0.5359207850192182,0.0,0.0,0.026342065592592463,0.0,0.0026342065592592466,2,Less Suitable
8844c1a981fffff,33.780321892918536,-84.33407787211587,3.192094052407036,9.757227807986437,2.8053175626685265,0.05170588848209256,0.4795961308174097,0.38228961668624906,0.2267284039972869,0,Most Suitable
8844c13241fffff,33.81231274678571,-84.37004562444778,7.582970991441376,7.663811883185485,2.763358728811824,0.1228297932358086,0.3766986483066189,0.3765717518979138,0.24971346220773175,0,Most Suitable
8844c1315bfffff,33.87098575383694,-84.29598023517295,1.248902311046538,3.3063310673327426,0.3626092359727975,0.02022985618838705,0.162515790171083,0.049413922926811904,0.04613207628202659,1,Okay
8844c132c7fffff,33.87227581626285,-84.39505839460865,2.0926903498040677,3.145917985290778,0.35933820504620784,0.03389762709934176,0.1546310205424749,0.04896816905718392,0.051999183226791944,1,Okay
8844c1a185fffff,33.74309131466851,-84.49188303292266,0.0,1.038341837290683,0.8355012594762101,0.0,0.05103752186895175,0.11385643482095117,0.05064632611527565,1,Okay
8844c1aaedfffff,33.71474849032007,-84.41318331719111,0.550755362424881,5.005952218493646,0.6599213801623723,0.00892119557974231,0.2460571139972013,0.08992960184705587,0.06503814992841364,1,Okay
8844c1b987fffff,33.63877429715361,-84.37022392218167,0.5571480142970382,0.3235517967923157,0.0,0.009024744453735342,0.01590351203377695,0.0,0.006102723430245366,2,Less Suitable
8844c1aa67fffff,33.67596682973637,-84.38230788435642,0.0,1.7834415400397923,0.3359363803722315,0.0,0.08766133977542526,0.0457791273945127,0.027077784935347605,2,Less Suitable
8844c1a1bbfffff,33.765884433762196,-84.50481911926077,0.0,1.6712964144824562,1.035586879287305,0.0,0.08214908062090315,0.1411227436053489,0.06466400550422988,1,Okay
8844c1af21fffff,33.79672396461184,-84.44172738428598,1.4223369075633345,4.700845715716024,0.7240116712169703,0.02303916874597666,0.2310602418221346,0.09866339124994472,0.07409096505517968,1,Okay
8844c1a02dfffff,33.693849774984166,-84.50871862155074,0.0,1.9832082467305236,0.3779933144789375,0.0,0.09748045453634038,0.05151036061837543,0.03035218970098421,2,Less Suitable
8844c1add3fffff,33.89468121654339,-84.48837001536792,2.280524370469008,2.2309607124766155,0.397104428982053,0.03694018310370539,0.10965820894677258,0.05411469345222876,0.05108178982742146,1,Okay
8844c1a0b5fffff,33.76983174815829,-84.55186842595249,0.0,0.0,0.34574141504175354,0.0,0.0,0.04711529089888308,0.018846116359553234,2,Less Suitable
8844c1a31dfffff,33.65140074440197,-84.5204539234408,1.4066660111302998,0.33328197119082925,0.8007902302581822,0.022785329852110136,0.016381778410819628,0.10912625160350378,0.056681343408538545,1,Okay
8844c1b8a9fffff,33.63592996873912,-84.4222270199187,5.771206467945115,0.2659359005429525,0.3359855793303178,0.09348263338722283,0.013071523126830001,0.04578583189423796,0.0663628017639896,1,Okay
8844c13305fffff,33.827036897774384,-84.28901435642068,2.4032542624396496,1.5622247565219074,1.0219986238940983,0.038928175313041484,0.0767878913395683,0.13927102848588038,0.08285128818482973,1,Okay
8844c13213fffff,33.85708441503417,-84.38645149886767,5.855512823669187,3.191857917074491,0.4476489962973147,0.09484823695523595,0.15688910183022042,0.06100256366045689,0.08751405412482277,1,Okay
8844c1ad6dfffff,33.815519700307284,-84.40763671888013,4.657277886234004,5.819355797384386,2.3259628129518553,0.07543909642453879,0.286038266113966,0.31696640837481554,0.1931099381735922,0,Most Suitable
8844c1a161fffff,33.67471035955069,-84.45311965219315,1.2528373120433998,5.186003306047231,0.5005222090466118,0.020293595764784317,0.25490714872422543,0.06820776584643402,0.06292061909338832,1,Okay
8844c1b9b5fffff,33.652379435171255,-84.36004660509619,0.42944047792787726,0.6795722530254455,0.0,0.006956123816180076,0.03340295313132925,0.0,0.006818357221222963,2,Less Suitable
8844c1af65fffff,33.77472995870039,-84.43820994920941,0.0,5.240609054932221,0.9499374524526185,0.0,0.25759118013160864,0.12945102166208236,0.07753952667799381,1,Okay
8844c13223fffff,33.84626755863594,-84.34455800637065,2.4017050503524553,3.9204879670267565,1.2960061570136427,0.038903081006263406,0.19270338839103782,0.1766109133528802,0.10936624468338757,0,Most Suitable
8844c1aeabfffff,33.85626169620825,-84.5472179258898,0.0,1.2767148256104695,0.9597126925498702,0.0,0.06275424767871284,0.13078312496458322,0.05858867475370457,1,Okay
8844c132edfffff,33.8630705206364,-84.37195185500566,6.030446649723935,3.5471598575555165,0.3681326937754455,0.09768183419680594,0.17435322578837392,0.050166622226975405,0.08634288856803052,1,Okay
8844c1a901fffff,33.72714949491081,-84.30404621421303,0.0,3.6214367286475713,0.2788000798840831,0.0,0.1780041500760917,0.037992980577071095,0.03299760723843761,2,Less Suitable
8844c1aab3fffff,33.76713296689207,-84.43390480943499,0.0,4.528701432287743,1.0739121405090581,0.0,0.22259884951898853,0.14634544980333364,0.08079806487323231,1,Okay
8844c1ac69fffff,33.82190339676981,-84.48287471625756,0.9084244570366684,2.264655542166565,0.25620358165884155,0.014714758681538381,0.11131440784525726,0.03491368333103599,0.03245429345770931,2,Less Suitable
8844c1a8d5fffff,33.77993514729868,-84.41431753149966,16.31224683145653,4.862145644866111,3.4973672214297555,0.26422755774493983,0.23898860256597051,0.47659744204489285,0.3466516159470241,0,Most Suitable
8844c11499fffff,33.683176605425565,-84.29708579019767,0.5212588929436763,1.0483912191025069,0.0,0.008443408541963595,0.05153147821894213,0.0,0.00937485209287601,2,Less Suitable
8844c1a1dbfffff,33.739439329563375,-84.53459852023155,0.0,0.7481812975447614,0.2069975918236281,0.0,0.03677528725512724,0.02820822536681267,0.014960818872237793,2,Less Suitable
8844c1af25fffff,33.79592655024531,-84.432325574495,3.981946454653868,3.968419283139821,1.129560112876362,0.06450000405556437,0.19505935201156496,0.1539287773769247,0.11332744817970856,0,Most Suitable
8844c1aa25fffff,33.68956948816151,-84.3721271236066,0.0,1.8487071639227997,0.17533124339468978,0.0,0.09086933504884238,0.0238929505601927,0.01864411372896132,2,Less Suitable
8844c13257fffff,33.83510061569381,-84.38294577695409,20.215087818498407,8.189676702723052,1.0265704168944911,0.3274462027867918,0.4025464339426969,0.1398940413728872,0.2599353613368205,0,Most Suitable
8844c1ad03fffff,33.8467051997663,-84.43426275212293,3.886458671924875,0.2600795760586635,0.5865949085490922,0.06295328251035659,0.012783667742211706,0.07993716851293775,0.06472987543457456,1,Okay
8844c1b8a7fffff,33.64954380290114,-84.41205051091653,5.27417513777928,2.1399079791942706,0.41801273662510563,0.08543166555615851,0.10518270223093892,0.05696393555614853,0.07601967722363256,1,Okay
8844c1acc1fffff,33.87667180734677,-84.53192293836109,5.359388146843608,3.7047715003288073,2.406372745457583,0.0868119551941099,0.1821002965274597,0.3279241276307207,0.1927856583020892,0,Most Suitable
8844c1ab13fffff,33.70316888923743,-84.36194495367852,0.12465674756454108,2.4232051919626927,0.19039218552916037,0.0020192036269270413,0.11910758435820477,0.025945353422577967,0.023298501618315186,2,Less Suitable
8844c1ace3fffff,33.88947801778915,-84.51230510832535,3.1611079326879112,4.921111324998496,1.292468548977923,0.05120397192688276,0.24188693727732793,0.17612883216608044,0.12024221255760635,0,Most Suitable
8844c1b8b1fffff,33.65872403018441,-84.43512471815413,6.174774474416619,2.975199906788299,0.5598446096155338,0.10001967208187568,0.14623973036030294,0.07629181952940772,0.09515053688873124,0,Most Suitable
8844c1a12dfffff,33.688324546334805,-84.4429397523415,1.3903095736016355,6.228276773624679,0.6649972633716201,0.022520386488620047,0.3061379216589967,0.09062130872268019,0.07812250889928177,1,Okay
8844c1aa3bfffff,33.70715118842691,-84.40888364725164,0.5274128147448576,4.641983510663085,0.6932484524148507,0.008543090440164387,0.2281669932119439,0.09447118881254561,0.06487672006629483,1,Okay
8844c1aeebfffff,33.835053447724114,-84.55309043778102,0.0,1.1358613175883034,0.18548494514073424,0.0,0.055830888012538306,0.02527662804473012,0.01569374001914588,2,Less Suitable
8844c1b887fffff,33.644318110116295,-84.43591306447702,14.756570888905031,0.4405326007067305,0.3902756490864836,0.23902854873103338,0.02165345884667619,0.053184113726264075,0.14295326574068995,0,Most Suitable
8844c1a055fffff,33.690178738766555,-84.55142198277082,0.0,0.2696403847605778,0.0,0.0,0.01325360930257687,0.0,0.001325360930257687,2,Less Suitable
8844c114ddfffff,33.66118814828246,-84.2936079532094,0.0,0.0,0.0,0.0,0.0,0.0,0.0,2,Less Suitable
8844c1af61fffff,33.77552587973594,-84.4476105616137,0.0,4.672414134871828,0.7801749760438009,0.0,0.22966274691536018,0.1063169448296893,0.06549305262341173,1,Okay
8844c1b8d7fffff,33.63908627007424,-84.45977985112913,1.0157495485074006,0.8235883992657858,0.0,0.016453222248027442,0.04048176566613211,0.0,0.012274787690626933,2,Less Suitable
8844c1b8abfffff,33.643528014309965,-84.42652542379818,11.308456167520054,0.9327594042709422,0.3933816927496574,0.1831756094597255,0.045847838143712814,0.05360738425264112,0.11761554224529049,0,Most Suitable
8844c1a063fffff,33.68782423291424,-84.5232102527568,0.0,1.802326651138961,0.3984720927818457,0.0,0.08858959792327795,0.054301069382261105,0.03057938754523224,2,Less Suitable
8844c1a889fffff,33.77913663231031,-84.40492039239916,23.123617167961818,7.851940653598219,4.464126055749162,0.3745588792058486,0.3859457246443808,0.6083407673347578,0.46921031900126553,0,Most Suitable
8844c1ac09fffff,33.837892485703236,-84.5009144931782,5.411989042868347,1.4166588487215834,0.9021429606714637,0.0876639902592617,0.06963290351579152,0.12293791306223052,0.09997045070610222,0,Most Suitable
8844c10699fffff,33.78388996947607,-84.29143800901976,12.074456108929047,6.67147316388468,2.8600377141600775,0.19558336026453554,0.32792231351125617,0.38974650713497944,0.28648251433738514,0,Most Suitable
8844c13063fffff,33.87260699145108,-84.31476661778376,4.090934615897366,3.912097033945627,0.39780638424081494,0.06626540620807152,0.1922909496206359,0.054210351145451814,0.07404593852428007,1,Okay
8844c1ab09fffff,33.67278104168855,-84.34477799080206,0.0,0.974473234419809,0.0,0.0,0.04789819424225508,0.0,0.004789819424225509,2,Less Suitable
8844c1a919fffff,33.736351255715235,-84.32709906843684,1.418203693939619,4.943154456543264,0.1995380921541748,0.022972218499777194,0.24297042131685367,0.027191695435494,0.04665982955577157,1,Okay
8844c1a1c9fffff,33.71585702227779,-84.51225085913242,0.8215413625827032,1.891562106118308,0.0,0.013307416817839746,0.09297578012400468,0.0,0.015951286421320342,2,Less Suitable
8844c1adc7fffff,33.877890154417,-84.46091265976457,19.79724939926324,3.7897581352531606,0.17674636359419224,0.3206780103858768,0.1862776368625444,0.024085793525934575,0.18860108628956665,0,Most Suitable
8844c1304bfffff,33.8606513869872,-84.34375658145927,5.456477884594347,4.06368003343177,0.9029574699214382,0.0883846253819165,0.19974169500466255,0.12304890884862696,0.1133860457308753,0,Most Suitable
8844c1a319fffff,33.65218456229694,-84.52985313497145,0.12438271642780735,0.3947390000476124,0.5715110580328493,0.0020147648406118666,0.01940257015938593,0.07788164385193574,0.03410029697701883,2,Less Suitable
8844c1a181fffff,33.74388180918476,-84.50128705968261,0.0,1.3205965093534413,0.7593829396055822,0.0,0.0649111600877535,0.10348354737555861,0.04788453495899879,1,Okay
8844c1a9ebfffff,33.76512991587259,-84.32549325445757,3.92110922448968,12.702073095545806,2.4679719885787614,0.0635145559494671,0.6243438433401549,0.3363184539466897,0.22871904388742492,0,Most Suitable
8844c13225fffff,33.837865327091066,-84.33086760074114,5.536908488188754,3.5014450045374605,1.9990485809962428,0.08968744909316144,0.172106207776721,0.27241675806545496,0.17102104855043482,0,Most Suitable
8844c1acd5fffff,33.8918654242718,-84.54056676062463,0.8647022085030907,1.775416809144407,1.1670939617654494,0.014006540919233161,0.08726690090774529,0.15904363527947166,0.07934741466217977,1,Okay
8844c1a957fffff,33.728754953714706,-84.32280897310353,0.0,4.392667388952607,0.20261581667500445,0.0,0.2159123805621422,0.027611106821567036,0.03263568078484104,2,Less Suitable
8844c13287fffff,33.89345242909567,-84.38916289855418,0.6216825627690629,0.8557920761469988,0.0,0.010070082126045009,0.042064670066261224,0.0,0.009241508069648626,2,Less Suitable
8844c1af11fffff,33.80750442218088,-84.48365822229496,0.9996246460095017,3.789970038328532,0.3552423447130575,0.016192029314281563,0.186288052515131,0.04841001304034032,0.04608882512479001,1,Okay
8844c1acd1fffff,33.892659958477836,-84.5499896325012,0.16976072978665094,0.6355292317300776,0.946499524590936,0.0027498028625968425,0.03123811051225277,0.12898252421212256,0.05609172216737272,1,Okay
8844c1ab43fffff,33.66598131987238,-84.3498678806638,0.0,0.8240491369052445,0.0,0.0,0.04050441226141049,0.0,0.004050441226141049,2,Less Suitable
8844c1a9cdfffff,33.75154377951323,-84.33568174498627,6.203013706713963,9.682602922490176,1.8439900084858465,0.10047709425428483,0.4759281006093413,0.25128642935053774,0.19834592892829167,0,Most Suitable
8844c1ae85fffff,33.84945668890822,-84.55231554218578,0.0,1.2881315011675771,0.7827407001637984,0.0,0.06331541049378053,0.10666658427992803,0.04899817476134927,1,Okay
8844c1b893fffff,33.661092918536774,-84.46329813760414,0.256071590219065,3.025532051769123,0.5439306033950746,0.004147875617046745,0.14871370170376033,0.07412316688953517,0.04659457473471348,1,Okay
8844c1ad3dfffff,33.85269970826696,-84.41975922454367,2.7021649729593955,0.24548502297975738,0.4061384213321155,0.0437699636847164,0.01206630300241097,0.05534578454815684,0.04522992596186203,1,Okay
8844c1ac51fffff,33.839481142717176,-84.51974262395646,1.4319200060148805,1.927491766823823,1.2061539482458,0.0231943968225037,0.09474182746809179,0.16436646484360098,0.08681796709550144,1,Okay
8844c1ae3bfffff,33.8190672538972,-84.53503245100725,0.15109760393010752,1.4037915103447702,0.3612749535952545,0.002447495509360171,0.06900043640311564,0.049232095990193396,0.027816629791069008,2,Less Suitable
8844c106dbfffff,33.7703115634345,-84.30162864134526,17.700466187359666,9.72255200389245,3.038573613346061,0.2867140866587367,0.4778917141732839,0.4140761664123484,0.3567766813116361,0,Most Suitable
8844c13345fffff,33.805868717613336,-84.29491933674718,1.5389783190033643,4.761235956443386,2.669437618967909,0.024928539081967946,0.23402859783082264,0.3637728211961707,0.18137625780253452,0,Most Suitable
8844c13303fffff,33.83544126379392,-84.30269339423128,1.6525032646162772,1.609277139993416,1.6861002220721217,0.026767428563739516,0.07910065286392277,0.22977028204158204,0.11320189238489485,0,Most Suitable
8844c1ad21fffff,33.844301874110634,-84.40605010368415,0.0,1.4952686952960412,1.0085926894153543,0.0,0.07349680615321906,0.13744415882185382,0.06232734414406344,1,Okay
8844c1a35bfffff,33.63855213253569,-84.54002861982306,0.0,0.16327845957917148,0.3921260465205958,0.0,0.008025611270027069,0.05343627331604366,0.022177070453420173,2,Less Suitable
8844c1a955fffff,33.721158625511876,-84.318519706142,0.0,2.9984059829759064,0.19631896420519285,0.0,0.14738037651206345,0.026753014550999172,0.02543924347160602,2,Less Suitable
8844c132d9fffff,33.87468574519555,-84.42327466857094,0.0,0.6303880314135467,0.2199940618060433,0.0,0.030985405560796455,0.029979295991389557,0.01509025895263547,2,Less Suitable
8844c1aa37fffff,33.71315728890328,-84.39440201247092,0.12555966334841856,6.204895880025664,1.262437540973416,0.0020338291555184332,0.3049886827229167,0.17203641044116744,0.10033034702651786,0,Most Suitable
8844c1ae21fffff,33.80228822067944,-84.5075725594822,1.1543722911292364,3.1199009028125033,0.5010290786821361,0.018698648589924118,0.15335220525423032,0.06827683859643319,0.05199528025895837,1,Okay
8844c1a31bfffff,33.659783454221035,-84.53416524240953,0.0,0.579273201349998,0.5018532138356556,0.0,0.028472962968669836,0.06838914613556146,0.03020295475109157,2,Less Suitable
8844c1ab3bfffff,33.70157158827297,-84.34317760887674,0.0,1.8364576063616718,0.0,0.0,0.09026723366039952,0.0,0.009026723366039952,2,Less Suitable
8844c1aa57fffff,33.686740257187616,-84.42415621746335,0.25956050969359323,5.0334906193225715,1.1317969386578173,0.004204389516171029,0.24741070650793892,0.1542335967962895,0.08853670412739521,1,Okay
8844c1af09fffff,33.7847130284517,-84.47072475931795,0.0,3.2352121077315887,0.6128877897758331,0.0,0.1590200864195979,0.0835201837193112,0.04931008212968427,1,Okay
8844c1a905fffff,33.726345828667675,-84.29466658137001,0.0,3.163156652473384,0.29759403138486284,0.0,0.15547835118227607,0.04055409259193284,0.03176947215500074,2,Less Suitable
8844c1a169fffff,33.66790204571386,-84.45820907172546,0.42182249087629636,4.019580408052915,0.42040459114746576,0.006832726828973497,0.1975740701302198,0.057289881238979726,0.04608972292310062,1,Okay
8844c1ae03fffff,33.804663434266345,-84.53580931847713,0.30601104692298603,1.3166143313285779,0.505116592271441,0.004956800397080127,0.06471542445356164,0.06883385717573755,0.03648348551419125,1,Okay
8844c1ac63fffff,33.83630130055605,-84.48209100435452,2.1411884585072007,1.558066411786314,0.40579142551798364,0.03468320476686245,0.07658349659907007,0.05529849831627299,0.047119351369847434,1,Okay
8844c1af59fffff,33.77949603885703,-84.49463103097375,0.259206025831884,2.0863841946632373,0.8833659495413828,0.00419864754782006,0.10255185251901797,0.12037910956598612,0.06050615285220627,1,Okay
8844c1a1e3fffff,33.73549354698936,-84.48757266732433,0.0,1.1272022887106843,0.7614949850790309,0.0,0.055405271553840556,0.10377136258236912,0.04704907218833171,1,Okay
8844c1a1b1fffff,33.76509307746786,-84.4954127331023,0.0,1.8681187733287241,0.9047010241643287,0.0,0.09182347212007076,0.12328650857425384,0.058496950641708616,1,Okay
8844c1a819fffff,33.74195122721085,-84.39281357831648,12.857031773964088,14.58469917301766,3.7052015114208565,0.20825960645301772,0.7168803916610232,0.5049196869530159,0.37778571717381754,0,Most Suitable
8844c1a8abfffff,33.791930043944554,-84.38533395874786,37.04830320009939,12.62272309780948,5.590881298344152,0.6001124660692876,0.6204435601200006,0.7618873160474523,0.6668555154656248,0,Most Suitable
8844c1ae39fffff,33.81146980814874,-84.5307137621481,0.3874387030551237,1.8207037369714423,0.556152637795634,0.006275774474348205,0.08949288515141292,0.07578870269492594,0.04240265683028577,1,Okay
8844c1ad4bfffff,33.81871658952974,-84.4452464223543,3.4254887286029048,2.5835927934981346,0.851918662841553,0.05548644096631456,0.12699110154579377,0.11609368700339226,0.08687980543909356,1,Okay
8844c1306dfffff,33.857417083401415,-84.3061792107661,5.390560801875426,3.4686047815510532,0.5434897040913638,0.08731689326871034,0.17049201528379077,0.07406308412811956,0.09033288181398207,0,Most Suitable
8844c132d5fffff,33.88067548431155,-84.40876852582028,0.14466372953388024,0.9528505769469767,0.17485334370716807,0.002343278908415012,0.04683537772653609,0.023827825637870764,0.01538630748200942,2,Less Suitable
8844c1a183fffff,33.75147962370935,-84.50559942930042,0.0,1.2433931396151652,0.850064695298239,0.0,0.06111638987830564,0.11584104090338779,0.05244805534918568,1,Okay
8844c1a355fffff,33.636986696308696,-84.52123141193916,0.0,0.0,0.5524740874699383,0.0,0.0,0.07528741485048185,0.03011496594019274,2,Less Suitable
8844c1ac33fffff,33.873487928681,-84.4942524619328,1.638190528720517,4.063768626065331,1.1542226854939759,0.026535589302756034,0.19974604959032058,0.15728962520319215,0.09615824969168693,0,Most Suitable
8844c1a94dfffff,33.698369487679024,-84.30565687356975,0.5296792893885864,3.460378822239586,0.0,0.008579803044258169,0.17008768545408115,0.0,0.0212986700675372,2,Less Suitable
8844c1a325fffff,33.64747222503151,-84.47347520822696,0.0,1.6207437897587276,0.4197961449789325,0.0,0.0796642720567001,0.057206966329224715,0.0308492137373599,2,Less Suitable
8844c13227fffff,33.84546071171613,-84.33516309717301,5.091326472802644,3.7612382967211464,1.3919000797444645,0.08246986288832914,0.18487580383366956,0.1896786855905569,0.13559398606375428,0,Most Suitable
8844c1ad0dfffff,33.83151259841828,-84.42564841303945,0.7254203057526358,1.138081012574903,1.2880847123251276,0.011750437429501036,0.0559399924782859,0.17553143269305316,0.08168179103980037,1,Okay
8844c1a8cbfffff,33.76553939543108,-84.41510941443985,3.5499807204255336,7.67520657519326,3.7468276784599497,0.05750297586171984,0.37725873056628617,0.5105922181677549,0.2707142482545905,0,Most Suitable
8844c1ac49fffff,33.816689690195005,-84.50679212582595,0.27020960704874586,2.848118085812697,0.4841815820248182,0.004376884759494222,0.1399932891746987,0.0659809762224343,0.0425801617861907,1,Okay
8844c1a351fffff,33.63776972894549,-84.53062943831051,0.0,0.1418181838992773,0.4679915015506212,0.0,0.006970776291804277,0.06377470205905125,0.02620695845280093,2,Less Suitable
8844c1a149fffff,33.662669039738276,-84.48208620703491,0.1117332292843555,1.9593841629854203,0.5229394803164704,0.0018098670647766625,0.09630943151532725,0.07126263926074862,0.03904093238822051,1,Okay
8844c1a94bfffff,33.70676743679005,-84.3193232667941,0.0,2.3900630082454133,0.0,0.0,0.11747854961693976,0.0,0.011747854961693976,2,Less Suitable
8844c1aa53fffff,33.68753271541644,-84.43354740519531,1.1164437395916342,5.592710356613034,0.9514377128530838,0.018084277765038258,0.27489798338198185,0.1296554669559256,0.08839412400308758,1,Okay
8844c1302dfffff,33.87858049957969,-84.30027283385239,1.8678105476154527,2.939791750357248,0.1672065288081664,0.030254999475299284,0.14449931646837658,0.02278576965978417,0.03869173924840097,1,Okay
8844c1a939fffff,33.74153791176824,-84.30324056785088,1.8065991586669852,5.525362729944259,0.8402386441897151,0.029263490704304,0.27158765161503856,0.1145020134215066,0.08759131588225849,1,Okay
8844c1a991fffff,33.7963175317466,-84.35205715915879,6.673003444310071,8.33021249393366,3.6628853982600926,0.10809003941219698,0.409454176903336,0.49915313456866045,0.2946516912238963,0,Most Suitable
8844c1ad6bfffff,33.823916248704855,-84.42134249118912,1.7130691652351075,2.5218945400730823,1.3926625579865668,0.02774848164419412,0.12395845290796786,0.18978259094472566,0.10218312249078411,0,Most Suitable
8844c1ab49fffff,33.65158354716312,-84.35066706262951,0.26715110005270715,0.5068945801233438,0.0,0.004327342728757493,0.024915343183899666,0.0,0.004655205682768714,2,Less Suitable
8844c1aea1fffff,33.855468800088985,-84.53779861126075,0.11356230251311954,2.2266456241908097,1.1013010009920192,0.0018394945929256967,0.10944610980480993,0.1500778176161043,0.07189548532338558,1,Okay
8844c1ae07fffff,33.8038723284039,-84.52639590647887,0.6704659165634216,2.727274963100969,1.0219063645318105,0.010860280224741864,0.13405349815731563,0.13925845600684483,0.07453887233084043,1,Okay
8844c1a827fffff,33.74474948683956,-84.34077546216947,7.291796895639996,8.263389217540466,1.0025322125057536,0.11811332339525751,0.40616961847778754,0.13661827820657574,0.15432093482803783,0,Most Suitable
8844c1aaabfffff,33.74434181231178,-84.4209943745041,3.2849037627239803,7.9811875938053625,1.3661375602437305,0.05320923031755153,0.39229858773860915,0.18616794447665636,0.14030165172329923,0,Most Suitable
8844c1aa11fffff,33.70114223175508,-84.42336606772668,0.14170155431580989,3.6471908317766015,0.7797088646996461,0.0022952972703506607,0.17927003916430642,0.1062534263427054,0.06157602308868814,1,Okay
8844c1aa97fffff,33.76112684407114,-84.44839819431719,0.0,2.6104184670789294,0.5245455935031903,0.0,0.12830966143894185,0.071481509453085,0.04142356992512819,1,Okay
8844c1ae47fffff,33.78266081434486,-84.53226827773375,0.0,1.12393436728362,0.5102532702952471,0.0,0.055244643709223405,0.06953384875561901,0.033338003873169944,2,Less Suitable
8844c1a0e7fffff,33.74022659390403,-84.54400716365834,0.0,0.5144350335446873,0.1786650051712766,0.0,0.02528597840495346,0.024347252963832996,0.012267499026028545,2,Less Suitable
8844c1b89bfffff,33.65428297823682,-84.46838684978577,0.0,2.10371309303141,0.3822435757091037,0.0,0.10340361828407484,0.05208955734038614,0.03117618476456194,2,Less Suitable
8844c1ad19fffff,33.84830426557963,-84.45307699928641,0.189265354233609,0.7443041136968064,0.46564688867809206,0.003065740902009884,0.0365847123901615,0.06345519414727523,0.030573419348931184,2,Less Suitable
8844c13045fffff,33.8590354902783,-84.3249655626709,6.580937524281972,3.472392087747839,0.936093238528436,0.1065987455731622,0.17067817240074487,0.1275644262531249,0.12139296052790555,0,Most Suitable
8844c1a9d7fffff,33.781928495121406,-84.35285704699132,21.85008268282582,12.206378568329024,4.473626048157367,0.3539300283682968,0.5999790153378871,0.6096353617523682,0.4808170604188844,0,Most Suitable
8844c1a839fffff,33.74715159798193,-84.36893885267992,23.515983781471576,13.588845916663438,4.497825095301846,0.38091447651255506,0.6679313071455962,0.6129330434765846,0.502423586361471,0,Most Suitable
8844c13041fffff,33.859843752542304,-84.33436048884856,8.212636937148167,4.55038139110595,0.9204363491338297,0.13302919107157612,0.22366448256252394,0.1254308117472971,0.13905336849095928,0,Most Suitable
8844c1aea7fffff,33.86227228116096,-84.53270062309817,1.6713981850224742,2.5281814476217295,1.4620430967756266,0.027073490550435723,0.12426747270277783,0.1992372993642334,0.10565841229118902,0,Most Suitable
8844c1311bfffff,33.89214566599575,-84.2900717594043,0.1416074574533065,0.9887342686812114,0.0,0.002293773079083349,0.04859916556195972,0.0,0.006006803095737647,2,Less Suitable
8844c13201fffff,33.83349289288213,-84.36415016918191,11.710743374138064,7.291166959628965,1.0068063769487408,0.18969190161830973,0.3583820662790709,0.1372007322960191,0.1855644503554696,0,Most Suitable
8844c13355fffff,33.8218672330488,-84.31288887818685,5.526295758924518,3.3746542265353336,2.610373788782549,0.08951554294415137,0.1658740721999154,0.35572400372821017,0.2036347801833513,0,Most Suitable
8844c1a82dfffff,33.730357912436965,-84.34157638769076,3.548724221465097,4.317496935228631,0.37418812808281254,0.057482622954174015,0.21221753408860802,0.050991815670683095,0.07035979115422106,1,Okay
8844c1a0a7fffff,33.76144556767578,-84.5381386965101,0.2887555807406616,0.31454820644005943,0.23900975735781305,0.004677294469158923,0.015460959376261602,0.03257062577887837,0.01691299348375697,2,Less Suitable
8844c13211fffff,33.8494886650822,-84.38214929829275,13.801151527397886,4.922226631130104,0.338520264495611,0.2235525614484941,0.2419417578181539,0.04613124156662404,0.15442295313271207,0,Most Suitable
8844c1a035fffff,33.71664468706859,-84.5216548289183,0.4256331904909103,1.2910382139317917,0.0,0.0068944529579900915,0.06345828388185228,0.0,0.009793054867180274,2,Less Suitable
8844c1a165fffff,33.67391994303685,-84.4437273292483,3.3079486448141653,5.435694090585445,0.6628740977640994,0.05358251383735871,0.2671801771419153,0.09033197813955418,0.08964206588869256,1,Okay
8844c1a223fffff,33.66134935683477,-84.55296947279096,0.0,0.27313478505489563,0.17818529102761083,0.0,0.013425369242353033,0.024281880779756085,0.011055289236137737,2,Less Suitable
8844c1a32dfffff,33.640660659138554,-84.47856321288431,0.0,0.7827807650981764,0.4439899633744918,0.0,0.03847595173621869,0.06050393551506514,0.028049169379647926,2,Less Suitable
8844c1a14bfffff,33.670267406914945,-84.48639295140137,0.0,2.38346199653353,0.5261515473001952,0.0,0.11715409068876875,0.07170035792487399,0.040395552238826474,1,Okay
8844c1330dfffff,33.820250888197855,-84.29411193705468,2.898123367962923,2.078968273583064,2.239414479080259,0.04694411919292955,0.10218733842480082,0.3051721894881905,0.15575966923422108,0,Most Suitable
8844c1a861fffff,33.71676503123736,-84.35176137492287,1.2568708641812933,3.157106784739912,0.5375544145042604,0.020358931683339524,0.15518098258393756,0.07325426319056508,0.05499926937628955,1,Okay
8844c1333dfffff,33.841417069114705,-84.2882060482856,0.3717553663707901,1.336192298452177,0.47492308345047773,0.006021734071930933,0.06567773849055308,0.06471929094367108,0.035466357262489215,2,Less Suitable
8844c1a0a9fffff,33.74782482243951,-84.54832456392569,0.0,0.33683109025649527,0.1775561939741798,0.0,0.016556227937386023,0.024196151707719823,0.011334083476826531,2,Less Suitable
8844c1aa85fffff,33.73754022904345,-84.42608730590955,2.929355207150114,6.252023868966976,0.5712050590403024,0.047450015938949874,0.30730516047605044,0.07783994438834423,0.08559150177241767,1,Okay
8844c1a86bfffff,33.71756415786499,-84.36114680933454,0.9772338955350357,4.92190719504947,0.793087665418521,0.01582934148990806,0.24192605660554206,0.10807659840229757,0.07533791576642726,1,Okay
8844c1a8e3fffff,33.77753771784886,-84.38612960155558,61.73560006637469,15.006905096558265,6.775636572299833,0.9999999999999999,0.7376330410121562,0.9233377149522717,0.9430983900821243,0,Most Suitable
8844c1a1abfffff,33.74989784996199,-84.48679018940379,0.0,1.24843741132678,1.0152356248876806,0.0,0.06136433050686224,0.13834941293254047,0.061476198223702413,1,Okay
8844c1a8b1fffff,33.807122648584496,-84.39393528880358,13.301130189898965,8.199797197895213,3.450896937966614,0.21545316115172328,0.4030438857212187,0.47026478755727513,0.3361368841708936,0,Most Suitable
8844c1ab0bfffff,33.68037804117575,-84.34906848923448,0.0,1.1848158434815512,0.0,0.0,0.05823714537030799,0.0,0.005823714537030799,2,Less Suitable
8844c1ac89fffff,33.8910702559039,-84.53114504910644,1.8729165528949292,3.7786846176780178,1.377816250858782,0.030337707107103085,0.18573334126054664,0.18775943708271212,0.10884596251269105,0,Most Suitable
8844c1a1edfffff,33.72029792206199,-84.4789544297488,0.12431262756732131,1.2512416939285202,0.423491225747251,0.0020136295335862497,0.0615021691544761,0.05771050683007322,0.030241234414270023,2,Less Suitable
8844c1af17fffff,33.81430644035877,-84.47856223911603,2.0738542139050655,3.03350764795637,0.20625104297353852,0.03359251731052055,0.14910572545760103,0.028106490761955025,0.04294942750580239,1,Okay
8844c1a333fffff,33.671841172621114,-84.50518799152708,1.6340696556361038,1.9993942034778502,0.6893717401474073,0.026468838949961493,0.0982760413958828,0.09394289680509316,0.06063918233660629,1,Okay
8844c13319fffff,33.837057932929014,-84.32147503212542,4.317938619243164,2.9661233057372596,2.616114413367337,0.06994244187471663,0.1457935890145522,0.3565062970419021,0.1921530986555744,0,Most Suitable
8844c1ab07fffff,33.68637804317212,-84.33459715600694,0.0,1.0913675234718052,0.0,0.0,0.05364388859799223,0.0,0.0053643888597992235,2,Less Suitable
8844c1a199fffff,33.75305887538198,-84.5244133029733,0.1678595291908689,0.8920695665898499,0.33362791944532216,0.0027190070074704976,0.04384781425378506,0.04546454602425105,0.023930103338814172,2,Less Suitable
8844c1ab39fffff,33.69397482829004,-84.33888696839064,0.0,1.50559688160182,0.0,0.0,0.07400446655513757,0.0,0.007400446655513757,2,Less Suitable
8844c1aaa3fffff,33.751142579895244,-84.41590108958557,4.116129524386266,8.663226708741744,2.4954234450470114,0.06667351609056739,0.4258227943090328,0.34005935191502656,0.2119427782421976,0,Most Suitable
8844c1b899fffff,33.64668463709799,-84.4640829357147,0.13029070061900203,1.450862867917599,0.18779556401315206,0.002110463014515461,0.07131413055974621,0.025591503485143496,0.018423245957289752,2,Less Suitable
8844c1ab65fffff,33.66278836682035,-84.31235661186174,0.0,0.0,0.0,0.0,0.0,0.0,0.0,2,Less Suitable
8844c1a885fffff,33.78513417499486,-84.39042936382648,46.87995921904435,11.515858499110402,6.164321757988759,0.7593667052501575,0.5660379451931526,0.8400318856417026,0.7722999014010751,0,Most Suitable
8844c1330bfffff,33.828654657701776,-84.30779131225547,3.4682004689529955,2.675568257554228,2.4669594271033626,0.05617829040657544,0.13151196316340738,0.3361804689486799,0.17571252909910043,0,Most Suitable
8844c1aa83fffff,33.7459323959723,-84.43978737778289,3.153643067159587,3.608169972476611,0.42406975406989966,0.051083055218852085,0.17735205041691568,0.05778934473906813,0.06639247054674487,1,Okay
8844c1a8c9fffff,33.75794253157811,-84.4108074511976,6.420903959762212,10.47471016910615,3.446414529974928,0.10400650439711953,0.5148624760431614,0.4696539554519276,0.29135108198364695,0,Most Suitable
8844c1a127fffff,33.702728094989574,-84.44215196882263,0.0,4.099944135694393,0.49754316468263043,0.0,0.2015241811241816,0.0678018019216531,0.0472731388810794,1,Okay
8844c1b8d3fffff,33.639873778301904,-84.46917095340288,0.0,0.6896125423653963,0.1992080779179386,0.0,0.03389646255987681,0.027146723337664286,0.014248335591053396,2,Less Suitable
8844c1a12bfffff,33.69671361215023,-84.45663746812329,0.0,3.3522194716977287,0.41783937008249694,0.0,0.16477133873630337,0.05694031034166228,0.03925325801029525,1,Okay
8844c1a123fffff,33.70352008498925,-84.45154665871257,0.0,3.1858175585033544,0.4191587406325342,0.0,0.15659220063487314,0.057120105195746854,0.038507262141786056,1,Okay
8844c1a9d9fffff,33.7683399662167,-84.36304687644034,31.04667638876754,16.796460236424807,4.5476291012887184,0.5028974587658964,0.825594882003703,0.6197199950187302,0.5818962155908106,0,Most Suitable
8844c1ad37fffff,33.86708982781272,-84.41896727927796,0.40112404443911776,0.42177828611286877,0.2585089324535874,0.00649745113043125,0.020731629727550115,0.03522784087361823,0.01941302488741793,2,Less Suitable
8844c1ab37fffff,33.707568356976495,-84.32870404057589,0.0,1.915883376839643,0.0,0.0,0.09417124133123073,0.0,0.009417124133123074,2,Less Suitable
8844c1a195fffff,33.759077407209766,-84.50991263074356,0.0,1.176950851054766,1.0725079540238533,0.0,0.05785055811304348,0.14615409680988703,0.06424669453525916,1,Okay
8844c1ac1bfffff,33.86147804375087,-84.52328245304255,1.5175508573645087,3.5096537587651917,1.6527109096910024,0.02458145471547895,0.1725096919265149,0.2252202134142522,0.11962978191609186,0,Most Suitable
8844c1a0a5fffff,33.75384755475209,-84.53382197674287,0.20607893724838236,0.4390534510957586,0.2571098486189571,0.0033380891580679175,0.02158075434040838,0.03503718323472191,0.017841993306963563,2,Less Suitable
8844c13331fffff,33.84901201944291,-84.29249650208142,0.0,2.423356219495439,0.49318241269740853,0.0,0.11911500780078266,0.06720754827027378,0.03879452008818778,1,Okay
8844c1a9e5fffff,33.763521134903996,-84.30672343013441,11.191236908413037,10.092327041025293,2.339980726867304,0.1812768790840429,0.49606723293452654,0.31887667443837664,0.26779583261082474,0,Most Suitable
8844c1a133fffff,33.719507031463856,-84.46955507827468,0.29596820434155496,1.4754551448966864,0.42069009213843805,0.004794125334869125,0.07252291251290574,0.0573287873741905,0.032580868868401336,2,Less Suitable
8844c1aee1fffff,33.834262041801225,-84.54367232906382,0.0,1.8487626942709212,0.5626400697945937,0.0,0.09087206452699194,0.07667276584883187,0.03975631279223195,1,Okay
8844c132d3fffff,33.88907464301088,-84.4224830045955,0.0,0.33794542895264845,0.0,0.0,0.016611000925945106,0.0,0.0016611000925945106,2,Less Suitable
8844c1a1c1fffff,33.72266681762427,-84.50715943484654,2.4412848831334015,1.6751352265552284,0.1818371670867552,0.039544199465278825,0.08233776940149405,0.024779533636393104,0.03791769012734606,1,Okay
8844c1ac6dfffff,33.82110764111244,-84.47346590095,1.37201202017918,2.425855120149385,0.22723292667707512,0.022224000717642148,0.11923783603729762,0.03096575931148438,0.03542208768714459,2,Less Suitable
8844c13153fffff,33.877768859452544,-84.29088021910319,0.7490323777771238,1.7797444258156885,0.0,0.012132908353880189,0.0874796158562995,0.0,0.014814415762570046,2,Less Suitable
8844c132a1fffff,33.8918396728404,-84.3703554810593,0.7140985233336988,1.3594979926763688,0.17409071120463726,0.011567045959963777,0.06682328115860345,0.02372389926213894,0.021955410800697808,2,Less Suitable
8844c1a11bfffff,33.70747060781194,-84.4985374899496,0.11553457302926391,1.0436510338429186,0.0,0.0018714416463928034,0.051298484324098816,0.0,0.006065569255606283,2,Less Suitable
8844c1ae31fffff,33.81827536491575,-84.52561784993945,0.17871032480844995,1.6824344898901387,0.4085899147311889,0.002894769381302045,0.08269654942817078,0.05567985741188966,0.03198898259822397,2,Less Suitable
8844c1aad7fffff,33.73992303956043,-84.45427851593342,0.6149511608372777,1.8386714855146458,0.5714599945664116,0.009961046141547443,0.09037605226100598,0.07787468526968078,0.04516800240474664,1,Okay
8844c1ad67fffff,33.82991132284359,-84.40684351543666,0.14078459236063717,3.6093738116858467,1.241816108562927,0.0022804442203408306,0.17741122261605233,0.16922626174476518,0.08657184906968172,1,Okay
8844c1a163fffff,33.68230835593966,-84.45742337298958,0.7577748489042623,4.548804598187742,0.4529839720200203,0.012274519857092906,0.22358697860365828,0.061729577903408946,0.053187788950275865,1,Okay
8844c1302bfffff,33.88698630668171,-84.31396122096113,6.866300340878948,2.9271313984502463,0.0,0.11122108367775939,0.14387702334282151,0.0,0.06999824417316185,1,Okay
8844c1a851fffff,33.72755478756309,-84.39360789955646,2.678810760388887,9.165325983724648,2.7339707055917515,0.043391669595966964,0.45050243429559994,0.3725669517706579,0.21577285893580664,0,Most Suitable
8844c1a907fffff,33.73394188317059,-84.29895316058759,0.27172504593456515,4.3122652035209965,0.729703246991166,0.0044014320042636895,0.21196037925592057,0.09943900052499174,0.0631723541377206,1,Okay
8844c13219fffff,33.842696508943725,-84.38724748965583,12.492059804250601,5.976725769436507,0.8121259157986787,0.20234775058183335,0.2937734580340792,0.11067100180855009,0.17481962181774463,0,Most Suitable
8844c1ab15fffff,33.69477370936229,-84.34826888825955,0.0,1.6635357029928755,0.0,0.0,0.08176761907505847,0.0,0.008176761907505848,2,Less Suitable
8844c1a303fffff,33.65061629748168,-84.51105586768317,3.7488483243092054,0.3240126983997776,1.0920620727848163,0.060724255053464314,0.015926166688559666,0.14881879925400357,0.09148226389718955,0,Most Suitable
8844c1ac29fffff,33.84310146329205,-84.47699362756624,1.6976112997884047,0.8753082502909078,0.40589852001612076,0.02749809344953685,0.04302394679854335,0.055313092426824625,0.04017667837535261,1,Okay
8844c114cbfffff,33.653591517916006,-84.2893249625962,0.0,0.0,0.0,0.0,0.0,0.0,0.0,2,Less Suitable
8844c1b999fffff,33.641153970295804,-84.39836945501666,1.2683985413079122,0.8454535110672063,0.0,0.02054565825786419,0.041556499517407794,0.0,0.014428479080672876,2,Less Suitable
8844c1b997fffff,33.65476335043433,-84.38819219759752,1.1401434515127167,1.8871761766587574,0.0,0.01846816829004493,0.09276019893227347,0.0,0.018510104038249812,2,Less Suitable
8844c1a16bfffff,33.6755001484559,-84.46251313363142,0.0,3.888711160310415,0.5666487499531668,0.0,0.19114146590128966,0.07721904154383052,0.050001763207661185,1,Okay
8844c13229fffff,33.8318826574702,-84.34535922093671,4.27159085739818,4.490528554385508,1.9641904495161104,0.06919169576072157,0.2207225415240996,0.26766652875121555,0.16373471353325697,0,Most Suitable
8844c1a1b3fffff,33.772690644383424,-84.49972525265636,0.12439551922814854,2.073852818618369,0.9957924305960553,0.0020149722217716417,0.10193589893228122,0.13569982652142798,0.06548100661268515,1,Okay
8844c13025fffff,33.88536349289494,-84.29517247275282,0.5332178206105948,1.741468528834587,0.0,0.008637120559892648,0.08559824417399886,0.0,0.01287838469734621,2,Less Suitable
8844c1a82bfffff,33.73875500071266,-84.35525545185145,12.149302607058154,7.6280762094897305,2.4566374978994143,0.1967957320248916,0.3749421359883753,0.33477386656920227,0.26980162623896425,0,Most Suitable
8844c106d7fffff,33.776294431860514,-84.2871503220502,12.080788846899553,4.175723395489376,2.3810559115833425,0.1956859386465987,0.20524895218714,0.3244741215257839,0.24815751315232693,0,Most Suitable
8844c13311fffff,33.84384513544506,-84.31637677733536,3.595838487950527,2.8232834508616453,1.38943372363968,0.058245784994144074,0.13877259462219085,0.18934258733827455,0.11873718689460094,0,Most Suitable
8844c13237fffff,33.861458393335894,-84.35315384021479,2.2530482908218445,4.0451366215218,0.7503817767439223,0.03649512256136641,0.1988302323659717,0.10225693005924977,0.07903335654098029,1,Okay
8844c1a19bfffff,33.76065681209527,-84.52872884994252,0.46216215535361155,0.6513090373114961,0.4850845444864337,0.007486153124886134,0.032013733860485435,0.06610402581151709,0.03338606027309845,2,Less Suitable
8844c1aa63fffff,33.676761713253555,-84.3916932605495,0.11839213692799588,3.3964298455592887,0.4074874002935278,0.0019177287788683876,0.16694440722084158,0.055529614235369,0.03986515080566595,1,Okay
8844c1b9b1fffff,33.65317469856902,-84.36942730860476,0.3599330946664019,0.7861319306567932,0.0,0.005830235622224807,0.03864067127206121,0.0,0.006779184938318524,2,Less Suitable
8844c1aa15fffff,33.70034835907031,-84.41397485710083,0.5393143277587255,4.0056986856544325,0.7566163062784803,0.008735872449265653,0.19689174309200672,0.103106529383655,0.0652997222872955,1,Okay
8844c1a867fffff,33.723561879544874,-84.34666905734441,3.267777499620699,4.036745481493961,0.3732120016354469,0.05293181723523163,0.19841778342353697,0.050858795790735614,0.06665120527626375,1,Okay
8844c1a0a3fffff,33.76223369164773,-84.54754970066459,0.12228226669223191,0.16838109324065748,0.19141644908606545,0.0019807415261333945,0.00827642055819643,0.026084933100745476,0.01225198605918453,2,Less Suitable
8844c1aebdfffff,33.863858855566704,-84.55154044282747,0.0,0.6682715457824514,0.9882586281129483,0.0,0.03284749049625538,0.1346731711075157,0.05715401749263182,1,Okay
8844c1ab5dfffff,33.666777997359354,-84.35924860275615,0.0,1.143091228727953,0.0,0.0,0.05618625917707046,0.0,0.005618625917707046,2,Less Suitable
8844c1a9c3fffff,33.7667361937131,-84.34426773732577,16.504911576406027,13.46268422812145,3.7466025400268865,0.26734836234945253,0.6617300931457958,0.510561537831802,0.40407180562202666,0,Most Suitable
8844c1ae55fffff,33.79104823602016,-84.54599936332332,0.0,0.713116110892623,0.2749997564327368,0.0,0.035051731325543345,0.03747509831845187,0.018495212459935084,2,Less Suitable
8844c1af1dfffff,33.79990732323107,-84.47934623589086,0.7365357734353798,3.1535191330039303,0.0,0.01193048699038314,0.15500463906453252,0.0,0.021465707401644822,2,Less Suitable
8844c1a949fffff,33.69917094947209,-84.31503531239271,0.45687479773576734,2.3138595533430943,0.0,0.007400507928076522,0.11373292813046007,0.0,0.015073546777084269,2,Less Suitable
8844c132e5fffff,33.86986021962474,-84.36685260316966,1.8148203284754032,3.0605877201252376,0.30535893176116774,0.029396658111757384,0.15043678978140568,0.041612240456533535,0.04638690421663268,1,Okay
8844c1a041fffff,33.67498115392557,-84.54279195008576,0.0,0.4530081456360788,0.1990566724798233,0.0,0.02226666817167082,0.027126090833283482,0.013077103150480477,2,Less Suitable
8844c1ae05fffff,33.79627481506352,-84.5220788838075,0.41765712199382476,2.9468286491702065,0.669440182746599,0.006765255728376869,0.1448452005155735,0.09122675958764855,0.0543578517508052,1,Okay
8844c1a8a7fffff,33.797923201954696,-84.3708433560504,11.889684354913003,10.063885205369708,3.718399295453111,0.19259040719017673,0.49466923397394086,0.5067181912884748,0.3484494035078724,0,Most Suitable
8844c1ac1dfffff,33.85308631249019,-84.50954762647066,2.382698647948879,2.4947868675765714,1.2668319241591033,0.038595213221984295,0.12262603194776943,0.1726352471240387,0.10061430865538457,0,Most Suitable
8844c1aa31fffff,33.70635598148693,-84.39949358608233,0.334628486279472,4.412200626883372,0.6761676753970365,0.005420348808786147,0.21687249602918734,0.09214353657604371,0.06125483863772929,1,Okay
8844c1a8e1fffff,33.76994123117499,-84.38183066949752,51.17755516096277,17.84472438612141,7.338199731882579,0.8289796342133146,0.8771201143916965,1.0,0.902201828545827,0,Most Suitable
8844c1a119fffff,33.69987245907442,-84.49422776412209,0.0,0.7469974008412353,0.0,0.0,0.03671709528815955,0.0,0.003671709528815955,2,Less Suitable
8844c1a027fffff,33.70825882501689,-84.50793913051373,0.43420752092288073,1.5338004554690068,0.0,0.007033340899838098,0.07539075425571318,0.0,0.011055745875490366,2,Less Suitable
8844c1a995fffff,33.79551375583911,-84.34266580725631,5.294319543587735,7.527306642894104,2.8807936119991515,0.08575796684401829,0.3699890186486477,0.39257497986636275,0.23690787723341902,0,Most Suitable
8844c1adddfffff,33.87948857003446,-84.47973863264288,11.778562934243954,3.404860895174031,0.575812293162631,0.1907904502682455,0.16735881783557074,0.07846778695064345,0.1435182216979372,0,Most Suitable
8844c1b995fffff,33.64716576058254,-84.38389798794536,0.8207129476847781,1.0377185910844726,0.0,0.013293998062744884,0.05100688750487547,0.0,0.01174768778185999,2,Less Suitable
8844c1a1a7fffff,33.755911030250694,-84.47229409630066,0.0,1.4595256610794032,1.728951163994152,0.0,0.07173993204396206,0.23560971725562424,0.10141788010664592,0,Most Suitable
8844c1aabbfffff,33.76033170893566,-84.43899876700496,0.4842279548652317,3.619809985803536,0.4168028130964931,0.00784357735803356,0.17792419093306588,0.056799055398505,0.04443382993172537,1,Okay
8844c1a8a9fffff,33.78433369628347,-84.38103453945332,55.077957209193144,14.504587046399479,6.322973989551807,0.892158773057626,0.7129426475892712,0.861651933795168,0.8620344248058074,0,Most Suitable
8844c1a11dfffff,33.69908369049056,-84.48482845285419,0.0,0.6303628672787164,0.0,0.0,0.030984168670366356,0.0,0.0030984168670366357,2,Less Suitable
8844c1a8e5fffff,33.769140912277024,-84.37243819137029,34.21146174976716,17.685888980099474,5.405888862360881,0.5541609980786596,0.8693128921289774,0.7366778038043437,0.658682909773965,0,Most Suitable
8844c1ad49fffff,33.811119941694635,-84.44093864146286,3.298876187358107,3.1271317706140587,0.938435358715414,0.05343555717950969,0.15370762344147812,0.12788359447865055,0.09324197872536288,0,Most Suitable
8844c1ace5fffff,33.88108445670387,-84.49856925392058,2.63414481955757,4.6242232151491205,1.208414438565675,0.04266816580264035,0.22729402302222473,0.1646745091054727,0.10993328884573174,0,Most Suitable
8844c1af2dfffff,33.78912714355775,-84.437420924315,1.3687840638871418,4.503541908992791,0.7488151130176919,0.022171713928681364,0.22136218575926847,0.10204343577134921,0.07403944984880721,1,Okay
8844c1ac3dfffff,33.858294765844875,-84.48562137841743,3.0222373626276666,1.9728942256166497,0.8090355852763439,0.04895453124904147,0.09697349039481094,0.11024987256224353,0.07827456368889925,1,Okay
8844c1af13fffff,33.81510148830353,-84.48797104103359,0.8593297617517335,3.005700408362218,0.4018786821661581,0.013919517439335323,0.14773891873949282,0.05476529623745443,0.04363976908859872,1,Okay
8844c13209fffff,33.82670122267167,-84.36924768344058,11.126520784950545,8.514901804587431,0.9256237376022585,0.1802286002401844,0.41853219378845813,0.12613771380201916,0.18242260501974567,0,Most Suitable
8844c1a037fffff,33.72424293172221,-84.52596856088441,0.23314552106238542,1.132590693822166,0.17581373335677797,0.0037765166421273996,0.05567012734009453,0.023958701013943897,0.017038751460650713,2,Less Suitable
8844c1a33dfffff,33.656644096431386,-84.49657065002768,3.876300381509897,0.8050751407004783,0.974199979220336,0.06278873741151482,0.039571785152048365,0.13275735395804086,0.0884544888041786,1,Okay
8844c1a113fffff,33.714279802896314,-84.49344639219552,0.3606188159749477,0.9140667022951154,0.3385266529611274,0.005841343010956893,0.04492903746399603,0.04613211214329813,0.025866420109197305,2,Less Suitable
8844c11697fffff,33.64919213822481,-84.32253540434999,0.0,0.25174452169537437,0.0,0.0,0.01237397557334441,0.0,0.001237397557334441,2,Less Suitable
8844c1a8ebfffff,33.77074092263464,-84.39122431053323,44.886325482370346,16.42547219698996,6.934226956200196,0.7270736080010732,0.8073597406506586,0.9449493349264909,0.8222525120361989,0,Most Suitable
8844c132a5fffff,33.891032350432354,-84.36095352111315,0.0,1.4832973579158193,0.17769291684256253,0.0,0.07290838009601819,0.02421478337125832,0.016976751358105148,2,Less Suitable
8844c1af3dfffff,33.80511761667383,-84.45543882074703,1.1242623207495082,3.624242700414591,0.5368849850779871,0.018210923997511383,0.17814207175109287,0.07316303789679651,0.05618488433258358,1,Okay
8844c1a001fffff,33.69620829298347,-84.53692692759464,0.0,0.9639615462503353,0.0,0.0,0.047381514189923785,0.0,0.0047381514189923785,2,Less Suitable
8844c132e9fffff,33.863875641034156,-84.38135261046293,5.450529223845026,3.413424747508941,0.28941980404168366,0.08828826832467683,0.16777975609032306,0.03944016442946211,0.07669817554315557,1,Okay
8844c1a8d1fffff,33.780733033757514,-84.42371583266619,6.324282558333228,4.960110698686243,2.848977596966301,0.10244142037226026,0.24380386994437464,0.38823930951187263,0.23089682098531666,0,Most Suitable
8844c1a03bfffff,33.71821812547593,-84.5404662396598,0.0,0.5355164511449269,0.0,0.0,0.02632219140645223,0.0,0.002632219140645223,2,Less Suitable
8844c1b9b9fffff,33.646371829099365,-84.37451613354214,0.5063571031692443,0.6522889915701011,0.0,0.00820202772184667,0.03206190146301085,0.0,0.00730720400722442,2,Less Suitable
8844c13265fffff,33.81669141378874,-84.33676768198696,8.112333268812122,4.8267233029743215,2.6870351756771202,0.13140446128473995,0.23724749141738297,0.36617089665775215,0.23589533844720914,0,Most Suitable
8844c1a8adfffff,33.783532589883315,-84.37164087833055,33.07911659213206,13.913648415637002,4.765552574643334,0.535819147405504,0.6838962948299101,0.6494171252845902,0.5960660532995792,0,Most Suitable
8844c1a141fffff,33.66947958125897,-84.47699716714959,0.0,2.8331929212105784,0.430784092278779,0.0,0.13925967391677369,0.058704329129545714,0.037407699043495654,1,Okay
8844c1a9b5fffff,33.80069431308223,-84.3187904326714,7.445043304963963,6.211149097677598,4.524157921439374,0.12059562548933622,0.3052960465612983,0.6165215021039941,0.3374360182423956,0,Most Suitable
8844c1335dfffff,33.8150789900483,-84.31798609198118,7.334481053913124,4.176938107875355,3.229723464668867,0.11880472605801996,0.20530865883454394,0.44012476938131767,0.25598313666499145,0,Most Suitable
8844c1aa87fffff,33.74513741829974,-84.43039029575482,2.73246541883955,5.890307618213095,0.883160308790932,0.044260773620111486,0.289525754508574,0.12035108624174251,0.09922339675761016,0,Most Suitable
8844c1b8a1fffff,33.64273729222145,-84.41713894180239,4.53364910703274,1.2843949488969,0.3769835874070977,0.07343654394155741,0.06313174807993928,0.05137276187362434,0.06358055152822237,1,Okay
8844c1ae41fffff,33.775852589445094,-84.53736244114845,0.1640142459796594,0.6022560628843627,0.45123045573854825,0.0026567206895749033,0.029602637470885672,0.06149062061885134,0.028884872339416556,2,Less Suitable
8844c132e1fffff,33.87066604778745,-84.37625336844108,4.692550967731456,3.453498714766565,0.2713519371489732,0.07601045365536717,0.16974950815735265,0.03697799829159995,0.06977137696005883,1,Okay
8844c1a835fffff,33.753147227898296,-84.35445619325544,24.07920675608602,11.974066401874554,3.2008952263509047,0.39003762383774343,0.5885601965539106,0.43619625293705805,0.428353332749086,0,Most Suitable
8844c1ac8dfffff,33.89027445365078,-84.52172449824175,2.4670426705693584,4.373786122038712,1.4495251005079435,0.03996142692250389,0.21498431136717858,0.19753143188650646,0.12049171735257239,0,Most Suitable
8844c1a321fffff,33.64825918531091,-84.48286863797127,0.0,1.3542064365439506,0.5376597118693764,0.0,0.0665631857814069,0.07326861240003923,0.03596376353815638,2,Less Suitable
8844c1a147fffff,33.67628930947786,-84.47190777327236,0.0,2.939090944906579,0.363105742954948,0.0,0.14446486984181311,0.049481583524818434,0.03423912039410869,2,Less Suitable
8844c1aad1fffff,33.73311851865336,-84.45937105750382,0.19691221942707834,1.741359850308692,0.5462396702051187,0.0031896056605162865,0.08559290230830217,0.07443783082543375,0.03992922539126186,1,Okay
8844c1ab21fffff,33.6847785722924,-84.31583914673243,0.9375344087735864,1.793197628296778,0.0,0.015186284862633577,0.08814087989399601,0.0,0.016407230420716387,2,Less Suitable
8844c1a81bfffff,33.74954806928297,-84.3971127086474,25.329743589051354,16.352977302682678,4.236761354752779,0.41029395619088854,0.8037964057057337,0.5773570507143799,0.5164694389517697,0,Most Suitable
8844c1a91dfffff,33.73554875644894,-84.3177159348197,1.7012175760199908,5.343331979361461,0.5833306569802991,0.02755650830624366,0.26264031069123217,0.07949233848812787,0.0718392206174962,1,Okay
8844c1a191fffff,33.7598674251815,-84.51932016125579,0.17681136747634338,0.8938937409372476,0.46548237993356345,0.0028640098628059923,0.043937477729535025,0.06343277601332695,0.03119886310968728,2,Less Suitable
8844c1aeedfffff,33.82666466524834,-84.53935197324844,0.0,1.2434389807114608,0.267521234137751,0.0,0.06111864310154162,0.03645597611297502,0.02069425475534417,2,Less Suitable
8844c1325bfffff,33.82910974101363,-84.39744281160141,2.6425150615451063,6.587275816055879,1.6841835215314434,0.04280374789755053,0.3237837689329766,0.22950908711493664,0.1455838856880476,0,Most Suitable
8844c1ac15fffff,33.85988766989814,-84.50444959402245,1.6236294787443732,2.9542433719803127,1.3275066162525742,0.02629972782314802,0.14520965571133104,0.18090358190782155,0.10003226224583574,0,Most Suitable
8844c1ac39fffff,33.85909153400834,-84.4950349056462,2.985428545108188,2.2324539057047663,1.2300292557881798,0.04835829799821207,0.10973160373767801,0.1676200295344948,0.10220032118667176,0,Most Suitable
8844c1ade7fffff,33.88308375420191,-84.43699181840158,0.0,1.9037593140347542,0.18145151139725216,0.0,0.09357530837512483,0.024726979099368517,0.01924832247725989,2,Less Suitable
8844c1a883fffff,33.79353053225406,-84.40412711724403,16.785024928613026,7.389585802992519,4.1098768962249395,0.2718856690558883,0.36321963873362095,0.5600660988237467,0.3962912379308049,0,Most Suitable
8844c1a997fffff,33.803109643504406,-84.34696101936272,3.9521269465917976,6.916955228868674,2.976537433148554,0.064016984403532,0.3399884711195705,0.40562229728039007,0.22825625822587908,0,Most Suitable
8844c1aab7fffff,33.76633649543875,-84.42450653122026,0.39224699565350446,5.661454903126627,2.440131357836421,0.006353659723591935,0.2782769778229777,0.3325245219525277,0.16401433642510482,0,Most Suitable
8844c1a941fffff,33.70596589209513,-84.30994365656689,0.11562359051548766,2.822133651041727,0.16686722854278613,0.0018728835613677618,0.1387160786162413,0.02273953212499671,0.023903862492306697,2,Less Suitable
8844c1a809fffff,33.725959503314776,-84.37482887586712,4.445725288999852,7.329932081787706,2.2190418832295187,0.07201234432353544,0.3602874848020225,0.3023959505474287,0.19299330086094146,0,Most Suitable
8844c1a04dfffff,33.66738231823083,-84.5384781807172,0.0,0.5410240358415068,0.42724706014199976,0.0,0.02659290521601061,0.058222326422340605,0.025948221090537307,2,Less Suitable
8844c13233fffff,33.86226477131129,-84.36255226482655,2.985343723572373,3.7342200894913375,0.5952368389905719,0.04835692404970061,0.18354778035158656,0.08111483207583216,0.07497917289034181,1,Okay
8844c1aa03fffff,33.69275092278068,-84.40967567460832,0.8815289466466305,4.642060544748824,0.7876363514029916,0.014279102263505327,0.22817077966135232,0.107333730367261,0.0728901212447923,1,Okay
8844c1ac59fffff,33.832677330782936,-84.52483958890717,0.23470845886523303,1.5539386168191573,1.1230981150797763,0.003801833279548389,0.07638060346856065,0.1530481802233054,0.07075824907595243,1,Okay
8844c1a045fffff,33.67419710304898,-84.53338922638936,0.0,1.1631339970494803,0.4395612642166005,0.0,0.05717141954506005,0.05990042248466209,0.029677310948370842,2,Less Suitable
8844c1a033fffff,33.72503004306319,-84.5353748598164,0.0,0.7964525498091883,0.0,0.0,0.03914795972637784,0.0,0.003914795972637784,2,Less Suitable
8844c1aac7fffff,33.72393461631573,-84.43627210800642,0.5153940058212821,4.229106574667941,0.5042503303131007,0.008348408459092632,0.20787289073696213,0.06871580888187924,0.05244781685599423,1,Okay
8844c1a187fffff,33.75068905195737,-84.49619422998364,0.0,1.4073017093718259,0.8790273218425904,0.0,0.06917297289656484,0.11978787086203775,0.05483244563447159,1,Okay
8844c1ae29fffff,33.795483152973794,-84.51266780444061,0.9230477351018631,2.743265166534475,0.5583795686888242,0.014951628138536815,0.13483946317203177,0.07609217370614887,0.051396629868931135,1,Okay
8844c1a833fffff,33.761544476730705,-84.36814126219768,29.91901770201716,17.382302581076793,4.927080005736218,0.48463152006054677,0.8543907374754914,0.6714289860944137,0.596326428215588,0,Most Suitable
8844c13235fffff,33.8538629918987,-84.348855507905,2.914199116282043,4.354851613578563,1.0187130929001988,0.04720451592191309,0.21405362519533536,0.13882329864560025,0.1005369399387302,0,Most Suitable
8844c1ad8dfffff,33.88468611233882,-84.45581316520901,11.131416227289762,3.442836913247946,0.0,0.18030789715045906,0.16922544959722685,0.0,0.10707649353495222,0,Most Suitable
8844c1ad55fffff,33.83311135470281,-84.44445796194749,0.8373777112512045,0.7128155505493249,0.8521832970580329,0.013563935725106785,0.03503695791033161,0.11612974955635467,0.056737563476128426,1,Okay
8844c1b883fffff,33.64510757936602,-84.44530186354937,9.847723093863465,0.9118633766951081,0.36903378267805054,0.1595144954171619,0.044820737601218456,0.05028941650016615,0.10435508806876925,0,Most Suitable
8844c1a0a1fffff,33.75463560277775,-84.54323180807631,0.13355004847226115,0.28206047549452434,0.20572882731930617,0.0021632582874172366,0.013864092892549662,0.028035326760794975,0.013682169137281576,2,Less Suitable
8844c1af55fffff,33.78550713793955,-84.48013002677345,0.15362559081888233,2.973548007869368,0.6229958590158258,0.0024884441173927624,0.14615853472301626,0.08489764271597433,0.04981913261738774,1,Okay
8844c1a881fffff,33.78593402574141,-84.39982535116083,28.832300466507775,9.21941789763225,5.104510308644391,0.46702875545890676,0.45316120921908387,0.6956079822230261,0.5570736915405723,0,Most Suitable
8844c1aa95fffff,33.75352963491767,-84.44409237064042,1.0386026858319048,3.4685277264806116,0.4819398212409177,0.016823399865154902,0.17048822780292314,0.0656754842944672,0.051730716430656645,1,Okay
8844c1ad63fffff,33.83071227540397,-84.41624538267948,0.26092584340043007,2.0236268661045402,1.2867796808404381,0.00422650534083895,0.09946714725749355,0.1753535918693673,0.08220140414391575,1,Okay
8844c1a993fffff,33.80391349981993,-84.35635354485747,6.814494793457159,7.793357563758024,3.4404771755336263,0.11038193175624102,0.38306619535885067,0.4688448531300727,0.28103552666603465,0,Most Suitable
8844c1a1c7fffff,33.72947579828285,-84.50206765568741,0.7570145952231906,1.3675724039388233,0.591019893117023,0.012262205184841331,0.06722016196084649,0.08054017534425978,0.045069188926209224,1,Okay
8844c1a193fffff,33.76746525376199,-84.52363536763814,0.28222521419947233,0.739946012169163,0.5703768156007183,0.00457151487789929,0.03637049902223579,0.07772707699990485,0.03701363814113516,1,Okay
8844c1a9a3fffff,33.79309866821947,-84.31449874117729,6.263854840733997,7.873689107375091,4.450071583742612,0.10146260559546595,0.3870147244143884,0.6064255193829357,0.3320029829923461,0,Most Suitable
8844c1acc3fffff,33.88426863434362,-84.53624443227852,2.2438320414904,2.6804907722090174,1.6085120861915798,0.03634583674699778,0.13175391907842626,0.21919709805703586,0.11902714950415585,0,Most Suitable
8844c1aa49fffff,33.657141636785745,-84.41634823170502,9.234339057742863,3.0693612884103203,0.5237281220389503,0.14957883373312342,0.15086803618517866,0.07137010999625523,0.11842426448358168,0,Most Suitable
8844c1ab4dfffff,33.650787034819444,-84.34128868149178,0.0,0.3563921640781563,0.0,0.0,0.017517711619444112,0.0,0.0017517711619444113,2,Less Suitable
8844c1b8b5fffff,33.65793314675174,-84.42573589541794,7.48384607512298,2.398249825078373,0.5734837368676563,0.12122415700303818,0.11788095547996415,0.07815046712016,0.10366036089757949,0,Most Suitable
8844c1aaadfffff,33.73594854797934,-84.40729896916898,3.73845810654062,9.29766811656321,2.4131587938091505,0.06055595316999004,0.4570074351116664,0.32884888419220865,0.20751827377304513,0,Most Suitable
8844c1ac57fffff,33.84628413669143,-84.51464530312981,2.189591057681594,2.269833501933132,1.313849343471982,0.03546723536059367,0.11156891963061716,0.1790424615677394,0.10050749427045431,0,Most Suitable
8844c1ac27fffff,33.85669933380294,-84.46679780857534,4.063973687933949,1.4526188093805832,0.45092161471776837,0.06582869014903216,0.07140044019073584,0.06144853386296242,0.06463380263877463,1,Okay
8844c132adfffff,33.88424440269986,-84.36605382372214,0.9402923942791079,2.120394643563205,0.20573381338805297,0.01523095901340811,0.10422356501982036,0.028036006228365905,0.029252238500032453,2,Less Suitable
8844c1ae3dfffff,33.810677994563925,-84.52130033515151,0.40520316878991747,2.0491190864751063,0.5348619642918168,0.006563525232673943,0.10072016404630534,0.07288735436948929,0.04250872076876322,1,Okay
8844c10691fffff,33.790677946559384,-84.28634216557182,2.259709592547746,4.010762387143094,2.462053244326059,0.03660302305506436,0.19714063875062696,0.33551188769488993,0.17222033048055085,0,Most Suitable
8844c1a8b7fffff,33.813917480478395,-84.38883884437367,7.963213630252654,8.017851710797238,2.7868142569764376,0.12898900507472266,0.39410073574572524,0.3797681119074003,0.25581182087489396,0,Most Suitable
8844c1a8a1fffff,33.79112885772364,-84.37593912427029,25.81344876276588,13.057992614419977,5.074410374784901,0.41812906548268247,0.6418383230728847,0.6915061677509133,0.549850832148995,0,Most Suitable
8844c1ab67fffff,33.670385141675574,-84.31664277046204,0.2563377376014705,0.4557788447760396,0.0,0.004152186701447307,0.02240285609444297,0.0,0.00431637896016795,2,Less Suitable
8844c1a98bfffff,33.78112550731198,-84.34346687735162,9.092997020177013,11.456754151218345,3.8193193514542836,0.1472893599543979,0.5631327945580189,0.5204708908181294,0.33814631576025256,0,Most Suitable
8844c13341fffff,33.80667641411623,-84.30430604288713,4.46786158330435,6.246479418663379,3.1509684440454615,0.07237091043904575,0.30703263461466407,0.42939257027242245,0.23864574678995826,0,Most Suitable
8844c1a989fffff,33.77352945174927,-84.33917298085882,9.130843563338018,13.748953995258619,3.1525801795075377,0.14790240239863292,0.6758010849675312,0.42961220663024374,0.3133761923481671,0,Most Suitable
8844c1ac07fffff,33.85149482415336,-84.49071943880126,5.977379241757335,1.7848024378795457,1.04705856677881,0.09682224252021181,0.0877282318631399,0.14268602723221221,0.11425835533930478,0,Most Suitable
8844c13003fffff,33.88860660941451,-84.33275463995153,1.2909021899299498,1.5549383187532164,0.0,0.020910174818776255,0.07642974172678119,0.0,0.018098061582066248,2,Less Suitable
8844c1accdfffff,33.8690749436822,-84.52760227867992,3.1181159592203835,4.225586749471709,2.1962948131884095,0.050507583239945156,0.20769988108929516,0.29929613439738867,0.16574223348785755,0,Most Suitable
8844c1acadfffff,33.89547962677105,-84.49778709641596,0.7063685835592497,2.3170392013732584,0.8421658577858699,0.01144183555031135,0.11388921708082973,0.11476464099592129,0.06301569588160717,1,Okay
8844c1a315fffff,33.658215033355276,-84.51536563404092,3.34479721399466,0.9007735149778755,1.084826023858093,0.05417939098993967,0.04427563863709142,0.14783271967166614,0.09065034722734544,0,Most Suitable
8844c1a89bfffff,33.802725139830216,-84.42722987061944,6.433175066158259,4.344801210170182,1.7740647302308172,0.10420527312023639,0.21355961863090234,0.24175748753784462,0.17016159343834628,0,Most Suitable
8844c1a1a9fffff,33.74230019017265,-84.48248016487568,0.0,1.2115257501473482,0.9655844893222089,0.0,0.05955001498281465,0.13158329353274403,0.058588318911379084,1,Okay
8844c1322dfffff,33.831076598231,-84.33596549485827,6.252625171701443,3.93884856780217,2.579814589861146,0.10128070618863294,0.1936058653306624,0.3515596037339403,0.21062478112095884,0,Most Suitable
8844c1ada9fffff,33.89067967945391,-84.4413020482175,0.0,1.8413217379167461,0.0,0.0,0.09050631987622929,0.0,0.00905063198762293,2,Less Suitable
8844c1b9b7fffff,33.65997675472781,-84.36433813166148,0.1288307845228746,1.0128273319472672,0.0,0.0020868151339642426,0.049783409708896775,0.0,0.0060217485378717996,2,Less Suitable
8844c1aa1bfffff,33.701935477153185,-84.43275843839723,0.0,4.40424865714906,0.5729330457588413,0.0,0.21648163358423844,0.07807542267752614,0.0528783324294343,1,Okay
8844c132a9fffff,33.88505101727898,-84.37545577404856,2.405623234789377,2.072054987494929,0.19500075394214056,0.03896654818618406,0.10184753030262195,0.026573377812941334,0.04029737824853076,1,Okay
8844c1ab5bfffff,33.67517132054629,-84.37292366899726,0.0,1.3868887498552798,0.0,0.0,0.06816961655444329,0.0,0.006816961655444329,2,Less Suitable
8844c1a805fffff,33.73195836887176,-84.36034845567913,6.948027928062145,6.3268698601562505,2.3999944670802402,0.11254491607098677,0.3109840586721332,0.32705493919072354,0.21819283957899613,0,Most Suitable
8844c11695fffff,33.64159512697012,-84.31824938642067,0.0,0.20195477775273663,0.0,0.0,0.009926664818774007,0.0,0.0009926664818774007,2,Less Suitable
8844c1ab47fffff,33.665184017799966,-84.34048832024146,0.0,0.588976126801979,0.0,0.0,0.028949889980722468,0.0,0.002894988998072247,2,Less Suitable
8844c1a1d7fffff,33.745460907177524,-84.52009858817082,0.0,0.8303279719037944,0.3042095460458966,0.0,0.04081303526689988,0.04145560998076747,0.020663547518996978,2,Less Suitable
8844c1ae37fffff,33.82508010435134,-84.52052158189461,0.13519458113131652,1.5287609720206732,0.49348659750266594,0.0021898966072406005,0.07514304898422602,0.067249000508748,0.03550885340554211,2,Less Suitable
8844c1aa51fffff,33.679934985094505,-84.42924636788943,1.0591909586622121,5.1691396381113135,1.5571636222504068,0.017156890959566747,0.2540782503882826,0.21219967827871106,0.11886614183009606,0,Most Suitable
8844c1aa43fffff,33.67154493059085,-84.41555731427647,2.9878074329268025,4.010168170533226,0.7763259819064222,0.04839683148320382,0.1971114312756588,0.10579243006067097,0.08622653089343618,1,Okay
8844c1a9c5fffff,33.758337255929106,-84.33058767573431,5.826223146623268,10.72927243088349,2.182529261970279,0.09437379956393452,0.527374951738421,0.2974202586075375,0.21889249839882435,0,Most Suitable
8844c1af45fffff,33.76951860716848,-84.46210660977849,0.0,3.032941579179562,0.6358393677504887,0.0,0.14907790153051068,0.08664786882100405,0.04956693768145269,1,Okay
8844c1b895fffff,33.65270576076887,-84.44960343687579,4.591987679260116,1.4338163570703568,0.40152687228485406,0.0743815185131928,0.07047624496281645,0.05471735397720557,0.06612532534376027,1,Okay
8844c1ad3bfffff,33.861097034483315,-84.4334726905144,2.5175414891449144,1.0318761432714765,0.3285071679914756,0.040779412307294226,0.05071971419901885,0.04476672480911047,0.04336836749719319,1,Okay
8844c1ae5dfffff,33.7842394120892,-84.55109385175389,0.0,0.2828744291083387,0.2196711750573296,0.0,0.01390410108048299,0.029935295179131637,0.013364528179700954,2,Less Suitable
8844c1accbfffff,33.877466193623846,-84.54134345898497,1.94862766853339,1.8632169672324768,1.565031615164794,0.031564084036412275,0.09158253409094601,0.21327187489393848,0.11024904538487613,0,Most Suitable
8844c1a9dbfffff,33.77593629258119,-84.36734346245127,32.08659011614055,16.822784449646015,4.879723158221917,0.5197420950252825,0.8268887936614149,0.664975516681671,0.6085501335514512,0,Most Suitable
8844c1a98dfffff,33.77272591846165,-84.32978514869751,3.3839157088175416,12.135162428797178,2.899560820815241,0.05481303664626801,0.5964785349101093,0.39513244756985827,0.24510735084208826,0,Most Suitable
8844c1ac41fffff,33.82349301412238,-84.50169582878105,0.20273498691411992,1.917839403028391,0.4769246256445351,0.0032839234849284774,0.09426738570854383,0.06499204751438163,0.037065519319071275,1,Okay
8844c1aa19fffff,33.69433788069922,-84.42845691311616,0.0,4.675178985934648,0.7789758582770883,0.0,0.22979864738812864,0.10615353720785764,0.06544127962195592,1,Okay
8844c1a267fffff,33.63933390680529,-84.54942895618383,0.0,0.15544636104285195,0.17891685571939175,0.0,0.007640640843168223,0.024381573445329423,0.010516693462448592,2,Less Suitable
8844c1b8bbfffff,33.659514286809184,-84.44451469962394,3.0309929849158426,3.1250799178124673,0.4951678191970944,0.049096355776198614,0.1536067689073814,0.0674781059781895,0.06690009717011325,1,Okay
8844c1aa59fffff,33.6731288991891,-84.43433616508723,2.7778747084583486,4.982671487520602,0.9246982254134217,0.04499631825837494,0.24491279834556365,0.126011591289325,0.09739407547947383,0,Most Suitable
8844c1a159fffff,33.67865302249777,-84.5000986384996,0.0,1.8047390812263413,0.5358939388541275,0.0,0.08870817587990085,0.07302798485108099,0.03808201152842248,1,Okay
8844c1325dfffff,33.82071149457206,-84.38374204652906,7.479565972795109,7.860221529735688,1.9364934931547293,0.1211548274375481,0.38635275379584305,0.26389217572549384,0.2047695593885559,0,Most Suitable
8844c1ac5bfffff,33.84027452248366,-84.52915842934425,0.22881175161802975,1.8066371234295742,1.185253214232088,0.0037063177708165796,0.08880147017564881,0.16151825482242865,0.07534060783194463,1,Okay
8844c1a855fffff,33.72675745878245,-84.38421780676994,3.8838817220350474,8.597439742603518,2.4837369291968523,0.06291154079427937,0.4225891735471721,0.338466792939099,0.20910140492749651,0,Most Suitable
8844c13307fffff,33.83463198937474,-84.2933043255271,1.3453906386036012,1.3265862326240712,0.74061590829096,0.021792784668118747,0.06520557241078133,0.10092610386075697,0.0577873911194403,1,Okay
8844c1af23fffff,33.804320754173034,-84.44603467571343,1.7234234540649578,3.501898885911132,0.8349281005777485,0.02791620154679032,0.17212851736659085,0.11377832862060186,0.07668228395829499,1,Okay
8844c11493fffff,33.69756740191535,-84.29627959855952,0.25347685922883334,2.359961485196773,0.0,0.004105845880761004,0.11599897219290727,0.0,0.01365282015967123,2,Less Suitable
8844c1a953fffff,33.72955674572391,-84.33219209857842,1.2028610340858459,3.980756491528999,0.17202834653019403,0.01948407455005858,0.19566576169318528,0.023442854217060268,0.03868575513117193,1,Okay
8844c1a317fffff,33.6658137417804,-84.51967623092791,0.901044325106995,1.379556131621724,0.7240821574922525,0.014595214497603362,0.06780919703746777,0.09867299664062058,0.05354772560879669,1,Okay
8844c11691fffff,33.642392803716746,-84.3276242738758,0.0,0.39209068385605417,0.0,0.0,0.019272397714543265,0.0,0.0019272397714543265,2,Less Suitable
8844c1a15bfffff,33.68625141291693,-84.50440821463341,0.0,1.9638880574970037,0.4477991381860851,0.0,0.09653081103252958,0.061023023976918174,0.034062290694020225,2,Less Suitable
8844c1a103fffff,33.69829429295868,-84.47543029957069,0.0,1.0014472329092003,0.0,0.0,0.04922404473614207,0.0,0.004922404473614208,2,Less Suitable
8844c1ab1bfffff,33.69636959597611,-84.36703621476794,0.0,2.244307936217384,0.18576065078861698,0.0,0.11031426382108712,0.025314199337139194,0.02115710611696439,2,Less Suitable
8844c1a9bdfffff,33.79390432379914,-84.32388659797805,7.285755904197114,7.118831986249146,5.418237681647285,0.11801547075534818,0.34991130101008416,0.7383606169925363,0.38934311227569707,0,Most Suitable
8844c13007fffff,33.88779677206859,-84.32335734675243,3.40496174500795,1.8030790680825306,0.0,0.05515394264163828,0.08862658140485681,0.0,0.03643962946130482,1,Okay
8844c1aa47fffff,33.67075200638984,-84.40616962820592,3.252810930357977,4.092396525232912,0.5687642655234832,0.05268938710988044,0.20115319411378502,0.07750732963186457,0.07746294481906456,1,Okay
8844c1aad3fffff,33.7407160523433,-84.4636779060893,0.0,0.9422347693418814,0.7421326551343014,0.0,0.04631357990105759,0.1011327958150181,0.045084476316113,1,Okay
8844c13021fffff,33.88617521353133,-84.30456626286545,2.8838004747993335,2.5215853946452174,0.0,0.04671211540341118,0.12394325751087541,0.0,0.03575038345279313,2,Less Suitable
8844c1a145fffff,33.66869112743375,-84.46760254049389,0.0,3.104458540706355,0.5441725824409577,0.0,0.1525931682344399,0.07415614214977942,0.04492177368335576,1,Okay
8844c1a33bfffff,33.66502850950099,-84.51027699005527,2.659091340354854,1.729509216334259,0.9118853095855608,0.043072252274148896,0.08501040917462548,0.12426553417777049,0.07974338072564519,1,Okay
8844c1aa93fffff,33.761921350088706,-84.45779878216635,0.0,2.078384158501831,0.6910371957337713,0.0,0.10215862746935074,0.09416985377645058,0.04788380425751531,1,Okay
8844c1ab6bfffff,33.66438609141715,-84.33110992177605,0.0,0.48384582163046974,0.0,0.0,0.02378242965447696,0.0,0.002378242965447696,2,Less Suitable
8844c1a131fffff,33.711909253448425,-84.46524837776313,0.2085710474379066,2.0407081597788665,0.3537928624412604,0.0033784566314033165,0.10030674253155873,0.048212487444859536,0.03100489754680135,2,Less Suitable
8844c1ab57fffff,33.68117550798913,-84.3584503912451,0.0,1.1897377468596855,0.0,0.0,0.058479071239301045,0.0,0.005847907123930105,2,Less Suitable
8844c1a8d9fffff,33.7739334085712,-84.42881049797417,0.5546792342631998,5.087683374844851,1.7092512730365572,0.008984754884812643,0.2500744380901354,0.23292514996700114,0.12266988123822033,0,Most Suitable
8844c1ab11fffff,33.69557196534941,-84.35765197048111,0.0,1.5350605126758632,0.0,0.0,0.07545268973297263,0.0,0.007545268973297263,2,Less Suitable
8844c1a801fffff,33.73275765804216,-84.36973623397995,7.171393061322129,9.33387091302763,2.7440052542763564,0.1161630089221105,0.4587869078728634,0.3739343918855689,0.2535339520025691,0,Most Suitable
8844c1ac43fffff,33.83109008937505,-84.50601148708428,1.9404451733633188,1.4515864530178022,0.49423344829787075,0.03143154308497949,0.07134969687235096,0.06735077626063438,0.04979105173397859,1,Okay
8844c1aac9fffff,33.71032574344089,-84.44645549552718,0.0,2.9302454275621734,0.4011091983519255,0.0,0.14403008693247252,0.05466043621151518,0.036267183177853324,1,Okay
8844c13057fffff,33.8826292863266,-84.34725342117031,0.7917996817751581,2.6090894726255245,0.19423202345455765,0.012825657820185745,0.1282443374954741,0.02646862044523942,0.02982471083773605,2,Less Suitable
8844c1a227fffff,33.6605667204465,-84.54356677999525,0.0,0.6491231907511399,0.3964418963090407,0.0,0.03190629314335374,0.05402440800113457,0.024800392514789202,2,Less Suitable
8844c114d5fffff,33.667983627935456,-84.28851801571075,0.0,0.0,0.0,0.0,0.0,0.0,0.0,2,Less Suitable
8844c1a115fffff,33.705892285217786,-84.47973768226252,0.0,0.9277415796933008,0.0,0.0,0.04560119746872647,0.0,0.0045601197468726476,2,Less Suitable
8844c1a1a5fffff,33.7483135563425,-84.4679855856243,0.0,1.191570688250639,1.3216259577513871,0.0,0.05856916564074536,0.18010220572346436,0.07789779885346029,1,Okay
8844c1ade1fffff,33.87628921206579,-84.44209133762817,0.7751447210466588,2.3058319410419994,0.202125632549966,0.01255587894526442,0.11333834763330737,0.027544307859567033,0.02862949737978976,2,Less Suitable
8844c1a9cbfffff,33.75994211902456,-84.34936214147262,24.034456189224667,12.975558275962385,3.59580136086641,0.38931274926272935,0.6377864355338447,0.49001137775571624,0.45443956928703566,0,Most Suitable
8844c1aa29fffff,33.68356415666645,-84.38660306647017,0.0,2.4017416133592486,0.5363757372839478,0.0,0.1180525870316812,0.07309364106751334,0.04104271513017346,1,Okay
8844c1a9a9fffff,33.778712785484586,-84.31530335600614,5.799248924743838,10.349916413896207,3.5365722451145345,0.09393686816859005,0.508728499945988,0.4819400362937852,0.29061729859640795,0,Most Suitable
8844c1ae69fffff,33.774272879535545,-84.51854152987295,0.13075878495185894,1.453316824951816,0.6045575708066413,0.0021180450957190722,0.0714347496866092,0.0823849980779339,0.04115649674769402,1,Okay
8844c13349fffff,33.79988795003795,-84.30940256799711,5.369609490432955,6.4811597905109855,3.7474162914102482,0.0869775216351643,0.3185678575828905,0.5106724303412858,0.2796145187123855,0,Most Suitable
8844c1a947fffff,33.71276001964535,-84.3048516494251,0.0,2.853742901987457,0.19660214441233387,0.0,0.14026976525243937,0.02679160442555801,0.02474361829546714,2,Less Suitable
8844c1adebfffff,33.877089998944705,-84.45150141720744,6.26634924957582,3.5319609044539626,0.18133034587820748,0.10150301030262263,0.17360615302924307,0.024710467485693263,0.07799630744851292,1,Okay
8844c13053fffff,33.88343715895665,-84.356653039333,0.1506797759217974,2.571904518614475,0.2054261994343914,0.002440727485596558,0.12641658883373583,0.027994086688846547,0.025059657301710482,2,Less Suitable
8844c1a0adfffff,33.747037481949334,-84.53891474799589,0.0,0.7032130090911966,0.21179601577051513,0.0,0.03456496506359674,0.028862121979361815,0.015001345298104402,2,Less Suitable
8844c1a107fffff,33.697504266753626,-84.46603330456328,0.0,1.7966939070388788,0.34708458046981694,0.0,0.08831273216494515,0.047298328357270554,0.027750604559402738,2,Less Suitable
8844c13049fffff,33.85305606514792,-84.33945942401488,5.309018167012568,4.292645821854669,1.033033402962011,0.08599605675339037,0.21099602957367794,0.1407747732013546,0.12040754061460482,0,Most Suitable
8844c1b88bfffff,33.63829813472981,-84.45038990635366,5.037608891194661,0.599495762421413,0.0,0.08159973962800238,0.029466960673338666,0.0,0.043746565881335055,1,Okay
8844c1ae27fffff,33.80909247142936,-84.50247695911017,0.7547563680261767,2.743458149285814,0.44922163807381643,0.012225626173791209,0.1348489488356524,0.06121687259643052,0.04408445700903306,1,Okay
8844c1af01fffff,33.79151537476359,-84.46562980105486,0.0,3.541533709479929,0.375941201175612,0.0,0.17407668424383305,0.05123071256049966,0.03789995344858317,1,Okay
8844c1af49fffff,33.763508473667606,-84.47660343831014,0.0,2.379013467395629,1.1107382808156112,0.0,0.11693543254074237,0.15136386598878482,0.07223908964958817,1,Okay
8844c1acebfffff,33.88267781221138,-84.51740452125006,5.501153963604916,5.917011294767937,1.8693044888766517,0.08910829339457915,0.29083831789300363,0.25473611473874275,0.17553242438208705,0,Most Suitable
8844c13065fffff,33.86420182841569,-84.30107989907538,2.7498159788251946,3.525939071350198,0.4356339669162095,0.04454181988785636,0.17331016241450825,0.05936523709261996,0.063348021022427,1,Okay
8844c1a125fffff,33.6951304188481,-84.43784927210919,0.6379807829013191,4.885868384650939,0.6544418656501032,0.010334082477782634,0.24015464423652363,0.08918289083993212,0.06485566199851653,1,Okay
8844c1a8ddfffff,33.773136229624164,-84.41941220819872,6.986628888530672,4.844215684429579,3.1127772313701456,0.11317017864925644,0.23810729285174703,0.4241881312995522,0.2500710711296238,0,Most Suitable
8844c1a1cdfffff,33.715068727462075,-84.5028480467939,0.7159114720839544,1.3095029650942762,0.0,0.011596412302046893,0.06436588011597785,0.0,0.012234794162621233,2,Less Suitable
8844c1aea3fffff,33.86306588519169,-84.54211995312478,1.0533953166497256,1.3690908318265063,1.239936089469614,0.01706301251655728,0.06729479710867627,0.16897006551653435,0.08284901217576,1,Okay
8844c1a987fffff,33.787113517006546,-84.32898241114091,7.6952877566845395,8.29175623935098,3.831281744135779,0.12464911247984944,0.4075639401202524,0.5221010444141839,0.31192136801762355,0,Most Suitable
8844c114dbfffff,33.66958526047611,-84.30726668898727,0.27576194226839784,0.29381206607393395,0.0,0.004466822092470372,0.014441717755240889,0.0,0.0036775828217592748,2,Less Suitable
8844c1af19fffff,33.8007015867943,-84.48875385044325,0.8566731873836513,2.9277390805790087,0.3630073299029726,0.013876485957253252,0.14390689268721488,0.04946817246276354,0.041116201232453534,1,Okay
8844c1a8edfffff,33.76234471537287,-84.37753256746022,37.56606671133834,18.630407243033364,6.100633172987943,0.6084992560362155,0.9157387123828304,0.831352838010428,0.728364634460562,0,Most Suitable
8844c1a887fffff,33.79273060221342,-84.39472995650225,25.88837749162606,9.104374544785768,4.830501280176703,0.41934276922541147,0.44750649376227414,0.6582678935801414,0.5177291914209897,0,Most Suitable
8844c13217fffff,33.856280002384345,-84.37705075339468,10.82487773924738,3.958491661668095,0.5551924615167978,0.17534255320445694,0.19457138053649473,0.0756578563955721,0.13739155721410679,0,Most Suitable
8844c1ab4bfffff,33.659180784294556,-84.35495741877644,0.11313735395722638,0.7110832550048595,0.0,0.0018326112297537786,0.03495181054502383,0.0,0.0044114866693792726,2,Less Suitable
8844c1a8b5fffff,33.80632130342076,-84.38453810709966,8.069552095439299,8.833079466763458,3.4497152126830684,0.1307114871607851,0.43417155147233305,0.4701037500648761,0.2968143987535763,0,Most Suitable
8844c1ad35fffff,33.85949387657098,-84.41466072216083,1.1271441850046509,0.7257961593788955,0.2940762826976506,0.01825760474981709,0.035674992595267505,0.04007471770221316,0.02872618871532056,2,Less Suitable
8844c1a909fffff,33.72035629095092,-84.30913891648534,0.0,3.0826384636181383,0.22110151912809403,0.0,0.1515206479703255,0.030130212750610365,0.027204149897276698,2,Less Suitable
8844c1ab55fffff,33.67357842624736,-84.35415872193254,0.0,1.258004882110806,0.0,0.0,0.06183459952794339,0.0,0.006183459952794339,2,Less Suitable
8844c1aacdfffff,33.70953304614961,-84.43706079349819,0.0,3.3804167140867922,0.4505048640113603,0.0,0.16615731522631075,0.06139174190830938,0.041172428285954826,1,Okay
8844c1af03fffff,33.79911242895527,-84.46993978170681,0.6555097896168053,3.745756767319598,0.0,0.010618019245168711,0.18411484162737146,0.0,0.0237204937853215,2,Less Suitable
8844c1af35fffff,33.81191751184122,-84.45034279878946,2.5998860340544887,3.535301283803601,0.7762624970649703,0.04211323824923116,0.1737703423915369,0.10578377877782622,0.08074716487489977,1,Okay
8844c1a90dfffff,33.719553331907804,-84.29975929101144,0.0,3.6521755151567694,0.2380373189036487,0.0,0.17951505085302827,0.03243810847358626,0.03092674847473733,2,Less Suitable
8844c13047fffff,33.86663062060587,-84.32926120091582,5.640772997367297,3.5012897047120584,0.8065604722065831,0.09136985776930412,0.17209857433853085,0.1099125809702735,0.10685981870661454,0,Most Suitable
8844c13039fffff,33.895391613592466,-84.32765395745005,1.5472639064783194,0.9714155449856094,0.0,0.025062749933827275,0.047747899911658113,0.0,0.017306164958079448,2,Less Suitable
8844c1a225fffff,33.65296775089243,-84.53925350198232,0.0,0.4271887403042573,0.44070015855424527,0.0,0.020997569290222916,0.060055623266768984,0.026122006235729887,2,Less Suitable
8844c13359fffff,33.81588551531526,-84.32737630413817,6.962710820955079,4.263349715982736,2.8975014439990128,0.11278275117548317,0.2095560407468622,0.3948518096897961,0.23528770353834627,0,Most Suitable
8844c1326bfffff,33.81830132924867,-84.35555393360904,9.000174721046912,7.595540473140336,2.7414447833579167,0.14578581420396697,0.3733429098994146,0.3735854683059455,0.25966138541430317,0,Most Suitable
8844c1a9edfffff,33.756729889652455,-84.31181786728229,5.682073401637349,9.695679137779765,1.9937951617442555,0.09203884623342608,0.47657083462990907,0.2717008577841963,0.20235684969338247,0,Most Suitable
8844c1a039fffff,33.710619696965104,-84.53615099557744,0.0,0.6307878522310638,0.0,0.0,0.03100505791706762,0.0,0.003100505791706762,2,Less Suitable
8844c1a025fffff,33.70066059843547,-84.50362823308247,0.0,1.3543997846948477,0.0,0.0,0.0665726894054788,0.0,0.00665726894054788,2,Less Suitable
8844c1a9c9fffff,33.75234581674798,-84.34506838726108,13.850205582698317,10.215176040270757,2.042041828548906,0.22434714439978465,0.502105618618695,0.278275585723943,0.27369436835133903,0,Most Suitable
8844c1a8e9fffff,33.76314432683987,-84.38692503560475,52.97760578969712,19.500467270911773,6.90097735938134,0.8581370511137584,0.9585046937825703,0.9404183057866876,0.9010863172498114,0,Most Suitable
8844c1adc9fffff,33.864295780875224,-84.47111058351848,10.491497312413236,2.6767562746923637,0.26388982366558467,0.16994242059902812,0.1315703576617226,0.035961112167477764,0.11251269093267743,0,Most Suitable
8844c13029fffff,33.879391512484126,-84.30966661655637,3.818197712816099,3.6517143666469893,0.342270121141694,0.06184758403110984,0.17949238406227835,0.04664224655191912,0.06752992904255041,1,Okay
8844c13301fffff,33.82784609084429,-84.29840225089008,2.6454363690326965,2.1846022967409247,2.098091040432557,0.04285106755564812,0.10737955795540555,0.28591359149259654,0.14652892617040325,0,Most Suitable
8844c1a9d1fffff,33.775134639085174,-84.35795213802358,27.381511998763386,14.37504910841284,5.8229651715852455,0.44352872523024484,0.7065754811076598,0.7935141293968831,0.6098275624846416,0,Most Suitable
8844c1af0dfffff,33.783918288779084,-84.46132065218194,0.0,3.9290785244465267,0.4322379991964612,0.0,0.19312563927839688,0.058902457685704436,0.04287354700212147,1,Okay
8844c1ae2dfffff,33.79469085933227,-84.50325788424612,1.032849612773256,3.038642186368697,0.4760105553980094,0.016730210958714152,0.14935810295708607,0.06486748423184324,0.04924790946780298,1,Okay
8844c13283fffff,33.894257862388315,-84.39856835552312,0.0,0.6455163447769211,0.0,0.0,0.03172900617130275,0.0,0.003172900617130275,2,Less Suitable
8844c1af1bfffff,33.8082987624314,-84.49306701065267,0.8629464185192182,2.879265155534522,0.39654335804400676,0.013978100441097617,0.14152425825924342,0.05403823451699311,0.0427567698532704,1,Okay
8844c1adc1fffff,33.871093377190995,-84.46601179921564,13.67512797859114,3.354309301700032,0.211801939405058,0.2215112182256008,0.16487405996029184,0.028862929212029133,0.13878818679364122,0,Most Suitable
8844c1a81dfffff,33.74115311071683,-84.38342230307397,14.292931430122186,15.087390788243622,4.208827914086642,0.23151846608367327,0.7415891468936715,0.5735504712144007,0.4193383362169641,0,Most Suitable
8844c1af57fffff,33.79310437849685,-84.48444152254751,0.21025528092063342,2.650639220198514,0.712045187634722,0.003405738029509369,0.13028662845809108,0.09703268017373116,0.053544603930056264,1,Okay
8844c13317fffff,33.850631519006896,-84.31127817020085,3.5706971879259144,3.1228731278992936,0.9029076304816737,0.057838543467414245,0.1534982987635339,0.12304211706841035,0.09348594843742467,0,Most Suitable
8844c1a117fffff,33.71349024885548,-84.48404589562958,0.0,0.9063769316421462,0.3576837475267398,0.0,0.044551062866639735,0.04874271082765661,0.02395219061772662,2,Less Suitable
8844c1ae57fffff,33.79864600926481,-84.5503190740039,0.0,0.5978116205424553,0.27090519866651797,0.0,0.02938418020077098,0.0369171198065794,0.01770526594270886,2,Less Suitable
8844c1aaa7fffff,33.75034563846507,-84.40650631828002,11.683318081255118,12.539734269992527,3.422129917815322,0.18924766372553053,0.6163644178159227,0.46634461350882195,0.3427981190478864,0,Most Suitable
8844c1ad29fffff,33.83750748394404,-84.41114792016322,0.1179315198938839,1.9254421579546517,1.1460936738377305,0.0019102676537863157,0.09464108322980117,0.15618185872731838,0.07289198564080063,1,Okay
8844c1ae6bfffff,33.78187056755948,-84.52285722794294,0.0,1.6391561439919045,0.5559475917796867,0.0,0.08056929282932604,0.07576076041705955,0.03836123344975643,1,Okay
8844c1a003fffff,33.703806858156305,-84.5412416799979,0.0,0.36521354720948057,0.0,0.0,0.017951308262004632,0.0,0.0017951308262004633,2,Less Suitable
8844c1ac67fffff,33.83550476062314,-84.47268100140882,0.16754893790034653,0.9587763863253865,0.47382838826333384,0.002713976015786794,0.04712664849583397,0.06457011332148295,0.031897698186069974,2,Less Suitable
8844c13067fffff,33.87179668626244,-84.30537284265868,3.911674909545903,4.001735898090792,0.3878274602225889,0.06336173788446678,0.19669696055539138,0.05285049118213272,0.07249076147062562,1,Okay
8844c1ac4bfffff,33.824286875265344,-84.51110812541081,0.0,1.3855578810892297,0.48934561092187034,0.0,0.0681042004830566,0.06668469499348598,0.03348429804570005,2,Less Suitable
8844c1a937fffff,33.75512002240311,-84.29305271841102,3.0054907370714905,4.931041246544284,1.31601626919773,0.04868326757721887,0.24237502180772932,0.1793377554824489,0.12031423816236192,0,Most Suitable
8844c1336bfffff,33.812655656253455,-84.28982245253269,0.8834637663233226,2.0053299799995936,2.2897740498948465,0.014310442684180137,0.09856780207927021,0.31203484963026706,0.14182594140212393,0,Most Suitable
8844c1a0abfffff,33.755423019183766,-84.55264279667958,0.0,0.19633855556251467,0.17052438054707092,0.0,0.00965061116037355,0.02323790395159001,0.010260222696673359,2,Less Suitable
8844c1a337fffff,33.67105460412716,-84.4957898929578,0.6979435765963476,2.5053406456425904,0.6320908313625067,0.011305366366342232,0.12314478084095663,0.08613704375151246,0.05242197876787177,1,Okay
8844c1a917fffff,33.74993782789417,-84.3169119527447,6.093641097200602,8.405513885494974,1.2430634021816984,0.09870546476666717,0.4131554593524773,0.16939623444438417,0.158426772096335,0,Most Suitable
8844c1a8bbfffff,33.80792336526936,-84.40333363383688,7.390505220475401,7.1969904640830915,3.3504011348680036,0.11971221163363666,0.35375301756087096,0.4565699023305918,0.27785936850514215,0,Most Suitable
8844c13043fffff,33.86743896276153,-84.33865730207698,5.8476282878316965,3.8560099469396656,0.8000224116450744,0.09472052238165096,0.18953410613535196,0.10902161849985958,0.10992231920430451,0,Most Suitable
8844c1a9ddfffff,33.76753839327005,-84.35365672499611,29.94199449323857,15.012622124905278,4.901507928996997,0.4850037006370166,0.7379140495864109,0.6679441972260872,0.5834709341675843,0,Most Suitable
8844c1ac0dfffff,33.83709720900817,-84.49150216837532,4.5599689948501,1.9097158900655606,0.4667730877776186,0.07386287636222008,0.09386809141488908,0.06360866490858928,0.07176171328603466,1,Okay
8844c1149dfffff,33.68237468668529,-84.28771085742217,0.0,0.6044936406964369,0.0,0.0,0.029712620929526992,0.0,0.0029712620929526995,2,Less Suitable
8844c1add9fffff,33.88028682962604,-84.4891533623784,3.9525077910978235,3.8476676636334983,1.010030922076819,0.06402315336448186,0.189124058642913,0.1376401513968741,0.10598004310528188,0,Most Suitable
8844c1a825fffff,33.737153129698484,-84.3364833660059,3.0566672144353815,5.130388552090828,0.8766499043797585,0.049512229753157375,0.2521735217823577,0.11946389256358636,0.097759024080249,0,Most Suitable
8844c1a121fffff,33.695922329423425,-84.4472427905417,0.24020067258179642,4.049881454776943,0.5179523392723098,0.0038907967578438694,0.19906345472331768,0.07058302556442296,0.05008495407702289,1,Okay
8844c1b991fffff,33.64795906689366,-84.393281002501,1.9333891829084144,1.3321792507278822,0.0,0.03131724938009417,0.06548048552083334,0.0,0.02220667324213042,2,Less Suitable
8844c114d9fffff,33.66198856915649,-84.302981700985,0.0,0.0,0.0,0.0,0.0,0.0,0.0,2,Less Suitable
8844c1ad43fffff,33.825514849524325,-84.44014969148517,1.5666955230199244,1.618908925613014,0.9261268476259702,0.025377505383206777,0.07957408314626598,0.12620627421766523,0.07112867069329608,1,Okay
8844c1331bfffff,33.84465323722685,-84.3257693540653,6.301898321559537,3.3003378083447634,1.574607411603834,0.1020788380575241,0.16222120405726195,0.21457679936981988,0.1530922591824162,0,Most Suitable
8844c1a1d9fffff,33.73184114602073,-84.53028312459162,0.0,1.0401809467260956,0.19344047166709455,0.0,0.051127919447724254,0.02636075314584935,0.015657093203112166,2,Less Suitable
8844c1b8b9fffff,33.65191621125669,-84.44021346746837,8.191874228612114,1.4046692466622592,0.4453708736072762,0.13269287444852995,0.06904357969648028,0.06069211657898258,0.09752764182550604,0,Most Suitable
8844c1aa4dfffff,33.65634950056108,-84.40696172730468,7.282757447375122,3.7039363238971923,0.44961240204188935,0.1179669014238965,0.1820592451762937,0.06127012325495037,0.10169742453155778,0,Most Suitable
8844c1aa5bfffff,33.68072673612337,-84.43863754392054,3.0820162392487616,7.074210009299871,0.860707038264977,0.049922836028728136,0.3477180010364196,0.11729130709340435,0.10664974095536778,0,Most Suitable
8844c1a815fffff,33.747951048765685,-84.37832897555838,27.158846819009607,16.56656848154327,5.333133268551082,0.43992197030254704,0.8142950334895827,0.7267631658184498,0.5920957548276117,0,Most Suitable
8844c1ad39fffff,33.853500894602675,-84.42916461554525,6.3166402096929035,0.565834331252393,0.4676836262352575,0.10231762877337552,0.02781240340931491,0.06373274690293496,0.07943315348879323,1,Okay
8844c1a8e7fffff,33.77673731892778,-84.3767359503915,41.40922858721584,16.371699740291014,5.8025925560166876,0.6707512123101571,0.8047166679782902,0.7907378877691111,0.7321424280605521,0,Most Suitable
8844c1a023fffff,33.70904641246061,-84.51734192850168,0.3693012472937899,2.1190605635093007,0.0,0.005981981982790119,0.10415799110429391,0.0,0.01340679010182445,2,Less Suitable
8844c13249fffff,33.805519330054516,-84.37514208901462,6.386033123595082,8.222697206675527,3.316455172943055,0.1034416627801329,0.40416948776955186,0.45194397728558894,0.27291537108125724,0,Most Suitable
8844c1a357fffff,33.64458564285927,-84.52554185821171,0.12411017957465588,0.1613229147017809,0.5937930179737665,0.002010350258865541,0.00792949055056732,0.08091807795771619,0.034165355367575985,2,Less Suitable
8844c1a823fffff,33.74555081674306,-84.35016209569746,13.372356617076983,8.62400980479167,2.2667929860309215,0.2166068946069977,0.42389516939679095,0.30890314639192673,0.27425422279994865,0,Most Suitable
8844c1331dfffff,33.836249911737646,-84.31208362985971,3.4783500853420417,2.5003083327356355,2.4387239893259816,0.05634269500259676,0.12289742802243757,0.33233273533430235,0.1733941844372631,0,Most Suitable
8844c1ac3bfffff,33.86668820870008,-84.49935120582865,0.6707420207394539,3.996908305523897,1.279921468206392,0.010864752590374262,0.19645967033712358,0.174419001249784,0.09484594382881309,0,Most Suitable
8844c1a84dfffff,33.70396660142271,-84.37133036936139,0.14226643669834235,2.7955423424019985,0.2256412396581147,0.0023044472969467435,0.13740903844172095,0.03074885501927154,0.027192669500354084,2,Less Suitable
8844c1ae67fffff,33.787885682536995,-84.50835278813358,0.6176601513823345,2.0428368889509354,0.5275098308818125,0.010004926666595297,0.10041137576289999,0.07188545558250735,0.043797783142590585,1,Okay
8844c1a101fffff,33.69069627247851,-84.47112374736257,0.0,1.8846181517138971,0.0,0.0,0.09263446456486583,0.0,0.009263446456486584,2,Less Suitable
8844c1ae25fffff,33.80149521936905,-84.49816262507134,1.2077352544091995,2.87171057496016,0.42024651665694235,0.019563027703799907,0.1411529286475225,0.057268339921449675,0.04680414268523207,1,Okay
8844c1a8bdfffff,33.79952636151144,-84.38963420846724,17.421199667559243,8.603054771243547,4.382719937938134,0.2821904970362147,0.42286516853910855,0.597247294714036,0.4222806832576326,0,Most Suitable
8844c1ad8bfffff,33.89308249806704,-84.4695393400106,16.070518078120344,2.5647600728291753,0.0,0.26031200896795714,0.12606541853999112,0.0,0.1427625463379777,0,Most Suitable
8844c1ac4dfffff,33.815895905007615,-84.49738100336789,0.4735561680465027,2.3052581152035914,0.44085095057648543,0.007670714588298508,0.11331014242407383,0.060076172179002185,0.03919684040815751,1,Okay
8844c1aa33fffff,33.71395320310528,-84.40379208434872,0.41443939307724736,6.034421524639501,1.0405664246241217,0.0067131346035620475,0.29660937224090916,0.1418013222102868,0.08973803340998665,0,Most Suitable
8844c1a009fffff,33.68939453373431,-84.54201691677993,0.0,0.6374219364586683,0.1672286162948108,0.0,0.031331142455595214,0.022788779592390455,0.012248626082515705,2,Less Suitable
8844c1af63fffff,33.78312291919752,-84.4519177056574,0.0,4.839563878182503,0.7562471426300164,0.0,0.23787864304246575,0.1030562222699279,0.06501035321221774,1,Okay
8844c1aca9fffff,33.89627740395587,-84.50720533931874,1.4697749849036712,3.0169556846310908,0.9888779098559026,0.023807575909579735,0.14829214831002865,0.1347575626157304,0.0806360278320849,1,Okay
8844c1ace9fffff,33.87508113417226,-84.5130853783446,3.190635535027979,5.436864833607887,1.9665309283629215,0.051682263258113384,0.26723772256719325,0.2679854733060554,0.15975909320819817,0,Most Suitable
8844c1ae35fffff,33.817482843589715,-84.51620440811435,0.12235534436154986,2.0540101553696357,0.540388717495637,0.001981925246211265,0.10096057431073083,0.0736405027445339,0.040543221151992284,1,Okay
8844c1af47fffff,33.777115833422904,-84.46641526876502,0.0,3.16192645667894,0.5350269389958481,0.0,0.15541788348030436,0.07290983600123263,0.04470572274852349,1,Okay
8844c1a16dfffff,33.66711233637385,-84.44881676113506,2.169862965989499,4.3106137255155295,0.5184578749323853,0.035147677574310164,0.2118792043077551,0.07065191652931167,0.06702252582965526,1,Okay
8844c1a8d3fffff,33.78832980743121,-84.42802028803426,5.180902969113482,4.223135121098073,1.815121331625628,0.08392083276979996,0.20757937642287386,0.24735240221649946,0.16165931491378716,0,Most Suitable
8844c1a9a1fffff,33.78550299472462,-84.31020787891968,8.528625786901106,9.313510285575632,3.521703693494281,0.13814761300986142,0.4577861238039499,0.47991385110347845,0.30681795932671707,0,Most Suitable
8844c1a1d1fffff,33.738651434131214,-84.52519103402867,0.0,0.8301693465182394,0.23654280140540854,0.0,0.040805238367754064,0.032234445783438044,0.016974302150150625,2,Less Suitable
8844c1a89dfffff,33.794329833790336,-84.4135254406835,13.786551745957123,4.99356828357819,3.6464223988860125,0.22331607259238734,0.2454484075708856,0.49690966887195115,0.3349667446020627,0,Most Suitable
8844c1ab31fffff,33.7007720000445,-84.33379568033264,0.0,1.5099051187966688,0.0,0.0,0.07421622894604966,0.0,0.007421622894604967,2,Less Suitable
8844c1ad17fffff,33.86189766767547,-84.4428804196658,0.946744249050075,1.5335453639037648,0.27896851253610694,0.015335466862429266,0.07537821576321287,0.03801593343447181,0.030411928381324643,2,Less Suitable
8844c13009fffff,33.874225719008514,-84.3335576698023,4.143389646114207,3.386832954232397,0.5482466096033721,0.06711507852291812,0.16647269209449342,0.0747113228904608,0.08008933762709272,1,Okay
8844c1a813fffff,33.756346606137456,-84.39201904866931,43.16536744877416,18.615118399156366,6.13413746534407,0.6991973416046035,0.9149872212305916,0.8359185753275195,0.7754648230563687,0,Most Suitable
8844c1a313fffff,33.66659834478178,-84.52907662791284,0.0,0.9074940837931944,0.543353747515432,0.0,0.04460597414469133,0.07404455688970969,0.03407842017035301,2,Less Suitable
8844c1ad65fffff,33.82231512965031,-84.40253994209606,1.9633646116876193,5.613522860788982,1.9377193396802064,0.03180279465295095,0.27592097850639985,0.26405922576096114,0.1491171854814999,0,Most Suitable
8844c1a8cdfffff,33.757144882727516,-84.40141266893924,22.17307760428149,14.47134664567493,4.344829306924379,0.35916193542206165,0.7113087851963827,0.5920838169676985,0.48754537301774853,0,Most Suitable
8844c132e3fffff,33.87826154184746,-84.38055571338258,5.749237288159439,2.808656014027292,0.2148609485394975,0.09312677421096059,0.13805361355015008,0.029279790192406768,0.07208066453745801,1,Okay
8844c1a189fffff,33.7370737510927,-84.50637953446889,0.44842398396978306,0.888993599636126,0.6425094909129043,0.00726362072268938,0.04369662152993365,0.08755682788536906,0.04302420366848568,1,Okay
8844c1a32bfffff,33.64904551766193,-84.49226322465644,1.6415608041653242,0.5472053499387753,0.74300659991246,0.02659018139291445,0.02689673478551093,0.10125189107136028,0.056485520603552435,1,Okay
8844c1af53fffff,33.793897934414694,-84.49384912351742,0.7510827437829766,2.67368158651105,0.41137639971081374,0.012166120406628494,0.13141922779325516,0.056059580652116865,0.041648815243486514,1,Okay
8844c1b9bdfffff,33.64557727271878,-84.3651354395792,1.0589943237976913,0.3845020758669619,0.0,0.017153705846531326,0.018899395556401605,0.0,0.010466792478905824,2,Less Suitable
8844c1ac03fffff,33.852290884464644,-84.50013295222095,4.494910342536295,2.1249296414555303,1.254388781169275,0.07280904919857614,0.10444647335866677,0.17093958014242655,0.11522500399212537,0,Most Suitable
8844c132cdfffff,33.85788819846647,-84.39585340901306,1.360507466788374,2.37143278166011,0.4168679860101062,0.022037648703918517,0.1165628197844099,0.05680793672035427,0.04539828101854196,1,Okay
8844c1ae2bfffff,33.803080590449675,-84.51698365338257,0.8254075346448757,2.629103380572042,0.6488045747540232,0.013370041495627212,0.1292280792920763,0.08841467913923565,0.0549737003327155,1,Okay
8844c1b8bdfffff,33.651126034925,-84.43082465647956,9.967845897251502,1.3311328837274319,0.4681056312358372,0.16146025772057981,0.06542905353884966,0.06379025487709736,0.11278913616501382,0,Most Suitable
8844c1aa81fffff,33.738335127635104,-84.43548321555275,3.4211474906464656,4.590003078808288,0.5354420773106576,0.05541612111922841,0.22561200377371707,0.07296640823011405,0.07945582422903154,1,Okay
8844c132c1fffff,33.865483993939826,-84.40015761605345,0.2735742446669914,1.9795277839891763,0.3860495034689224,0.004431385527521552,0.09729954908603174,0.05260820331608545,0.03298892899879813,2,Less Suitable
8844c1a831fffff,33.75394801268827,-84.36384516268166,30.698106928386203,15.632360982206162,4.318315151580013,0.4972512925343125,0.7683760172608178,0.588470648028024,0.5608515072044475,0,Most Suitable
8844c1aea5fffff,33.8546752705787,-84.52838045628482,0.4047866819564865,2.6533967283635658,1.3463638224133414,0.0065567789334076655,0.13042216800607354,0.18347331383796206,0.08970993180249602,1,Okay
8844c1b9abfffff,33.637979823136845,-84.36084439834714,0.8599129710484379,0.26347222853880203,0.0,0.013928964327291014,0.012950426480933653,0.0,0.008259524811738873,2,Less Suitable
8844c1ad31fffff,33.86029577068956,-84.42406612458232,2.572520817437416,0.6167522281596722,0.33694286273057683,0.04166997347837527,0.030315166163926696,0.045916283971755,0.0422330169442823,1,Okay
8844c1adc5fffff,33.870293929600194,-84.45660056932272,9.55699451993012,3.488460953519203,0.3718859252686273,0.15480524218854225,0.17146800389819772,0.050678087113502676,0.11482065632949197,0,Most Suitable
8844c1ae65fffff,33.780288179539994,-84.50403860426948,0.1696416757693336,1.6579005797939024,0.8991918816558213,0.002747874412607058,0.08149063637709432,0.12253576006511042,0.058537304870057136,1,Okay
8844c1a9e3fffff,33.771921759129185,-84.32039848120013,2.7669052188089003,12.02515773799522,3.0417030255660906,0.04481863326563729,0.5910714843503999,0.4145026214468759,0.247317513646609,0,Most Suitable
8844c1a90bfffff,33.72795253668508,-84.31342701155293,0.0,3.676601234184079,0.24028152429769103,0.0,0.18071564599833606,0.03274393353641357,0.031169138014399037,2,Less Suitable
8844c1a0e5fffff,33.73262833397828,-84.5396905956858,0.0,0.4678792018891518,0.17349893143517897,0.0,0.0229976238468375,0.023643255536009877,0.011757064599087702,2,Less Suitable
8844c1ace1fffff,33.881881450991195,-84.5079863069758,3.66065272775423,5.753310045736715,1.5344865920098207,0.05929565313722551,0.28279192529150166,0.20910940667680025,0.14157078176848303,0,Most Suitable
8844c1ab1dfffff,33.68797501586243,-84.35335981573031,0.0,1.0114827013839212,0.0,0.0,0.049717317205139534,0.0,0.004971731720513954,2,Less Suitable
8844c1334dfffff,33.79908096100277,-84.30001586924601,3.203630585232038,5.778383217860067,2.926008758456437,0.05189275850218791,0.28402434463993953,0.39873659281086155,0.21384345083943257,0,Most Suitable
8844c1af41fffff,33.7703125616471,-84.47150953082226,0.0,2.2023516022301917,0.8780862000579719,0.0,0.10825198795344054,0.11965962117968998,0.05868904726722005,1,Okay
8844c1af67fffff,33.78232691998282,-84.44251592003579,0.0,4.977863276520157,0.9674558794360826,0.0,0.2446764607876684,0.1318383138622866,0.07720297162368148,1,Okay
8844c1ab3dfffff,33.69317532240795,-84.32950621116137,0.0,1.748734796728314,0.0,0.0,0.08595540237875675,0.0,0.008595540237875674,2,Less Suitable
8844c13023fffff,33.89376989529285,-84.30886052240487,2.635483271436866,1.6450962749528952,0.0,0.042689846192526526,0.08086126754606966,0.0,0.02943104985087023,2,Less Suitable
8844c1a9b3fffff,33.809095746655316,-84.33247315758753,5.311151170953948,4.56997153514744,3.473624155048668,0.08603060738445391,0.2246273951304527,0.47336189828094627,0.25482280251765077,0,Most Suitable
8844c1a845fffff,33.71076578712724,-84.36623876551418,0.2824740200704497,4.110072699387452,0.5892032920637863,0.004575545062601632,0.202022029493977,0.08029262129563611,0.05460702399895296,1,Okay
8844c11491fffff,33.68997105628847,-84.29199481437067,0.12371690139014715,1.0876096877968773,0.0,0.002003979895832123,0.053459180042918025,0.0,0.0063479079522078645,2,Less Suitable
8844c1a8dbfffff,33.78153029141087,-84.43311529560842,1.1823541480795965,5.016101134856945,0.8862501484307385,0.0191519017683216,0.2465559627599455,0.12077214859391343,0.08254040659772072,1,Okay
8844c1ad2dfffff,33.8367058236918,-84.40174604193973,0.3440640446982635,3.493769690960916,1.2519884876245686,0.005573187015730712,0.171728943786727,0.17061248444696903,0.08820448166532566,1,Okay
8844c13061fffff,33.86501205315574,-84.31047249912739,3.7931445909887214,4.085588630346417,0.4663807909044202,0.06144177082446016,0.20081856627575276,0.06355520535617426,0.07622482418227507,1,Okay
8844c1a109fffff,33.683887464268864,-84.47621383613092,0.0,1.8750738549705157,0.35419812592794997,0.0,0.09216533461529632,0.04826771399925935,0.028523619061233373,2,Less Suitable
8844c1ae11fffff,33.81305153797422,-84.54954409262253,0.0,0.40849997500853685,0.27433630105946777,0.0,0.02007896210978527,0.03738468712803599,0.016961771062192925,2,Less Suitable
8844c1a9abfffff,33.78630856887461,-84.31959456238351,6.532801861015776,8.761668451436728,4.214085797448046,0.10581903883645855,0.43066149233233747,0.5742669798341593,0.32568246058512673,0,Most Suitable
8844c1addbfffff,33.88788324634723,-84.49346981251502,2.147758215209728,3.9940058767407,1.021162388917261,0.03478962240426233,0.19631700751918107,0.1391570720650427,0.09268934078006635,0,Most Suitable
8844c1aa65fffff,33.668369477477164,-84.37801353080194,0.0,1.5919132872090493,0.0,0.0,0.07824716898762657,0.0,0.007824716898762657,2,Less Suitable
8844c1a043fffff,33.68257996090442,-84.54710655070652,0.0,0.4516466068994181,0.16972134101765274,0.0,0.022199744582008803,0.023128471180779864,0.011471362930512825,2,Less Suitable
8844c1a853fffff,33.73515176605787,-84.3979065426513,5.027055504425757,11.381144593919409,2.815477360859257,0.08142879471522016,0.5594163648664106,0.383674124952846,0.2501256838253896,0,Most Suitable
8844c1af4dfffff,33.76271522671272,-84.4672005302612,0.0,1.6688593546025567,1.0817622038613286,0.0,0.08202929203832916,0.14741520309965833,0.06716901044369625,1,Okay
8844c1ad25fffff,33.843499506149044,-84.39664821465,3.4438221035481202,3.460741793528193,0.9783625256552504,0.05578340697823482,0.17010552654881003,0.13332459750373357,0.09823209514549185,0,Most Suitable
8844c1306bfffff,33.86582165064486,-84.31986626650335,4.392467112762009,3.6580678990708204,0.6378913894676832,0.07114966256162526,0.17980467866351726,0.08692750439814417,0.08832630090642203,1,Okay
8844c1aac3fffff,33.72472810017004,-84.44566799392614,0.23076231401989367,3.385372045518705,0.37450587763663956,0.003737913193875022,0.16640088418139018,0.05103511642092658,0.03892309158344716,1,Okay
8844c1aa05fffff,33.6843591213877,-84.39598961364989,0.3399997273112327,3.0029075923829356,0.6240134497133736,0.005507352758306129,0.14760164370972953,0.08503631306220744,0.051528365975009,1,Okay
8844c1326dfffff,33.80990093758979,-84.34186452695744,5.408241737725364,5.786515648850476,2.7667724119923203,0.08760329100082809,0.2844240772805926,0.37703694544745225,0.22305883140745422,0,Most Suitable
8844c1aab1fffff,33.75953594495788,-84.42960050052058,0.278145215065281,5.261454393336772,1.2483540399227613,0.004505426605819571,0.2586157891538782,0.17011720660845278,0.09616117486167872,0,Most Suitable
8844c1a03dfffff,33.70983336986827,-84.52674588362062,0.0,1.3538437047280103,0.0,0.0,0.0665453564574562,0.0,0.00665453564574562,2,Less Suitable
8844c1a903fffff,33.73474563217544,-84.30833396544118,0.8032803115552267,5.160222943630841,0.6612386046089798,0.013011622316646867,0.253639968915648,0.09010910424474673,0.06791344974778693,1,Okay
8844c1aeadfffff,33.84787167905266,-84.53347810339802,0.1304476983592861,2.6008016787469086,1.2817336579089293,0.0021130060810785993,0.1278369683169106,0.17466595414950734,0.0837065815320333,1,Okay
8844c13239fffff,33.84787936865944,-84.36335132188282,14.257396648787042,5.008594345357732,1.2351381644139725,0.23094286981025988,0.24618698221859375,0.16831623688949443,0.20741662788278709,0,Most Suitable
8844c1ac13fffff,33.8682799983538,-84.51818409371468,2.6610589245628677,5.128385195990503,1.9716754776633274,0.043104123418284505,0.2520750510022065,0.2686865375300304,0.15423418182137508,0,Most Suitable
8844c1aeb5fffff,33.87066293395976,-84.54644212918241,1.0818063072242525,1.3614849899604733,1.2443869964691385,0.017523216848320165,0.06692094785534913,0.1695766048807038,0.08328434516197653,1,Okay
8844c132d1fffff,33.881478871597025,-84.41817512594143,0.0,0.4590126703477404,0.18489788207954627,0.0,0.02256180802858318,0.025196627079556427,0.012334831634680889,2,Less Suitable
8844c1ade9fffff,33.86949385059017,-84.44719050209055,2.0425784911347966,3.9319020169316876,0.21985296697558063,0.03308590973342333,0.19326442214766296,0.029960068546564137,0.04785342450010362,1,Okay
8844c1ace7fffff,33.88868094859571,-84.50288687965173,2.4649718656329007,4.4199607555281855,1.212597482412913,0.039927883797722864,0.21725392892651618,0.16524454589924706,0.10778715315121187,0,Most Suitable
8844c1aa6dfffff,33.66156682070103,-84.38310304034994,0.12662103253823104,1.7564826482025504,0.0,0.002051021329704338,0.08633623181743709,0.0,0.009659133846595877,2,Less Suitable
8844c1a895fffff,33.80112700820655,-84.40842971409629,10.026381254170962,5.724133158046116,3.701869426078922,0.16240841983217388,0.2813577963851076,0.5044656130024995,0.31112623475559753,0,Most Suitable
8844c11699fffff,33.63559265602322,-84.33271279219744,0.0,0.3528544065896239,0.0,0.0,0.017343820547444985,0.0,0.0017343820547444985,2,Less Suitable
8844c1a85bfffff,33.728351489381225,-84.40299915393784,1.210162469433539,8.156514809451071,1.7137314600162978,0.019602343998154054,0.40091643041948266,0.23353567940793138,0.14330708680419785,0,Most Suitable
8844c1af07fffff,33.798316904242824,-84.46053448818337,0.1115789250982208,3.9163055086775755,0.16769331013366898,0.0018073676286981472,0.19249780839628458,0.022852104911383776,0.02929430661853104,2,Less Suitable
8844c1aa0bfffff,33.68594717192326,-84.41476618943553,0.7607137157093787,3.6198435292980906,0.8108167832265234,0.012322123942935706,0.17792583969340223,0.11049260211652925,0.06815068678741978,1,Okay
8844c1add7fffff,33.893882173549756,-84.47895409646833,8.719362039503986,2.256798589439799,0.3368603290549148,0.1412371796844837,0.11092821576263644,0.04590503684321154,0.10007342615579011,0,Most Suitable
8844c1a067fffff,33.687038137675465,-84.51380865531117,0.0,2.93492281643391,0.43400023510902586,0.0,0.14425999420217644,0.05914260322234174,0.038083040709154345,1,Okay
8844c1a935fffff,33.747524211731545,-84.28876599945377,0.7359288564288111,3.080543191324366,1.1528343431017363,0.011920656082350885,0.15141765924187953,0.15710043133508203,0.0839422664993962,1,Okay
8844c1add1fffff,33.88708491132048,-84.48405390720906,8.792259948116982,3.648173835354511,0.5710966637287952,0.14241798797880043,0.1793183566497462,0.07782517301178489,0.12027089885908879,0,Most Suitable
8844c13203fffff,33.84108862790876,-84.36844953294664,19.79875147797459,6.909636644867996,0.8983463261535353,0.32070234122107943,0.3396287414259669,0.122420533506393,0.2432822581556936,0,Most Suitable
8844c13337fffff,33.85579616857383,-84.28739752804432,0.0,1.8497283435507899,0.4052040072253285,0.0,0.09091952899819887,0.05521844894256857,0.031179332476847316,2,Less Suitable
8844c1a9adfffff,33.77790729299666,-84.30591784570639,15.362889729993304,9.52333966912617,3.323764775223606,0.248849767613435,0.4680998484051394,0.4529400802192271,0.3524109007349223,0,Most Suitable
8844c1a335fffff,33.66345615820555,-84.4914819778167,1.3528282269021055,1.7326759950546364,0.6896189600909005,0.021913259536598326,0.08516606556098194,0.09397658625925438,0.05706387082809912,1,Okay
8844c1af3bfffff,33.813510761449415,-84.46915459790795,1.955170419842945,3.0482865622066804,0.18622409097800113,0.031670064237504035,0.14983215208528822,0.02537735381730013,0.040969188854200894,1,Okay
8844c1304dfffff,33.85224851056434,-84.33006450624218,5.30759401240607,4.012404926340569,1.0912268493349875,0.0859729881413583,0.19722137433037634,0.1487049806771938,0.1221906237745943,0,Most Suitable
8844c1b99dfffff,33.640361371007685,-84.38898645080423,1.1210213606552055,0.5027819437587865,0.0,0.01815842657153969,0.024713195142804817,0.0,0.011550532800050327,2,Less Suitable
8844c1ac5dfffff,33.83188402623965,-84.51542495805691,0.989229485547529,1.4516690603899205,0.802747040464211,0.01602364736851937,0.07135375726499778,0.10939291240281766,0.05890436437188653,1,Okay
8844c1a353fffff,33.64536875359185,-84.5349410548178,0.0,0.22378975766532486,0.469180722182967,0.0,0.010999917600059047,0.06393676096665757,0.02667469614666893,2,Less Suitable
8844c1a983fffff,33.78791783884407,-84.33837142490475,6.155471117969177,8.514497925797881,3.1917710903696634,0.09970699420352529,0.4185123419710568,0.4349528776795546,0.2656858823706902,0,Most Suitable
8844c1323dfffff,33.84707377770935,-84.35395408137008,5.005241334276028,4.623447251852507,1.1314971334651374,0.08107544640198962,0.22725588216889675,0.15419274138166003,0.1249404079705485,0,Most Suitable
8844c13207fffff,33.840283744632615,-84.3590523018104,8.797965450640115,5.817292682405158,0.9608732707714316,0.14251040633250556,0.28593685801107643,0.1309412806790589,0.15222540123898398,0,Most Suitable
8844c1aeb7fffff,33.87825994599213,-84.55076513962598,0.4523655497227357,0.7355620527692222,1.0957557378557343,0.007327466635723591,0.036155014664665364,0.1493221468332293,0.06700809351762006,1,Okay
8844c1ac47fffff,33.83029552046527,-84.49659917628301,2.629184901632337,1.6812915904495565,0.5158987912845546,0.04258782450977367,0.082640372595939,0.07030318199750109,0.057679222313481174,1,Okay
8844c1a899fffff,33.79512850654612,-84.4229249265306,8.754084918455497,4.909832205268554,2.2782795604602875,0.14179962467431417,0.24133253573131924,0.3104684587095323,0.21922044939410196,0,Most Suitable
8844c1b9a1fffff,33.63718472475975,-84.35146603521365,0.3415097894971909,0.19542946376111045,0.0,0.005531812910703363,0.00960592665376047,0.0,0.0037264991207277285,2,Less Suitable
8844c1ab05fffff,33.67878123331828,-84.330308171534,0.0,0.9705784665130412,0.0,0.0,0.04770675506964616,0.0,0.004770675506964616,2,Less Suitable
8844c1a14dfffff,33.66188129309054,-84.47269159353363,0.0,2.4141143448495734,0.4146749376699794,0.0,0.1186607427770606,0.056509082993247535,0.03446970747500508,2,Less Suitable
8844c1a10dfffff,33.68309822417752,-84.46681802544664,0.0,3.7402066573949884,0.3662003470004993,0.0,0.18384203757914833,0.049903295137832454,0.03834552181304782,1,Okay
8844c1a137fffff,33.71871551195216,-84.46015688573281,0.4596239935639586,1.8283663633107212,0.3948977168777289,0.007445039702696603,0.08986952552678774,0.05381397772017577,0.03423506349209739,2,Less Suitable
8844c1ae45fffff,33.77506305028338,-84.52795140640016,0.19919632419970804,1.1242707210752103,0.5202408853919066,0.003226603839365669,0.05526117647654288,0.07089489308005541,0.035497376799359284,2,Less Suitable
8844c1a15dfffff,33.677865746773385,-84.49070052599798,0.0,2.1297659914740663,0.488518983347108,0.0,0.1046841940311584,0.06657204780412551,0.03709723852476605,1,Okay
8844c1a301fffff,33.64301753456019,-84.50674693166343,2.078754212516959,0.13021056591326755,0.8067209872451684,0.03367188802379823,0.006400228100899048,0.10993445486911109,0.06144974876963346,1,Okay
8844c114d7fffff,33.67558012838573,-84.29280148943937,0.11448283909768732,0.6836197876495801,0.0,0.0018544055451733153,0.0336019012324995,0.0,0.004287392895836608,2,Less Suitable
8844c1ab33fffff,33.708368652378894,-84.33808597762577,0.12353952974230875,2.317527992011519,0.0,0.0020011068104867514,0.11391324256260618,0.0,0.012391877661503993,2,Less Suitable
8844c1aab9fffff,33.75273457839714,-84.43469411605601,1.4128880478759536,4.766048687949171,0.559240517648303,0.022886115083629133,0.23426515758470562,0.07620949798062156,0.06535337249253376,1,Okay
8844c1a1b9fffff,33.75828675845544,-84.50050625869908,0.0,1.5877771684077335,0.9489115060556502,0.0,0.07804386671645397,0.1293112126579051,0.05952887173480744,1,Okay
8844c1acc7fffff,33.88347354008773,-84.52682389644917,3.5490702106912706,4.714682846635551,1.9087625721045898,0.057488227325489784,0.2317403770594391,0.2601131942227615,0.15596342905779342,0,Most Suitable
8844c1ad85fffff,33.89148125074216,-84.4507133155926,2.510615103049554,2.617217919017644,0.0,0.04066721794799564,0.1286438742815299,0.0,0.033197996402150806,2,Less Suitable
8844c1a86dfffff,33.709168322721794,-84.34746907765691,0.31765629423303277,2.0724346345486304,0.0,0.005145431386290995,0.10186619105971552,0.0,0.01275933479911705,2,Less Suitable
8844c1a311fffff,33.658999558432555,-84.52476486032708,0.7288957423626893,0.7105787339034828,0.6853842535156878,0.011806732931712352,0.034927011865224844,0.0933995092199345,0.046755871340352466,1,Okay
8844c1aa5dfffff,33.67233722828219,-84.42494616000005,2.761741891675206,4.6668103865009165,1.04837432977122,0.04473499712817133,0.2293873063814655,0.14286533047285493,0.1024523613913742,0,Most Suitable
8844c1af05fffff,33.790719927499886,-84.45622568111659,0.0,4.913321178547694,0.71014871137322,0.0,0.24150402891751208,0.09677424127443789,0.06286009940152637,1,Okay
8844c1a151fffff,33.68546405891323,-84.49500893101607,0.0,1.7299722175603316,0.4332042318013632,0.0,0.08503316703177076,0.05903412930002477,0.03211696842318698,2,Less Suitable
8844c1a1c5fffff,33.72187781541723,-84.49775660832682,0.6501899970152715,1.1976002912795554,0.5392856227345655,0.010531848662946878,0.058865538169904336,0.07349018048548189,0.04054855034265663,1,Okay
8844c1a329fffff,33.64144691230995,-84.48795662928246,0.0,0.28801964598911484,0.5596510889673023,0.0,0.014157003457756263,0.07626544785034443,0.0319218794859134,2,Less Suitable
8844c1af4bfffff,33.77110588619286,-84.48091361184461,0.0,2.354331066065373,0.8583689774706094,0.0,0.11572222071354858,0.11697269205432204,0.058361298893083675,1,Okay
8844c1a9b9fffff,33.79470935309782,-84.33327562010018,5.5976441028920005,6.8997056805920804,3.8760464849903657,0.09067125122091182,0.33914060564234644,0.5282012791434317,0.29053019783206324,0,Most Suitable
8844c1321dfffff,33.84189288277139,-84.37784792899151,23.56121806518995,6.876429663807584,0.7438726375252254,0.38164718638610845,0.33799652170678957,0.10136990879292795,0.2651712088809044,0,Most Suitable
8844c1a811fffff,33.748749872624614,-84.38772026097715,28.876122655790493,19.79199217885171,5.240340104815753,0.467738592072394,0.9728339910621168,0.7141179439485453,0.6167998727218269,0,Most Suitable
8844c1a105fffff,33.68990632514068,-84.46172792371578,0.0,3.715609033888739,0.3977076979062235,0.0,0.18263299282862558,0.05419690284229884,0.0399420604197821,1,Okay
8844c1aae7fffff,33.7291475639614,-84.41239156962496,1.884320174628928,6.81735175742077,1.429118121866647,0.030522424218813966,0.33509267074855764,0.19475050749266182,0.1266706821813275,0,Most Suitable
8844c1a1e7fffff,33.734702500226284,-84.47817097163929,0.0,0.8476824682636586,0.810709207096304,0.0,0.04166605924771368,0.1104779423724299,0.04835778287374333,1,Okay
8844c1ab41fffff,33.65838418926336,-84.34557786724736,0.0,0.6727825712456825,0.0,0.0,0.03306922052047533,0.0,0.0033069220520475333,2,Less Suitable
8844c1aa89fffff,33.73153202151982,-84.44057578162439,1.338989196121374,3.776023951758429,0.37879458708458347,0.021689093402862646,0.18560256179064558,0.05161955260481928,0.05005262392242359,1,Okay
8844c1aa61fffff,33.66916427955815,-84.38739773618003,0.0,2.6380755539648226,0.3611942416827917,0.0,0.12966908771464059,0.04922109711916074,0.03265534761912836,2,Less Suitable
8844c1a0edfffff,33.725816523565626,-84.54478231563249,0.0,0.3183083906823502,0.0,0.0,0.015645783370253744,0.0,0.0015645783370253745,2,Less Suitable
8844c1a9c1fffff,33.7591400005125,-84.33997432658629,9.159781571596243,11.389448565659986,2.728483635004742,0.14837114342046007,0.5598245292339513,0.37181921107300836,0.2788957090628285,0,Most Suitable
8844c1ae0dfffff,33.78946822295648,-84.52717375860566,0.24006016116388695,2.1887161849504855,0.5837532543129151,0.0038885207385331573,0.10758176752832398,0.07954992718127558,0.044522407994609214,1,Okay
8844c1333bfffff,33.84982208258718,-84.30188675250731,2.4402245506206093,3.3631286526543693,0.6098986987477201,0.039527024083300645,0.1653075567154418,0.08311285070340456,0.06953940799455632,1,Okay
8844c116b3fffff,33.655191568657685,-84.30807128042528,0.0,0.0,0.0,0.0,0.0,0.0,0.0,2,Less Suitable
8844c1ab61fffff,33.663587540998925,-84.32173268555405,0.0,0.27316455056478073,0.0,0.0,0.013426832303752604,0.0,0.0013426832303752604,2,Less Suitable
8844c1a8c7fffff,33.77153998637999,-84.40061911418834,23.48982248348828,11.673826305717576,5.287210742146831,0.38049071294736464,0.5738025224207646,0.7205051559410777,0.5358276710921899,0,Most Suitable
8844c1ad41fffff,33.817918311719346,-84.43584225290456,3.1008253522220213,2.0176843492708576,1.1896687052293269,0.0502275080972435,0.09917505526816654,0.16211996793444097,0.0998792467492148,0,Most Suitable
8844c1a951fffff,33.72196033531496,-84.32790165969517,0.0,3.0573854399611706,0.1716355565703132,0.0,0.15027938839581714,0.023389327470142458,0.024383669827638697,2,Less Suitable
8844c13069fffff,33.85822660047228,-84.31557180321421,4.924925728864233,4.033785250421228,0.7590733771536754,0.07977448544388045,0.19827227945491524,0.10344136230793748,0.10109101559060675,0,Most Suitable
8844c1a8c1fffff,33.764741667144825,-84.40571345938393,12.409119821941688,10.981738569604897,4.5148163729725646,0.20100427967979725,0.5397843968877994,0.6152484993501685,0.400579979268746,0,Most Suitable
8844c1ab63fffff,33.671184399127554,-84.32602001478023,0.0,0.7423366551478303,0.0,0.0,0.036488006079086116,0.0,0.0036488006079086117,2,Less Suitable
8844c1320dfffff,33.82589712652894,-84.3598516361335,7.947141579306244,7.151810202905028,1.3485206155634564,0.12872866823618656,0.35153227629329664,0.18376722695411019,0.173024452529067,0,Most Suitable
8844c1a985fffff,33.77951765221731,-84.32469003157162,3.342858355071514,10.395965228307075,3.283733693042569,0.054147985141109155,0.510991933131601,0.4474849163311263,0.2571671524161652,0,Most Suitable
8844c1ad27fffff,33.85109544568948,-84.40095193328614,0.0,2.0887998601424522,0.43484190465721384,0.0,0.10267058950456137,0.05925730022963784,0.03396997904231128,2,Less Suitable
8844c1af15fffff,33.80670945095379,-84.47425059432982,1.9298057583708301,2.942346051638561,0.17231103429777306,0.03125920467762539,0.14462486780688866,0.023481376985301478,0.03948463991362215,1,Okay
8844c1a1a1fffff,33.749106017998585,-84.47738730785329,0.0,1.6660190372919044,1.3736976713472515,0.0,0.08188968217994627,0.18719818505060454,0.08306824223823644,1,Okay
8844c1a06dfffff,33.67262711212236,-84.5145872468171,0.36384367593853295,2.07438559345305,0.6446783559920926,0.0058935796452508505,0.10196208636526302,0.08785238608198848,0.04828395289194712,1,Okay
8844c1a13bfffff,33.71270006561452,-84.47464655738821,0.13573859584036907,1.0291032247102065,0.36348981599945573,0.0021987086169799994,0.050583417185232994,0.04953392238973635,0.02597126498290784,2,Less Suitable
8844c1b8b3fffff,33.66632199968833,-84.43942560901326,3.392979646090671,3.8963504667933098,0.6454679887414052,0.05495985529326236,0.1915169600378851,0.08795999186789832,0.08181562039757902,1,Okay
8844c1a1a3fffff,33.75670356970049,-84.48169699118512,0.0,1.39143848971979,1.194259788546466,0.0,0.06839324950410741,0.16274560957474576,0.07193756878030905,1,Okay
8844c1ad07fffff,33.8459047211959,-84.4248573727113,4.254400864314638,0.1549274756262333,1.0032229218381108,0.06891325037321322,0.0076151361154888925,0.1367124033813589,0.08990310015069905,0,Most Suitable
8844c13267fffff,33.824287050860114,-84.34106303637257,6.202663895864829,4.451857166898582,2.685473332426095,0.1004714279799025,0.21882173033294447,0.3659580592714598,0.21850111073182962,0,Most Suitable
8844c1069bfffff,33.79148547932311,-84.29572652468762,8.144665346859176,6.090525115236641,3.0233759650188246,0.13192817982011162,0.29936702692570893,0.4120051341588644,0.26070284626617246,0,Most Suitable
8844c1ab35fffff,33.69997178701907,-84.32441491474243,0.0,1.9503490199536522,0.0,0.0,0.09586532795182626,0.0,0.009586532795182626,2,Less Suitable
8844c1324dfffff,33.804716728762116,-84.36574723483758,9.25539104408912,8.217093794053223,2.9402952784171816,0.1499198361097687,0.403894063738678,0.4006834626812295,0.27562270950124396,0,Most Suitable
8844c132abfffff,33.8926463658206,-84.37975860696955,1.4376146781619468,1.064307165460149,0.0,0.023286639744593125,0.052313793282363595,0.0,0.016874699200532924,2,Less Suitable
8844c13027fffff,33.8929580943802,-84.2994655567553,0.694413092000108,1.389776867093553,0.0,0.011248179190831766,0.0683115759183201,0.0,0.012455247187247893,2,Less Suitable
8844c1a1e5fffff,33.72710478052324,-84.47386260950286,0.17844293638605865,1.400981197868691,0.5126985885797439,0.0028904381944000984,0.06886230136963695,0.0698670801166942,0.03627828128084142,1,Okay
8844c114d3fffff,33.67638134008301,-84.30217641508455,0.5629848784062752,0.9832826177569127,0.0,0.009119290616775168,0.048331201060021915,0.0,0.009392765414389777,2,Less Suitable
8844c1ab59fffff,33.66757404998592,-84.36863048623137,0.0,1.465468977598269,0.0,0.0,0.07203206334014212,0.0,0.007203206334014212,2,Less Suitable
8844c1a153fffff,33.69306234293408,-84.49931816664707,0.0,1.5337959570743664,0.37816519882872124,0.0,0.07539053314653064,0.05153378384969427,0.028152566854530776,2,Less Suitable
8844c1a00dfffff,33.688609698358704,-84.53261300667742,0.0,1.1178365280144091,0.1897372358077904,0.0,0.05494491717035278,0.02585610132461116,0.015836932246879744,2,Less Suitable
8844c1a807fffff,33.73955499719205,-84.36464323955302,13.549674473909564,9.646784556327392,3.1020784687362997,0.21947910863977518,0.47416752371578846,0.42273017662064605,0.3262483773397249,0,Most Suitable
8844c13351fffff,33.822674465858015,-84.32227909833763,5.325641205927218,3.2482134100521995,2.704223693094536,0.08626531855528065,0.15965913824981637,0.3685132310238687,0.20650386551216943,0,Most Suitable
8844c1a849fffff,33.70476368770957,-84.38071694684851,0.0,3.944915525594906,0.2654310148360748,0.0,0.1939040739551292,0.03617113522855554,0.03385886148693514,2,Less Suitable
8844c1aa27fffff,33.69716660096714,-84.37642162083235,0.0,2.7194897592305853,0.2111792224054159,0.0,0.13367083273970545,0.028778069570373894,0.024878311102120104,2,Less Suitable
8844c1ad33fffff,33.86789179941963,-84.42837385677655,0.8850950708436307,1.1143264237066346,0.2676645758254669,0.01433686673316572,0.0547723853326318,0.03647550974424062,0.027235875797542285,2,Less Suitable
8844c132c5fffff,33.864680132227626,-84.3907545309088,3.096464610591421,2.6196289790212774,0.39988891284629013,0.050156872327510774,0.12876238489455102,0.05449414399404752,0.0597523322508295,1,Okay
8844c1ab53fffff,33.6819723496921,-84.3678334549797,0.0,1.6137970400702162,0.0,0.0,0.07932281910121616,0.0,0.007932281910121616,2,Less Suitable
8844c13253fffff,33.83590353418285,-84.39234532744001,6.9179280202839735,5.989477384780369,1.2058299957855505,0.11205735447369429,0.29440023702304396,0.16432231880341594,0.15119762846051793,0,Most Suitable
8844c1ac19fffff,33.85388110795366,-84.51896346125665,0.6716821832791285,2.671829480789863,1.330181763622711,0.010879981445988588,0.13132819140923024,0.18126813281511206,0.09108006298996214,0,Most Suitable
8844c1a913fffff,33.75074111646996,-84.32629626671847,6.539837516543257,8.682801800413623,1.6751847033471203,0.10593300315396606,0.42678496700920737,0.22828278931532436,0.1869581140040335,0,Most Suitable
8844c1a847fffff,33.718362658619476,-84.37053340617982,1.5339753896488835,5.83681751578925,1.2527636576164516,0.024847501085267468,0.28689656037020356,0.17071811934656367,0.10940065431827957,0,Most Suitable
8844c1a99bfffff,33.79712068054391,-84.36144967551957,8.340929045832528,10.252518030943433,3.8420697757349775,0.13510728067540972,0.5039410860891763,0.5235711640611496,0.32737621457108235,0,Most Suitable
8844c1ae15fffff,33.81226098937746,-84.54012834806991,0.1702944357926096,1.0027118051926802,0.3776023346233311,0.002758447890836381,0.04928620214255206,0.05145708054016937,0.026890676375741145,2,Less Suitable
8844c1ae0bfffff,33.7978562434847,-84.54090451888334,0.14253391665740264,1.150540709218119,0.3635681493289887,0.002308779966569663,0.05655242281391401,0.04954459712364862,0.026627471114135683,2,Less Suitable
8844c132d7fffff,33.88827117841021,-84.41307522893185,0.0,0.5484148065844886,0.0,0.0,0.026956183097991724,0.0,0.0026956183097991727,2,Less Suitable
8844c1b9a3fffff,33.6447820917155,-84.35575590634404,0.5607662594970557,0.3271893750701834,0.0,0.00908335318510148,0.016082309587953442,0.0,0.006149907551346085,2,Less Suitable
8844c11497fffff,33.69676469245658,-84.28690348764768,0.0,1.1759931952395628,0.0,0.0,0.057803486543878076,0.0,0.005780348654387808,2,Less Suitable
8844c1a167fffff,33.681517859830024,-84.44802987905068,1.8313287283283577,6.310733809599357,0.59362835750023,0.029664062977591773,0.31019092484702915,0.08089563914716963,0.07820937963236665,1,Okay
8844c1af39fffff,33.8059138490261,-84.4648441270498,1.1098646586027687,3.912906770497483,0.0,0.017977709091828765,0.1923307505277064,0.0,0.028221929598685025,2,Less Suitable
8844c1ad61fffff,33.823116003818775,-84.4119406350969,1.3168834346141303,3.3577401977126873,1.6239803574395328,0.021331021860940692,0.16504269847988853,0.22130500896340535,0.11569178436382135,0,Most Suitable
8844c1af2bfffff,33.797520749369696,-84.45113035561256,0.13866942019455186,4.80847758790562,0.5823398665791858,0.0022461824303232204,0.23635066144444908,0.07935732030419802,0.05650108548128573,1,Okay
8844c1af37fffff,33.81951423721621,-84.45465175370626,3.0671277023877925,1.8720299431969187,0.886401239552922,0.049681669880752545,0.09201571749679759,0.12079273826545468,0.0823595019962379,1,Okay
8844c1a13dfffff,33.70431144687714,-84.46094250777652,0.0,2.1253380009325915,0.3546757632598475,0.0,0.10446654541489374,0.048332803169539404,0.029779775809305138,2,Less Suitable
8844c13215fffff,33.84868433120935,-84.37274972762008,20.28343126386526,5.3193322519920665,0.7189003183231004,0.3285532373874659,0.2614606542751328,0.09796685080669917,0.2296094244439259,0,Most Suitable
8844c1aa91fffff,33.75432406258378,-84.45349178573674,0.0,2.382270863966574,0.6430805031795168,0.0,0.11709554305806415,0.08763464155731528,0.04676341092873253,1,Okay
8844c1a99dfffff,33.78872153411084,-84.34776160338757,8.038817719719743,9.264654765647961,3.6491763652859914,0.13021364838240582,0.4553847328773995,0.49728496070109196,0.30955928175937963,0,Most Suitable
8844c1a945fffff,33.70516372316723,-84.30056521018041,0.0,2.606941360854823,0.17296647046989166,0.0,0.1281387515530255,0.023570695373471114,0.022242153304690995,2,Less Suitable
8844c1a1d3fffff,33.74624951010363,-84.52950608931297,0.0,0.6596556896900944,0.25604948002812383,0.0,0.03242399610554413,0.03489268340784663,0.017199472973693068,2,Less Suitable
8844c1ae61fffff,33.78107968919933,-84.51344733669032,0.11552333031542414,1.9189730434604906,0.5739848725072729,0.0018712595356847567,0.09432310743357399,0.07821875848015655,0.041655443903262396,1,Okay
8844c1ad59fffff,33.82711092989781,-84.45896154065598,1.558826406126366,1.4156706775357415,0.40667698987296996,0.025250040567361492,0.06958433202738913,0.05541917700959593,0.041751124290258027,1,Okay
8844c13261fffff,33.817496685192076,-84.34616022523993,6.56352826418696,5.7389713295409255,2.72066017819555,0.10631674847462759,0.28208713567874294,0.37075308353559605,0.2296683212194265,0,Most Suitable
8844c1a961fffff,33.71115364354111,-84.28609590630447,0.0,1.6185899612367365,0.19594905862847606,0.0,0.07955840511929545,0.02670260633233082,0.01863688304486187,2,Less Suitable
8844c1303dfffff,33.89458106845612,-84.31825665606566,2.8040849842115403,1.74544817873451,0.0,0.04542087517083731,0.0857938555434955,0.0,0.031289823139768205,2,Less Suitable
8844c1a1cbfffff,33.72345518981759,-84.51656341913004,0.8010137533621061,1.5241079438215213,0.18269724695724496,0.012974908359210903,0.07491433911244555,0.024896739477323397,0.023937583881779367,2,Less Suitable
8844c1ac0bfffff,33.84548941651177,-84.50523064317663,6.657052005942641,1.6269218020667662,1.1469385985771627,0.10783165626940287,0.07996793933365477,0.15629699932995983,0.12443142180005085,0,Most Suitable
8844c1aa07fffff,33.69195650356105,-84.40028679567264,0.5833759787908062,3.4497382616224654,0.6753486407175114,0.00944958789035164,0.16956467094605437,0.09203192409485618,0.05849403067772373,1,Okay
8844c1b8a3fffff,33.650335232048306,-84.42143700419913,7.393958720321672,1.9656634613874673,0.45665038053835394,0.11976815180174968,0.09661807729844658,0.062229211144843366,0.09443756808865686,0,Most Suitable
8844c1ad0bfffff,33.83990868639482,-84.4393605342716,1.3766285206413031,0.3471385799197274,0.7978261482228776,0.02229877929689237,0.017062871039116242,0.10872232664321325,0.056344607409643116,1,Okay
8844c1b881fffff,33.63750937254294,-84.44100111936682,11.796782494714584,0.184700302835085,0.16690046445110165,0.19108557270086204,0.009078557182810193,0.022744061288760286,0.10554826658421615,0,Most Suitable
8844c1aa2dfffff,33.682768566009564,-84.37721768015068,0.0,1.7249554512720808,0.0,0.0,0.08478657837478656,0.0,0.008478657837478656,2,Less Suitable
8844c13353fffff,33.830269911671984,-84.32657293452681,7.128078951106639,3.323481438846877,2.6439849326052234,0.11546140222890722,0.16335878082192418,0.3603043020371595,0.21818830001150985,0,Most Suitable
8844c1ac35fffff,33.865093888893995,-84.4805229626281,3.8625990752710635,2.128962937499186,0.6694775811168564,0.06256680215496749,0.10464472159218605,0.09123185598344367,0.07824061563007982,1,Okay
8844c1a9a7fffff,33.79229238663531,-84.3051120499849,11.100550928110822,7.5762205962963804,3.3153145820051275,0.17980793765956962,0.3723932817504596,0.4517885453023231,0.30785871512576,0,Most Suitable
8844c1ae33fffff,33.825872701104345,-84.52993619793857,0.0,1.5404161089715884,0.3025201644340024,0.0,0.07571593287049039,0.04122539253321637,0.02406175030033559,2,Less Suitable
8844c13339fffff,33.84222705111196,-84.2975951241585,0.7907418943358715,2.577583048718442,0.6224858590761275,0.012808523663586483,0.12669570510735234,0.08482814338939121,0.05300508969828496,1,Okay
8844c1ac2dfffff,33.84230421557969,-84.46758361142324,0.1189477193268331,0.3783589813193926,0.47507021968827523,0.0019267281633117213,0.018597444588950764,0.0647393416704397,0.028718845208726813,2,Less Suitable
8844c1ac55fffff,33.838687130364974,-84.51032797846977,2.703170140047008,1.4343027707725156,1.2061323956655163,0.04378624549110577,0.07050015361126892,0.1643635278043991,0.09468854922843942,0,Most Suitable
8844c1300dfffff,33.87341666912554,-84.32416156026088,3.9405910360365852,3.434194995715986,0.38846728315425755,0.06383012446303074,0.16880067421094563,0.052937681903978136,0.06997020241420118,1,Okay
8844c13357fffff,33.82946259806996,-84.31718154023008,4.392948996622009,2.922800858590216,2.6648328899679634,0.07115746816907836,0.14366416471103666,0.3631453200149288,0.19520327856161435,0,Most Suitable
8844c116b5fffff,33.64679511768809,-84.29441420576346,0.0,0.0,0.0,0.0,0.0,0.0,0.0,2,Less Suitable
8844c1aad9fffff,33.72631318254901,-84.4644632449654,0.44635094045476886,1.5632586432487139,0.4861321711519378,0.007230041337168135,0.07683870987979691,0.06624678925538363,0.03779760735871721,1,Okay
8844c13299fffff,33.89586683791746,-84.41738276445231,0.0,0.1475128643757967,0.0,0.0,0.007250686403213653,0.0,0.0007250686403213653,2,Less Suitable
8844c1a047fffff,33.68179583283341,-84.53770265594794,0.0,1.0794439205321045,0.3662939561623487,0.0,0.05305780882740382,0.049916051558381046,0.0252722015060928,2,Less Suitable
8844c1a83bfffff,33.75474817084203,-84.37323529525166,34.25614640226842,18.69099365280505,5.491966130227535,0.5548848049656618,0.9187167106707085,0.7484078290164772,0.6686772051564926,0,Most Suitable
8844c1ae6dfffff,33.77348207747705,-84.50913281186055,0.0,1.781386374509394,1.0171343047317474,0.0,0.08756032241107085,0.13860815212109343,0.06419929308954446,1,Okay
8844c1a1e1fffff,33.72789574932039,-84.48326313299695,0.0,1.079430800033384,0.6635101680699438,0.0,0.053057163916723805,0.09041865747904951,0.04147317938329219,1,Okay
8844c1aae9fffff,33.71554315027238,-84.42257571070876,0.5366214641407243,4.050693911811502,0.6208464750125172,0.008692253149945553,0.199103389350027,0.08460473926801147,0.05809836121718007,1,Okay
8844c1a84bfffff,33.71236074798938,-84.38501310184681,0.3807512141216248,4.752660517279752,1.2442855112916242,0.006167449797398296,0.23360709004973212,0.16956277517025406,0.09426954397177399,0,Most Suitable
8844c1a969fffff,33.70436093028196,-84.29118792792056,0.0,1.9203394823721482,0.17259744259510557,0.0,0.09439027188109185,0.023520406762058323,0.018847189892932513,2,Less Suitable
8844c1a96bfffff,33.71195714356528,-84.29547319564456,0.0,2.53154305987362,0.20163971031854389,0.0,0.12443270572398446,0.027478089679471594,0.023434506444187084,2,Less Suitable
8844c1a88bfffff,33.786733248247025,-84.40922250116684,21.692391805641016,6.141426878070302,3.8721356094880277,0.3513757342978534,0.3018689966436679,0.5276683316024502,0.41694209945427363,0,Most Suitable
8844c1ac85fffff,33.897074547821,-84.51662474378227,1.152217689529701,2.9592930481231137,1.10891785180117,0.018663748117632297,0.14545786198340208,0.15111579029161729,0.08432397637380327,1,Okay
8844c13343fffff,33.81427183826455,-84.30859704580332,6.981509191246723,4.526791673765415,3.022479922291145,0.11308724923286713,0.22250497933207394,0.4118830275441062,0.24354733356728347,0,Most Suitable
8844c1aae1fffff,33.722345764653745,-84.41748381681944,1.13921734025873,5.188056064943896,0.9511618506180767,0.01845316703869253,0.25500804779553093,0.12961787432488717,0.08657453802885423,1,Okay
8844c1aa4bfffff,33.66473944537934,-84.42064678133572,5.470038300649565,3.8970124268387636,0.7002106064374245,0.0886042784838648,0.19154949729977985,0.09541994385832682,0.10162506651524111,0,Most Suitable
8844c1ae4dfffff,33.76825471691658,-84.53304522927031,0.44484828455909076,0.7765875314433931,0.4656963104863143,0.007205701152670656,0.03817153628579219,0.06346192901550286,0.03280477581111569,2,Less Suitable
