hex_id,lat,lon,restaurant_accessibility,grocery_store_accessibility,school_accessibility,hospital_accessibility,marta_stop_accessibility,police_station_accessibility,police_station_norm,grocery_store_norm,hospital_norm,marta_stop_norm,restaurant_norm,user_match_score,suitability,suitability_label
8844c1a9cbfffff,33.75994211902456,-84.34936214147262,2.070169434761888,1.2273669133647411,16.613111944124825,4.947828888921862,473.3686723651234,13.499604534456111,0.6416339182812695,0.5238049720822946,0.6591514409342495,0.6342466108494735,0.5867398736881049,0.5849037726189883,0,Most Suitable
8844c1a989fffff,33.77352945174927,-84.33917298085882,1.4673040703362645,0.984449913081064,15.890321942805787,5.423989080932185,409.6590513812778,12.33426867062573,0.5747653968931964,0.41863020111650556,0.7508554109701832,0.5355162488725611,0.4158721457454839,0.4811593200897579,1,Okay
8844c1a9bbfffff,33.802305160091954,-84.33756965864161,1.3942252828645152,1.4196534050267564,13.025573998419402,6.093792708601648,332.34806527586284,10.657068012556573,0.47852539299633534,0.6070584607090703,0.8798532836029892,0.41570794480314766,0.39515971621655216,0.5217903935084414,1,Okay
8844c1a933fffff,33.75592526851133,-84.30243471025587,0.47174637859080787,0.5403255607489421,14.917838938995244,4.116500146251804,412.3901170181413,7.556319773209896,0.3006003360258388,0.22633951342354094,0.49904535187636234,0.5397485625285883,0.13370519627009578,0.2566811187692646,4,
8844c1aac7fffff,33.72393461631573,-84.43627210800642,0.3573505669543769,0.219564890542484,16.051667622684125,3.0710550276815654,516.0467260228203,13.145645182328423,0.6213232600042117,0.08746108999331328,0.29770246467948414,0.7003844974202149,0.10128244722215228,0.24964230258083206,5,
8844c1aad1fffff,33.73311851865336,-84.45937105750382,0.2116946865535352,0.16205504536669754,14.832141036018626,2.631603209321405,450.31039644869463,11.29993446194001,0.5154139246673455,0.06256128970112365,0.2130681818071708,0.598513359063691,0.0599997814493628,0.1943878062339582,6,
8844c1ab55fffff,33.67357842624736,-84.35415872193254,0.05300154043153284,0.04467592743270965,12.213896418025627,2.5240278178659605,167.12870066680634,7.26742999895928,0.2840234566489549,0.011740137494992638,0.1923501742119033,0.15966863046499175,0.01502201540409154,0.08559286079759514,8,
8844c1ab31fffff,33.7007720000445,-84.33379568033264,0.21061918088562587,0.1136098407698603,13.505077656068353,3.0928139506721424,264.222723759662,9.50833162092001,0.4126093713946968,0.04158616942583214,0.301893028391914,0.3101345710516265,0.05969495516357979,0.1535309033825485,7,
8844c1a9cdfffff,33.75154377951323,-84.33568174498627,1.0913621176939385,0.7260561136628738,16.155102207995615,4.428096170736328,429.7777406752555,12.747915885734999,0.5985010241137768,0.3067545043103881,0.5590558125828831,0.5666940434634143,0.30932041616070766,0.3989209655131861,2,Less Suitable
8844c1aa25fffff,33.68956948816151,-84.3721271236066,0.1994175812212194,0.078274968822916,15.647815244766663,2.9476709203575857,320.93863753814367,11.141481946384374,0.5063217086339357,0.026287375764682708,0.27393984724357856,0.3980268330165924,0.05652013040680594,0.1679866768511664,6,
8844c1a837fffff,33.760743611189284,-84.35875112010574,2.4679941700224153,1.1811458015573237,17.069773641753432,5.2502652559237015,514.2995967019853,14.0929861785757,0.675682946027382,0.5037928080820302,0.7173978378457998,0.6976769831138551,0.6994937531518954,0.6316322464958434,0,Most Suitable
8844c1a951fffff,33.72196033531496,-84.32790165969517,0.4130637579804878,0.29259895222949955,14.440277982809405,3.4990989691441783,373.4828869988714,10.595707545349942,0.47500444779835416,0.11908234623171138,0.38013969786402435,0.4794542954461404,0.11707301494888596,0.22951869446910517,5,
8844c1b9b9fffff,33.646371829099365,-84.37451613354214,0.0,0.02436239344411051,9.639731965220633,2.0993004340353427,109.75976653925304,3.120459877077372,0.04606479692034393,0.0029450705286554624,0.11055167880261241,0.07076438735108008,0.0,0.023768828509083517,9,
8844c1a865fffff,33.71596527901207,-84.34237710323242,0.4386280999265133,0.37791428592846166,15.403780369761074,3.448788269903913,367.6125838266968,11.771927043520613,0.5424974865966025,0.15602097412181196,0.3704503308547046,0.47035712694705334,0.1243186145179163,0.253930065462823,4,
8844c1a863fffff,33.72436171342043,-84.35605450086634,0.6658484743105508,0.5305548797117152,17.539417139519667,3.753497433424485,452.58798430039974,13.797359277576827,0.6587194813594739,0.22210914198362502,0.4291344469778752,0.6020429213112843,0.1887187798023528,0.3326606681793349,3,
8844c1ad21fffff,33.844301874110634,-84.40605010368415,0.8957053757256683,0.6904155140249374,9.02315513166698,3.849510848685395,101.45242397357377,3.8109827041102706,0.08568791490851815,0.2913233409927698,0.4476257268115813,0.057890555645446554,0.25386620543718136,0.2381375248328224,5,
8844c1a9d5fffff,33.77433235871583,-84.34856197739674,1.8875987302330326,1.3902301493381701,16.54052170645548,5.5479319346008085,439.2844832561216,13.24918640213873,0.6272645928734113,0.5943191951389328,0.7747256376915911,0.5814265771331443,0.5349945864108197,0.5939947105642139,0,Most Suitable
8844c1b995fffff,33.64716576058254,-84.38389798794536,0.0,0.030901762499526794,10.051061606925753,2.099761428942708,130.94580097549414,3.2504026665400434,0.05352108696178323,0.0057763941571417135,0.11064046208160355,0.10359623937662883,0.0,0.028698704334197144,9,
8844c1a981fffff,33.780321892918536,-84.33407787211587,1.280212680911637,0.9082315096335098,14.808413899614287,5.684358613031442,384.462540968803,11.796829813793899,0.5439264406675499,0.385630233569511,0.8010001315296512,0.4964693897771436,0.36284557876220497,0.4482688043307298,1,Okay
8844c1af2bfffff,33.797520749369696,-84.45113035561256,0.4810663258648012,0.3201969029864624,11.669368656430729,3.190861836554206,322.217108206602,9.854128165396533,0.4324516369148248,0.13103131705960339,0.32077612811315326,0.40000807022887724,0.136346711787859,0.22126663229679414,5,
8844c1a123fffff,33.70352008498925,-84.45154665871257,0.05433285137568284,0.13648905500523678,14.268458037924823,2.594202136999566,372.4224548342314,10.566414774199414,0.4733235896397828,0.05149208837869612,0.20586508740099385,0.4778109510053783,0.015399343559987152,0.15815741212005588,7,
8844c1af0dfffff,33.783918288779084,-84.46132065218194,0.3510066227109975,0.14667920435951465,12.541413861371211,2.9364838768896075,396.9485820771836,9.435989503195044,0.4084582844879143,0.05590407528447784,0.27178532799524147,0.5158189219082734,0.09948440838458585,0.18550622946296652,6,
8844c1ab53fffff,33.6819723496921,-84.3678334549797,0.12030843823429113,0.06353000771722869,14.695234980469865,2.81326830389416,262.98616888935766,10.002617269438858,0.44097213914747146,0.019903310815012173,0.2480551686842969,0.30821829046379473,0.03409854124395398,0.13785209547324156,7,
8844c1a1e5fffff,33.72710478052324,-84.47386260950286,0.06106576178013612,0.18520226540891233,13.435636703422828,2.3072347160890843,377.3803299077778,8.466064249039697,0.3528026837161875,0.0725832460219726,0.15059786386985613,0.4854941359480679,0.017307625526635274,0.14177173778706087,7,
8844c1a1b7fffff,33.77189858053016,-84.49031885255347,0.06717329063539383,0.0832466889396982,11.805597627490137,2.2809409241065453,359.714807661549,3.9507680604976616,0.09370898452754275,0.02843996090272547,0.1455339270843855,0.45811799747875237,0.019038658092813868,0.0817486974666984,8,
8844c1a167fffff,33.681517859830024,-84.44802987905068,0.0,0.0972801950899866,13.771855054508778,2.216405597106991,339.6948264579232,6.87281269498374,0.26137979103288245,0.03451599013690812,0.13310503069042146,0.4270931701374291,0.0,0.10175181195343733,8,
8844c1ab0bfffff,33.68037804117575,-84.34906848923448,0.08994023414633517,0.061209865739978345,12.553570269908969,2.6894621415194604,195.52293515161455,8.18961324200946,0.33693955734196435,0.018898768519576066,0.22421126741917963,0.20367098058811167,0.025491402170455233,0.10661017045427877,8,
8844c1a9e5fffff,33.763521134903996,-84.30672343013441,0.574704684683686,0.6241833961845323,15.621017633113162,4.468869606691719,410.61276798900104,9.12021652732636,0.3903388112561833,0.2626470943064162,0.5669083924748076,0.5369942169478662,0.16288625869797618,0.2988928036627175,4,
8844c1a861fffff,33.71676503123736,-84.35176137492287,0.5246436375760175,0.4742330658131413,16.985869067828773,3.515464951842314,395.57904214047375,12.90038523612643,0.6072499181743812,0.19772371868989622,0.3832916320494968,0.5136965552765917,0.1486976555993964,0.29143112673600174,4,
8844c1a821fffff,33.73795437812288,-84.34586882723985,0.9007051645501152,0.5378226145746143,16.64498837728269,4.096800815266113,453.75955922960486,13.446618823546807,0.6385935277353583,0.2252558231494259,0.4952514461934602,0.603858502930783,0.2552832756605472,0.3582044499862377,3,
8844c1ad49fffff,33.811119941694635,-84.44093864146286,0.6017696483057623,0.5967838897238875,10.113197880834011,3.463004532076474,235.0523021922819,9.62368549852466,0.4192285302751674,0.2507840430864164,0.3731882491061054,0.26492936913876575,0.17055717348897576,0.26349496209139783,4,
8844c1a8d3fffff,33.78832980743121,-84.42802028803426,1.1165066425486578,0.6090691381797582,13.758190289934326,3.8049275299360357,431.39698366007946,12.112326277334674,0.5620300472542331,0.25610313640263177,0.43903939936276115,0.56920337319339,0.31644702864443525,0.3685419606044071,2,Less Suitable
8844c1a88dfffff,33.77833748906837,-84.39552441565458,2.6290014010002722,1.4486344348270492,16.13521625438622,5.1650715265994,577.6404527098282,14.90709843508963,0.7223977898133259,0.6196062575616537,0.7009903276584808,0.7958358725407364,0.7451273910467016,0.7000463645216075,0,Most Suitable
8844c1af05fffff,33.790719927499886,-84.45622568111659,0.39299887935009037,0.23524477786355386,12.31204222404796,3.0627940608672937,368.25185528967825,9.46237687314244,0.4099724268622017,0.09424994608752266,0.2961114802462719,0.471347801541675,0.11138610635315517,0.2008290287729218,6,
8844c1a831fffff,33.75394801268827,-84.36384516268166,1.8552508773211223,0.8547373512471379,17.94834017113802,5.1595884808381065,563.6223142064027,15.040260675660118,0.7300388162401651,0.36246908861166927,0.699934344666546,0.7741120596014534,0.5258263633596476,0.540608820386133,1,Okay
8844c1a8adfffff,33.783532589883315,-84.37164087833055,2.7108879430999964,1.9902222588011225,16.34699855176505,5.742041015756649,495.32567144162994,13.959271134156461,0.6680101989806504,0.8540953022880997,0.8121092192271763,0.668273221481797,0.7683361673727195,0.7755107264427958,0,Most Suitable
8844c1af03fffff,33.79911242895527,-84.46993978170681,0.2256100815557024,0.17608957386908122,11.014327321744663,2.753232635907877,272.59508036124953,4.924040885715255,0.1495566733780129,0.0686377615788732,0.23649286425297222,0.32310915456208444,0.06394376640479267,0.11575345645881216,8,
8844c1af21fffff,33.79672396461184,-84.44172738428598,0.7102276147675504,0.4141823801712761,11.93310806236672,3.3978497821760225,347.4267492091178,10.307910500827816,0.4584902707062698,0.17172382118850193,0.3606400576931612,0.4390752777094791,0.20129698274018218,0.2673982577108263,4,
8844c1aa0dfffff,33.67755597082286,-84.4010797972882,0.00855656962568965,0.2793054071408854,14.907827998862334,2.765253390014968,343.535909524399,10.527597755583171,0.47109621749744635,0.11332669488419088,0.238807948321197,0.4330456701787133,0.002425154432810026,0.1730877875635672,6,
8844c13217fffff,33.856280002384345,-84.37705075339468,1.4548403287200156,0.9176436421880534,7.135893061323125,3.516756792533552,109.3487981578595,2.429332971489915,0.006407016101479174,0.38970536575279885,0.3835404284042284,0.07012751247363673,0.4123395971246797,0.30622181871589477,3,
8844c1a8a9fffff,33.78433369628347,-84.38103453945332,3.465059103997933,1.8442765638107663,15.59761131036263,5.595186485519335,514.4361794659687,14.139329145829667,0.6783421671096397,0.7909057971232565,0.7838264193071197,0.6978886444849268,0.9820878942864943,0.827531180304194,0,Most Suitable
8844c1a9a7fffff,33.79229238663531,-84.3051120499849,0.6648382482424506,1.3619951652917135,13.01444836600463,5.479816055746548,319.79714416335025,4.481770719338009,0.12417862315436676,0.5820944106370622,0.7616071607205323,0.3962578685753163,0.1884324554534177,0.37402747833054173,2,Less Suitable
8844c1ab49fffff,33.65158354716312,-84.35066706262951,0.0,0.028436582512694472,9.238833412947487,2.174226270541082,85.06604846757533,2.674629826804236,0.0204824758252522,0.004709055353345534,0.1249816895030672,0.032496702092196586,0.0,0.018106630388262525,9,
8844c13259fffff,33.82151362647592,-84.3931404124768,1.6901035470444077,1.5673013354652354,11.465179569176689,4.707595433698683,242.59658867462656,9.381741524456153,0.4053454633355317,0.6709849757298605,0.6128847392043039,0.2766206980739713,0.4790193136180247,0.5250177934450733,1,Okay
8844c1ab13fffff,33.70316888923743,-84.36194495367852,0.36987729860001745,0.18350514754654823,16.299863985957572,3.2145061318547423,355.3819587885211,11.947010927464627,0.5525440326625024,0.07184845190600851,0.3253297967821086,0.45140341134530526,0.1048328488559844,0.21571220637503252,5,
8844c1a959fffff,33.71516490146465,-84.33299399455056,0.384070478713373,0.24067175887837183,14.444609133026937,3.379390970406086,348.044532016059,10.831193125693273,0.4885169235184551,0.09659964365748529,0.35708506433199316,0.4400326514814542,0.10885556533856093,0.21633103323621186,5,
8844c1af57fffff,33.79310437849685,-84.48444152254751,0.0764580223030285,0.10415594774608644,10.740614637826155,2.4772519908416997,288.7016289215923,4.007456187329989,0.09696182462213807,0.037492956384549164,0.1833415903113284,0.34806936221996043,0.021670192591593924,0.08016559980667809,8,
8844c13221fffff,33.838672093946926,-84.34026133541921,1.5360369276603452,0.8473405966170859,10.213367225775889,4.349548257670251,246.0341580172722,3.460861470116824,0.06559749295346445,0.3592665462898171,0.5439282240379748,0.2819478756694274,0.43535282561031446,0.34462904776790476,3,
8844c1a8b9fffff,33.80032699910482,-84.399031379775,1.8294455820795417,1.5658859624074868,13.091164955273761,5.012281675812852,376.7139852785552,11.437594829304098,0.5233130595906618,0.6703721674990408,0.6715644408804012,0.4844615062537051,0.5185124713582083,0.5798492184787022,0,Most Suitable
8844c13255fffff,33.827504690651104,-84.37864489531373,1.7328274728215969,1.5402491308159107,10.89915160447671,4.486338780152374,229.3002820279052,8.97853159739231,0.3822087415812303,0.6592722943416096,0.5702727908148387,0.2560155030043022,0.4911283856548511,0.5160257080806203,1,Okay
8844c13359fffff,33.81588551531526,-84.32737630413817,1.2052853566285981,1.101608708924505,11.946279029653997,5.536017445721674,294.80631596150977,6.609491990625491,0.24627009888505288,0.46935596137647834,0.7724310193058065,0.3575297537887573,0.3416092258108947,0.4055301433011802,2,Less Suitable
8844c1a801fffff,33.73275765804216,-84.36973623397995,0.9070678488705689,0.412883825119752,19.20237043400479,4.153678377727965,578.2234308962288,15.652625266922623,0.7651771107345459,0.17116159116766755,0.50620552923366,0.796739309831355,0.2570866259234834,0.3788576607415592,2,Less Suitable
8844c13203fffff,33.84108862790876,-84.36844953294664,1.6130239859385136,1.3283762532177237,9.073542778430008,4.0832120741603815,190.75192958804212,4.246580802540773,0.1106831130016781,0.5675385690394315,0.4926343825915557,0.19627738604130363,0.45717296076024094,0.41742700948624206,2,Less Suitable
8844c1ab2dfffff,33.67718192832102,-84.31155250417257,0.00869554521649042,0.03400683079311109,9.77454781731542,2.5145537899110666,145.32158815267405,2.412307236052623,0.005430056763341157,0.007120782759954567,0.19052556562371548,0.12587429800871391,0.0024645437307210705,0.030466773593484518,9,
8844c1ad29fffff,33.83750748394404,-84.41114792016322,0.885963628734767,0.7346031597068228,9.63772442886519,4.013508438552539,124.83306641496773,6.258129379143843,0.22610844503909386,0.3104550835578538,0.47921011861814344,0.09412337662042781,0.2511051409064415,0.2726492735978283,4,
8844c1ab37fffff,33.707568356976495,-84.32870404057589,0.2553850012199502,0.14606999218077335,13.748577866663714,3.2019814813306215,305.67387174729913,9.562638570647117,0.41572557638079566,0.05564030720198934,0.3229176670080396,0.37437113033386865,0.07238275323819825,0.1700693493220208,6,
8844c1af07fffff,33.798316904242824,-84.46053448818337,0.34405928372755556,0.25002574614443157,11.38138641391109,2.9952185272852296,295.4231390666628,8.643917736449042,0.36300815331160896,0.10064960091521472,0.28309706868740414,0.35848564031746427,0.0975153517802495,0.18002156886749526,6,
8844c1af4dfffff,33.76271522671272,-84.4672005302612,0.2620197416891132,0.12317594948071259,14.0553174727896,2.6731698080794066,468.15680804173564,9.741896785304968,0.4260116510935714,0.045727968029975925,0.22107351738742198,0.6261698205111178,0.07426321129127438,0.18160261311422363,6,
8844c1ad59fffff,33.82711092989781,-84.45896154065598,0.2911821381138925,0.39202920067076874,7.726106149972953,3.097860796826712,122.48740428606959,3.311131280902429,0.0570057756034007,0.1621322504980646,0.3028650034463187,0.09048832013311374,0.08252859310369859,0.1238340207661072,7,
8844c1aa45fffff,33.663154384984296,-84.40187259101046,0.0,0.09269562313215522,13.346509134653719,2.3190069707602294,263.3325603737619,8.083423684376415,0.33084625932705936,0.03253102693928092,0.15286508928628628,0.3087550909675934,0.0,0.10445306722209349,8,
8844c1a943fffff,33.7135622715057,-84.31423126736038,0.20971473923703982,0.15990700476955944,13.214409667023018,3.2391236615719423,348.10848778217644,8.121024050771274,0.3330038183471772,0.06163126142988126,0.33007090123692173,0.44013176329285375,0.05943861287113807,0.16004081653568392,7,
8844c1aa37fffff,33.71315728890328,-84.39440201247092,0.47237665954449415,0.18339176803549373,18.437122295530074,3.371147758081338,556.2996042808568,14.150957154360288,0.6790093977006341,0.0717993624470845,0.35549749924630836,0.7627641063341689,0.133883834289257,0.2749177656605926,4,
8844c1b8bdfffff,33.651126034925,-84.43082465647956,0.0,0.03867342536264748,10.320622411010397,1.6072111833030474,207.70293417772916,3.204516240174019,0.05088806280272812,0.009141258949220951,0.015779922025470572,0.22254624140675094,0.0,0.03138894373621346,9,
8844c1aa6bfffff,33.669958455953996,-84.39678310207752,0.0,0.13273974897218288,14.202137742539696,2.625032166425618,299.83424535214266,9.489301969366842,0.41151742468526664,0.04986876682093526,0.21180266081039034,0.3653215014253884,0.0,0.1333028399075044,7,
8844c1a899fffff,33.79512850654612,-84.4229249265306,1.195981491535593,0.8918490259190075,12.700387880214652,3.989857501661467,378.2935073467379,11.655306408042717,0.535805639464985,0.3785371772148243,0.4746551708413801,0.48690928075203,0.33897226840160477,0.4086011260824246,2,Less Suitable
8844c1a1b5fffff,33.764301090677826,-84.48600750602122,0.0693051220728981,0.1026742915373689,12.296689262994263,2.341703643642466,388.9478159744783,4.225993918870616,0.10950181024275774,0.03685144981144013,0.15723625479913722,0.5034201896412427,0.019642874582228638,0.09213644687504753,8,
8844c1ad45fffff,33.81711940406127,-84.42643924564834,0.8281558168462908,0.7421417098987875,10.003946383719766,3.853238068023848,193.48523763963618,9.017240734711864,0.38442992335131543,0.31371901851888195,0.4483435541652031,0.20051317475203412,0.23472090313532806,0.3009563551863923,4,
8844c1a83bfffff,33.75474817084203,-84.37323529525166,1.8366048411205196,0.8501026112257164,18.965914035381946,5.593773581337425,627.9290898003735,16.712308732065836,0.8259831570022768,0.3604624043546196,0.7835543072638712,0.8737678279754433,0.5205415916199935,0.5694420360951933,0,Most Suitable
8844c1aa47fffff,33.67075200638984,-84.40616962820592,0.0,0.17996175132617065,13.961547028263485,2.6485937351024074,311.29344391608646,9.668709001620055,0.42181203874954365,0.07031428226994332,0.21634039711046527,0.38307974271943657,0.0,0.14369177886739684,7,
8844c1a8d9fffff,33.7739334085712,-84.42881049797417,1.0450074396282683,0.4235350107757328,15.623079218096583,3.7151779209807927,553.3358384009764,13.119212695804874,0.619806528780794,0.17577319105805675,0.4217544696511444,0.758171178710104,0.2961822944705705,0.35894672066977873,3,
8844c1a9c5fffff,33.758337255929106,-84.33058767573431,1.0510794542277855,0.7279467888146128,15.968840777778102,4.614415871197751,421.22651760825914,12.4320971467624,0.580378924934293,0.3075731021270195,0.5949392327320586,0.5534422718202594,0.2979032613727617,0.39425373403500236,2,Less Suitable
8844c1aae1fffff,33.722345764653745,-84.41748381681944,0.4660743688095327,0.1761321468000568,17.684870722697298,3.3474748377013883,599.7426887471472,13.986326659070418,0.6695626809753501,0.06865619420507667,0.35093831765655703,0.8300875558935064,0.13209760113960065,0.27693053473995605,4,
8844c1aa5bfffff,33.68072673612337,-84.43863754392054,0.0,0.09349849656003648,14.390541473093851,2.553884263122498,353.23782513361766,9.360051171818396,0.40410084205999197,0.03287864373346708,0.19810024447633573,0.448080662149714,0.0,0.13215809713999183,7,
8844c1aa23fffff,33.697962980047265,-84.3858081883863,0.3510892510498694,0.11542086656260336,16.562925805920997,3.088205087269467,436.4627241539851,12.501429896492226,0.5843573303040239,0.04237028178825409,0.3010054046920111,0.5770537164370145,0.0995078274054151,0.2178571848759792,5,
8844c1a841fffff,33.71156358063892,-84.37562535276507,0.5042998779516075,0.22213976103726862,17.67636829166468,3.4160454971928207,479.2865089332297,13.308750362164389,0.6306824521005722,0.08857592104358679,0.3641443810966738,0.6434174415256989,0.14293170487481696,0.266246435874761,4,
8844c1aa2dfffff,33.682768566009564,-84.37721768015068,0.12247066510190019,0.07766895298033266,14.858747168801308,2.831447909062017,316.4758428301578,10.811034596215794,0.4873602002926838,0.026024991586667545,0.2515563894825742,0.39111087071539113,0.03471137258900371,0.15502775979050148,7,
8844c1ad03fffff,33.8467051997663,-84.43426275212293,0.45383590005583696,0.8795288186173653,6.706598399838081,3.953238501556829,64.0962826117292,2.317676163649625,0.0,0.3732029479114488,0.4676026961811953,0.0,0.12862890070856312,0.20624417422177027,6,
8844c1a101fffff,33.69069627247851,-84.47112374736257,0.0,0.1927328529789585,13.702881425177186,1.706990953308483,300.6995765800582,4.420030831789021,0.1206359063126343,0.0758437334394547,0.034996566323556855,0.3666624992847806,0.0,0.07885881766595207,9,
8844c1aa3bfffff,33.70715118842691,-84.40888364725164,0.38419835701375316,0.1395399664547975,17.061172330266267,3.147215209722421,524.8907177677222,13.530324972257285,0.6433966978505917,0.052813028916286045,0.31237019870890603,0.7140899706723065,0.1088918093756685,0.24667274318751783,5,
8844c1a8a5fffff,33.7903270438269,-84.3665454533586,2.325160002077935,1.8511031377626472,15.507434140568018,5.869773156521024,446.96438062533366,12.674279943654415,0.5942756958450991,0.7938614706703184,0.8367092269679074,0.5933280613281312,0.6590108340966592,0.7025064915878456,0,Most Suitable
8844c106ddfffff,33.76190985301656,-84.28795826664985,0.2363888962578951,0.5647465258296425,13.454154212908408,4.037478631092593,377.00450449125515,4.006801347124014,0.0969242490203926,0.23691295787628305,0.48382655202717795,0.4849117218818657,0.06699876290443883,0.19818613792272632,6,
8844c1ab19fffff,33.688772564698475,-84.36274288879305,0.19012387733429537,0.08872785351345028,15.251203421484657,2.9309011073456306,275.61428774874634,10.33636735439961,0.46012316280267207,0.030813118104555573,0.27071013914163966,0.3277879995096397,0.05388605294766518,0.15479509570545885,7,
8844c1a901fffff,33.72714949491081,-84.30404621421303,0.22012362197985624,0.29265786457646165,13.706382138845111,3.419095885667911,396.93193620525665,6.402830972728927,0.23441161488553466,0.1191078532674131,0.3647318571982282,0.5157931259148992,0.06238876102964224,0.17294455583936819,6,
8844c1a92bfffff,33.73313750971024,-84.28957352054495,0.14043654046013476,0.26310087729462683,12.331227106828194,3.3677660143581165,394.0792575527669,3.905673871856922,0.09112142002258558,0.10631068648132792,0.35484620724360194,0.511372349403993,0.039803369051408855,0.13607646823530942,7,
8844c1a889fffff,33.77913663231031,-84.40492039239916,2.303305084185074,1.0226028080698513,15.503664816274664,4.656307260321651,583.3848020709045,14.389317277986867,0.6926868185365448,0.4351491025826091,0.6030071198789506,0.804737851284021,0.6528165818057127,0.5954151121491124,0,Most Suitable
8844c1a98bfffff,33.78112550731198,-84.34346687735162,1.6438075895031856,1.1282666136699786,15.635163606302532,5.853692311538133,405.9737751112647,12.271659575247739,0.5711728037504691,0.4808979243628433,0.8336122076218812,0.5298052015534195,0.4658978348521425,0.5244121711280152,1,Okay
8844c1ad0dfffff,33.83151259841828,-84.42564841303945,0.694324829493862,0.6668298386582612,8.526445370704101,4.023240350678428,128.5348692334033,7.1438389193041445,0.276931636162001,0.281111548479826,0.4810843932697412,0.09986003501812836,0.19678971967944328,0.25386773110407906,4,
8844c1aae7fffff,33.7291475639614,-84.41239156962496,0.6041409544045852,0.2439444531526005,18.306403967323057,3.556599651301206,648.4172654583431,14.8349261824854,0.7182564499930372,0.09801660858925658,0.39121378789097794,0.9055182130463388,0.17122926332738997,0.31751903238249807,3,
8844c1b8b3fffff,33.66632199968833,-84.43942560901326,0.0,0.06124403770789319,12.642780185488894,2.114038050199066,277.77405610342015,4.563055800389603,0.12884286918809298,0.018913563815478356,0.11339000492427581,0.33113497769206046,0.0,0.06482208135453629,9,
8844c1a90bfffff,33.72795253668508,-84.31342701155293,0.3198892682895143,0.37699890254671153,14.16371553344191,3.5183980794358383,398.95710536032766,8.972326054095525,0.38185265925548617,0.15562464435728735,0.38385652480924737,0.5189315166423427,0.09066494061726803,0.22097097498839866,5,
8844c1aabbfffff,33.76033170893566,-84.43899876700496,0.6242485282042579,0.26062221724675977,16.371662929825337,3.3521292656046775,556.0558341742694,12.610232223875167,0.5906005525213205,0.10523751127114488,0.3518347166502982,0.7623863374746018,0.17692827284481685,0.28534044130261565,4,
8844c1324bfffff,33.813115427726814,-84.37944165244342,2.0423910927558717,1.684545261231676,12.05488857053632,5.0088335594418085,320.43323783415167,10.965968090070438,0.49625049018172485,0.7217475943412182,0.6709003661306084,0.3972436185672268,0.5788667689044137,0.6052585348369843,0,Most Suitable
8844c1aa07fffff,33.69195650356105,-84.40028679567264,0.231991041658555,0.23538078655274292,16.069161895651558,2.962386562630062,434.9284404729511,11.994774046503768,0.555284743942538,0.094308833208301,0.27677394140066724,0.5746760475564828,0.06575229649990888,0.21685533297292212,5,
8844c1aa41fffff,33.663947228305226,-84.41125910635941,0.0,0.10121109735331271,13.156943354594079,2.336413413569164,279.47140856707205,7.919230616342789,0.3214246427593761,0.03621793666494618,0.1562174062933916,0.3337653531447923,0.0,0.10647531596806006,8,
8844c1b993fffff,33.655556738352374,-84.39757638250595,0.0,0.05534990989595004,12.006697129818122,2.18122164726504,208.45036060989156,4.289613908803741,0.11315240985922279,0.016361607624926534,0.12632893320014216,0.22370452301412724,0.0,0.05348205886936842,9,
8844c13229fffff,33.8318826574702,-84.34535922093671,1.5602209485835314,0.9537681605235164,10.321583802681419,4.617833040493778,276.8891733039149,5.185012205058484,0.16453155468975503,0.40534604935149665,0.5955973473665632,0.3297636808964878,0.44220720629214155,0.38705309668475946,2,Less Suitable
8844c1ab59fffff,33.66757404998592,-84.36863048623137,0.005647977768092111,0.04911185764701634,12.639973524225681,2.4425965257123377,194.0316045316071,7.118515625443925,0.27547855188847425,0.013660743890449103,0.17666727400112442,0.20135987577118108,0.0016007838327613774,0.08250253037017465,8,
8844c1a947fffff,33.71276001964535,-84.3048516494251,0.12157230965248109,0.1374357394225643,12.579158324625459,3.1613468820086497,331.92062336559513,4.62710635752685,0.1325181753232463,0.05190197042339875,0.3150918257445946,0.4150455410111751,0.03445675528373961,0.11171738501923463,8,
8844c13355fffff,33.8218672330488,-84.31288887818685,0.9194528678971825,1.2888846602135962,10.679035499441987,4.794219673257721,266.3017402550513,3.5717949067345343,0.07196300105234121,0.5504400570191412,0.6295677521948886,0.3133564086324497,0.26059686251440084,0.36091648675551574,3,
8844c13251fffff,33.828307530190614,-84.38804327146381,1.5518655974500308,1.5354889429507834,10.608754872986516,4.430953535019571,208.47238216695186,9.030804955028133,0.3852082563491085,0.6572112954494602,0.5596061140423686,0.2237386496698236,0.4398390824147577,0.4951635656556067,1,Okay
8844c1a1bdfffff,33.757495479193885,-84.49110104541538,0.0632178766754296,0.11414389549039661,12.082166048455,2.2140920879826522,374.4220734361759,3.3229729417496845,0.05768526584841241,0.04181739689385624,0.13265947061426203,0.48090974621616445,0.01791759087566576,0.08065664163377827,8,
8844c1aa51fffff,33.679934985094505,-84.42924636788943,0.0,0.12277454219114231,14.98480764696032,2.8811586379511422,374.1950643868415,10.259844913178146,0.4557322033751763,0.04555417237263103,0.2611302078508554,0.48055795185188,0.0,0.152947437995301,7,
8844c1aa03fffff,33.69275092278068,-84.40967567460832,0.20059446142805568,0.26857851641459557,16.16972577155412,2.968338245992694,451.5777799323272,11.98708808034459,0.5548437129844641,0.10868231728198487,0.27792017958249815,0.6004774145418161,0.056853688874199976,0.22085242039316513,5,
8844c1aad5fffff,33.732325584394026,-84.4499728396365,0.28327291134307336,0.20858525040593334,15.265539493530252,2.9063234846472943,480.437085347138,12.480512382350833,0.583157055529032,0.08270728052217724,0.26597672040294373,0.6452004818902942,0.08028691247671418,0.22745567377890563,5,
8844c1aab7fffff,33.76633649543875,-84.42450653122026,1.0734019867143585,0.4259635318718933,17.14419342604849,3.798611360262579,604.2466309507761,13.963025650480915,0.6682256381196454,0.1768246578132694,0.43782296454902514,0.8370672841860373,0.30423004780465435,0.37796336228717065,2,Less Suitable
8844c1a9a1fffff,33.78550299472462,-84.31020787891968,0.7216624420089129,1.0201433769477006,14.175038395068672,5.56624334985083,352.3320165049449,8.613688297175866,0.3612735478906931,0.43408425284102553,0.7782522438707299,0.4466769367404332,0.20453791025972798,0.37516374406629693,2,Less Suitable
8844c1af4bfffff,33.77110588619286,-84.48091361184461,0.083954327244715,0.09569868514201242,12.265218177729583,2.4332156830768623,396.2108945524564,5.376516245760806,0.1755203111839682,0.033831250302462375,0.17486061202813702,0.5146757326188467,0.023794840429957238,0.10592344416204988,8,
8844c1334dfffff,33.79908096100277,-84.30001586924601,0.6093497094484029,1.1623194971473219,12.18928277073093,5.205947270678681,296.54053640848565,3.6423431618162025,0.07601115373539158,0.49564166076775457,0.7088626111318578,0.36021726330197673,0.172705560013624,0.3245409220858443,3,
8844c1aa33fffff,33.71395320310528,-84.40379208434872,0.45034243685841363,0.15498571537886685,17.708610711000738,3.3670415901587663,563.145034274178,14.177737906061155,0.6805461128430068,0.059500511075159204,0.3547066899631043,0.7733724221692229,0.12763876235526164,0.26981070262833534,4,
8844c1335dfffff,33.8150789900483,-84.31798609198118,0.9752724403850422,1.3468395611782997,11.487121337433122,5.352338423702893,281.7775836767751,4.041593464147714,0.0989206669575258,0.5755325512792775,0.7370561689632674,0.3373392168697211,0.27641758151492934,0.3900031042437389,2,Less Suitable
8844c1ab1bfffff,33.69636959597611,-84.36703621476794,0.2820784240462001,0.11158297686710308,16.04704591626943,3.0755341197525286,336.05583726913824,11.42383282258246,0.5225233773459362,0.04070860652779548,0.2985650956426683,0.42145385359009147,0.07994836370195166,0.1873077987369684,6,
8844c1ab51fffff,33.674375185958276,-84.36354061476005,0.05605235818382219,0.050918111547505085,13.299464572294278,2.610360385855964,202.80610998239462,8.518143854937312,0.35579108075169996,0.01444279018637783,0.20897701400431679,0.21495766659062904,0.015886696522731267,0.10473623241123184,8,
8844c1a9b3fffff,33.809095746655316,-84.33247315758753,1.2714761085438337,1.2315100573127842,12.424640490885988,6.081448203586655,319.6280702159827,9.507315547198923,0.4125510677335299,0.5255988120165309,0.8774758481579471,0.39599585584055685,0.36036940686947216,0.47020389291746467,1,Okay
8844c1a867fffff,33.723561879544874,-84.34666905734441,0.6040505618735266,0.6810138807839923,16.349612248319648,3.6693050823547986,410.17059578301314,12.704705333968068,0.5960215451972692,0.28725275465395445,0.4129197928146351,0.5363089857178078,0.171203643732508,0.33125812187273596,3,
8844c1aaddfffff,33.725520955672884,-84.45506503967611,0.16875338236796958,0.1675607535903533,14.791901186466056,2.652801615485679,436.7834157393828,11.82653355668475,0.5456308809310411,0.06494507346574792,0.21715079525599934,0.5775506899838716,0.04782909871645922,0.1947549946525651,6,
8844c1ab33fffff,33.708368652378894,-84.33808597762577,0.3314079367904398,0.2059682941356945,14.375590257340189,3.2587770483720853,318.6006265705719,10.838541266077666,0.4889385695843723,0.0815742277674156,0.3338559585022419,0.3944036334814251,0.09392963093092128,0.2006793471621466,6,
8844c1aa4dfffff,33.65634950056108,-84.40696172730468,0.0,0.0636199914735345,12.328217255339432,2.1225167367980613,229.8413842573985,4.510169034345596,0.1258081562301174,0.01994227071056931,0.11502292013824122,0.2568540454121739,0.0,0.05860519673774393,9,
8844c1a9adfffff,33.77790729299666,-84.30591784570639,0.61047877250098,0.9323571104489705,14.706865572758154,5.074607303420519,366.96010011566125,7.751635980605117,0.31180783971384474,0.3960757953754569,0.6835677699753299,0.4693459774223856,0.17302556585552803,0.3377445726457787,3,
8844c1069bfffff,33.79148547932311,-84.29572652468762,0.5064132282441567,1.276789253591543,12.66726944235588,5.037746250177144,311.96396554574704,3.731497464071123,0.08112694614529514,0.5452031587381361,0.6764686781595022,0.38411884548268366,0.14353068332696076,0.3314813986827636,3,
8844c1a82bfffff,33.73875500071266,-84.35525545185145,1.0193098823738562,0.5379875800948639,18.03185326933187,4.241070524515479,507.8946748093879,13.854518288318847,0.6619993413989312,0.22532724758982836,0.5230364339267688,0.6877513196563636,0.2888989382175202,0.38264093163419904,2,Less Suitable
8844c1a8abfffff,33.791930043944554,-84.38533395874786,2.7500361513302733,1.7915186529584783,14.645258014177653,5.333074444132983,479.8335975824424,13.198732131447542,0.6243694597332162,0.7680634222213638,0.7333461078643052,0.6442652610470853,0.7794317880337358,0.734694260783185,0,Most Suitable
8844c13267fffff,33.824287050860114,-84.34106303637257,1.5454909761240008,1.06309178101194,11.206017981712812,5.015574466482513,302.3059620349931,7.359612760296257,0.28931302606786247,0.4526794460779233,0.6721986013624658,0.36915190378901375,0.4380323488938976,0.431901978097874,2,Less Suitable
8844c1a99bfffff,33.79712068054391,-84.36144967551957,2.192323607665987,1.656210320611558,13.894383976793254,5.622329143031308,390.45454917449786,11.783894150242947,0.5431841750927289,0.7094795320542231,0.7890538396016739,0.5057551637306079,0.6213615441546431,0.6420451381961003,0,Most Suitable
8844c1a95bfffff,33.722761420084495,-84.33728477685827,0.4995094201865209,0.3887755739753989,15.40694277956272,3.583780717798759,380.80219907556125,11.918120158361532,0.5508862419159462,0.1607235411772098,0.3964486053945425,0.49079698309039455,0.1415739645194637,0.2665173412586269,4,
8844c1aa9dfffff,33.74672674505391,-84.44918562029777,0.3506828369663181,0.25346773190009003,15.680448246817377,2.972534225690158,519.0643210546557,12.015393277763891,0.5564679028491825,0.10213986328094513,0.27872828576798814,0.705060843711278,0.09939263908119207,0.2419045787188483,5,
8844c1a887fffff,33.79273060221342,-84.39472995650225,2.277905101713475,1.9215720279608834,14.450536543451218,5.070510617150017,463.5305049018477,13.009330944820714,0.6135013678019737,0.8243720951970401,0.6827787867690466,0.619000470316241,0.6456175659875798,0.7007283864523096,0,Most Suitable
8844c1af25fffff,33.79592655024531,-84.432325574495,0.9094268819433735,0.5965614451755789,12.279031581735756,3.6431361375820472,362.5548038319306,10.961060470104862,0.4959688844225456,0.25068773218848156,0.40787990042636013,0.46251912003425966,0.25775523726703875,0.32467572226064934,3,
8844c1af3bfffff,33.813510761449415,-84.46915459790795,0.18894695156923336,0.23155420549872555,9.082785660046566,2.816692681710889,182.055926431977,3.650391571056307,0.07647298215938164,0.0926520542036685,0.2487146716120221,0.18280124968870504,0.053552481567884766,0.09744000239214196,8,
8844c1a8c5fffff,33.76394331085581,-84.3963186663424,1.913084084394523,0.8345571618283774,17.724966443731592,5.100984573782867,659.4363099199657,17.366433802706016,0.8635177233313401,0.3537317552933515,0.6886477839108207,0.9225943505517171,0.5422177987868295,0.5768396497871618,0,Most Suitable
8844c10699fffff,33.78388996947607,-84.29143800901976,0.3779102950203089,1.2242414832946256,13.267622138163482,4.8955691527999985,336.93813301891953,3.94114555909978,0.09315683260250368,0.522451767525141,0.6490867077712947,0.42282114125247894,0.10710960902152172,0.3147055850346193,3,
8844c1a139fffff,33.70510218037831,-84.4703395157236,0.0028790136790111365,0.2025688198183638,13.247575472605888,2.059706133266035,300.32100148644327,6.092904403744115,0.21662761625463908,0.08010237140367076,0.10292618924622454,0.36607582406287775,0.0008159873747549637,0.10216089007767361,8,
8844c1a999fffff,33.789524602530534,-84.35715294630155,2.1784863142724578,1.5019037275421265,14.944604600789562,5.781298047743238,414.6400519010846,12.300528372404631,0.5728293337175366,0.6426700433579344,0.8196697539913252,0.5432352711604571,0.6174396952269304,0.6290835539105262,0,Most Suitable
8844c13351fffff,33.822674465858015,-84.32227909833763,1.1953695252322032,1.0685804838545228,11.350774738025056,5.053044393213718,266.3098274301094,3.605982304005269,0.07392471936596673,0.45505586709289464,0.6794149564796373,0.3133689412720813,0.3387988212307969,0.3596710074815348,3,
8844c1ad55fffff,33.83311135470281,-84.44445796194749,0.46244984595149796,0.5016790703267663,7.448026041589628,3.478874802511843,107.37894405825418,3.4133828441189653,0.06287310626242185,0.2096069019799728,0.3762447137767926,0.06707484310765426,0.1310703170689383,0.1609812204670779,7,
8844c1ab3bfffff,33.70157158827297,-84.34317760887674,0.2608108735612701,0.14604627854494454,14.260534276263265,3.1386443945579727,293.3480002709684,10.916322700219869,0.49340177169971533,0.05563004000696327,0.310719540400605,0.35526981198121976,0.07392058661489477,0.18091628352239064,6,
8844c1a891fffff,33.8019263885404,-84.4178292111412,1.2350684438215425,1.4056598710512835,12.174732474447532,4.1774312149015,333.35164385108936,10.881781245054992,0.49141973707334097,0.6009997380624312,0.5107801020454567,0.417263183626959,0.3500505275344128,0.47625698518387277,1,Okay
8844c1aaa7fffff,33.75034563846507,-84.40650631828002,1.0917574012188511,0.45944733138290794,18.307488675026775,4.222067752451195,709.3853275232002,17.344238289397573,0.8622441152648154,0.19132200028219007,0.5193766789341779,1.0,0.3094324497950487,0.4372402258143969,1,Okay
8844c1a813fffff,33.756346606137456,-84.39201904866931,1.628292855198181,0.6848439378482579,18.67751935149254,5.217150916581551,679.1151552752328,19.15818238331182,0.9663306393352089,0.2889110386523968,0.7110203278528467,0.9530905220123174,0.461500555531153,0.5498682087724817,0,Most Suitable
8844c1a1adfffff,33.741508435972484,-84.47307845583393,0.08448360151294099,0.1432462982287476,14.00338061839493,2.4087865352978497,434.5904782894896,9.355710978133187,0.40385179597527454,0.05441774408646025,0.17015578816104354,0.5741523098824489,0.02394485052674963,0.1554551723705734,7,
8844c1335bfffff,33.823481071887365,-84.33167048449539,1.4961240428984306,0.9898810167235527,11.454775687691274,5.148199970976442,285.98201201727954,4.697002857758905,0.13652892944640174,0.4209816836435545,0.6977410248875474,0.3438547905861186,0.4240404757270175,0.39122852598739644,2,Less Suitable
8844c1ab25fffff,33.68397790071971,-84.3064618867296,0.03132232730132693,0.03913908705533649,10.476441523308553,2.605721185012602,171.23201359502048,2.5480542199060094,0.0132193991966294,0.009342874570272233,0.2080835475989582,0.16602750632158886,0.008877562413876473,0.03945263335420006,9,
8844c1a121fffff,33.695922329423425,-84.4472427905417,0.01013759707381928,0.12366673574372633,14.172831839782619,2.6094459309504003,375.89276742762917,10.500559039931975,0.4695447000405948,0.04594046173253831,0.2088008985989004,0.48318887059159077,0.002873258742358827,0.15219450426427242,7,
8844c1ab3dfffff,33.69317532240795,-84.32950621116137,0.11209362016590058,0.07807482686093672,12.29875058602591,2.9200791273843905,218.09494345015958,7.927762498551038,0.3219142135051416,0.026200721125496353,0.2686259276877062,0.23865066678694025,0.031770248093218406,0.1152490748633157,8,
8844c1324dfffff,33.804716728762116,-84.36574723483758,2.398713890121433,1.8659469331710505,13.014916944556571,5.302060930371222,371.66648014259766,11.500269917367785,0.5269094394814432,0.8002883275000945,0.7273731970993164,0.47663942221902256,0.6798579194874619,0.6815347071859542,0,Most Suitable
8844c1a913fffff,33.75074111646996,-84.32629626671847,0.807975459817788,0.6239852426026865,16.202917863080902,4.280895256630712,413.78474273325844,12.243086763136422,0.5695332577988814,0.2625613005679691,0.5307063023909206,0.5419098044187376,0.2290012649573803,0.34816107370906824,3,
8844c1a907fffff,33.73394188317059,-84.29895316058759,0.1974069583775931,0.33466392659449046,13.316408730010457,3.4968749309158946,415.08416931126953,5.249819488245557,0.16825028277184936,0.13729504455810757,0.37971136904009595,0.5439235168600969,0.05595026758616227,0.16942639166841422,6,
8844c1a98dfffff,33.77272591846165,-84.32978514869751,1.1339155783157118,0.8014795433250537,15.127103732930616,5.253565625243482,387.3203788867819,11.835009303661284,0.5461172305625691,0.33941027533880674,0.7180334579045261,0.500898161566336,0.3213811739378037,0.4128609898085368,2,Less Suitable
8844c1a9b5fffff,33.80069431308223,-84.3187904326714,0.91970345271601,1.0094630694734952,12.808470174332093,6.396032321704198,312.4807617541614,8.211552615744463,0.33819846777918194,0.42946004419720074,0.938061787565932,0.3849197210166628,0.2606678847710713,0.39665751333450383,2,Less Suitable
8844c1af37fffff,33.81951423721621,-84.45465175370626,0.4046970219219137,0.5583543562108135,9.065832712191353,3.1654970232847535,164.04573704078632,4.934544887134836,0.1501594069464083,0.23414536658028604,0.3158911038816894,0.15489098291257908,0.11470166428755513,0.18054075201320416,6,
8844c1aac3fffff,33.72472810017004,-84.44566799392614,0.2704873568097299,0.19518981781033387,15.235216954562729,2.9212173433001616,469.73230519248,12.664962773245717,0.5937410642182113,0.07690751536130098,0.268845137357027,0.6286113576225382,0.07666315370317729,0.2249351083061584,5,
8844c1a9ddfffff,33.76753839327005,-84.35365672499611,2.2607242143372757,1.4745297570426084,16.585094477591014,5.305843543355653,479.1564834175449,13.84603292842647,0.6615124401655101,0.6308180483376233,0.7281016927476346,0.6432159418772698,0.6407480555409045,0.6483839108725029,0,Most Suitable
8844c13215fffff,33.84868433120935,-84.37274972762008,1.618609317163519,1.4614946060871914,8.27215733205491,3.7849943442385063,152.4253557721822,2.7837028650975837,0.02674123179454624,0.6251742728314238,0.4352004554640504,0.1368829578883849,0.45875598893292907,0.41344057699991155,2,Less Suitable
8844c1aadbfffff,33.73391082402252,-84.4687704349352,0.08620773149213332,0.15409002222472695,14.157146812903447,2.4300688155947943,419.1191767610852,9.853025561436535,0.4323883680334919,0.05911270650721098,0.17425455497816766,0.5501765401860536,0.02443351381644289,0.16028272604381835,7,
8844c13209fffff,33.82670122267167,-84.36924768344058,1.9152465549454076,1.2867700643090256,10.706694284329767,4.542288018136812,247.3043623757042,9.466923288694042,0.4102333062318215,0.5495245091583958,0.581048087300663,0.28391630263785095,0.542830699198059,0.504570986318998,1,Okay
8844c1a9c1fffff,33.7591400005125,-84.33997432658629,1.4606271234371622,0.9940214323691798,16.18823922974803,4.772832458892109,428.9848813363408,12.91292919306008,0.607969707102658,0.4227743423159548,0.6254487760640709,0.5654653547925513,0.41397972529215415,0.4794891512911978,1,Okay
8844c1a103fffff,33.69829429295868,-84.47543029957069,0.0,0.2463138561045004,13.061432022506454,1.83551518165684,287.07964127190604,4.664724360731053,0.13467674636693552,0.0990424792055606,0.05974912267562943,0.3455557791017025,0.0,0.08923569261112044,8,
8844c1a881fffff,33.78593402574141,-84.39982535116083,2.3107791815167333,1.553818564404068,14.818894899722793,4.878444726615534,519.8794079847237,13.883704178581898,0.6636740665900619,0.6651473959940395,0.6457887045109368,0.7063239783274557,0.6549349354296587,0.6633158451427758,0,Most Suitable
8844c1a127fffff,33.702728094989574,-84.44215196882263,0.09119805692634995,0.1283444986594977,14.572567776122998,2.7570259631995526,404.465928488847,11.428763255571024,0.5228062921467085,0.04796577343457638,0.23722342337599267,0.5274685020010127,0.025847901868825466,0.17546326757366912,6,
8844c1aa59fffff,33.6731288991891,-84.43433616508723,0.0,0.09056312298478558,13.79058886951375,2.5280200434983247,332.4080470414294,7.238672636921693,0.2823733209772059,0.03160772715243112,0.19311903928275548,0.41580089813319343,0.0,0.10834145733167377,8,
8844c1aa57fffff,33.686740257187616,-84.42415621746335,0.01430640133414004,0.16337446421640983,15.252338656185447,2.992009978801029,409.7486226370164,10.9070003332776,0.49286684188882157,0.06313255303454363,0.2824791324571373,0.5356550568322576,0.004054806322019801,0.17271810920777428,6,
8844c1a89bfffff,33.802725139830216,-84.42722987061944,0.975772150274307,0.8222411652762853,11.754273203384757,3.805998658551131,314.8891824438391,10.500583559703514,0.4695461070176892,0.34839934910082876,0.43924568864958413,0.3886520340144886,0.27655921229760083,0.3555686818577641,3,
8844c1ab09fffff,33.67278104168855,-84.34477799080206,0.03147570207609555,0.03989905145980913,11.328592704671161,2.491799679314782,139.6449023010025,5.081806024193843,0.15860944680075154,0.009671913221701411,0.18614333814790257,0.11707717694113036,0.008921032815121688,0.057900932736485694,9,
8844c1a835fffff,33.753147227898296,-84.35445619325544,1.7274997607259766,0.8832743174152597,16.95182194537184,4.793653314910821,514.6995093762878,13.782609377737197,0.6578731124940582,0.3748246210663172,0.6294586769094171,0.6982967250379682,0.48961837344544445,0.508439467081879,1,Okay
8844c1ab61fffff,33.663587540998925,-84.32173268555405,0.0,0.017975106732673607,8.946260404061404,2.3599674114109854,91.15088233746624,2.4616702859297224,0.008262574202251627,0.00017959336491763477,0.16075368452192945,0.04192632733978731,0.0,0.018326961143824212,9,
8844c1a163fffff,33.68230835593966,-84.45742337298958,0.0,0.1176123314878962,13.836265360652602,1.9684806119128497,315.67807891346786,4.852482059764339,0.1454505327947513,0.04331911131162246,0.08535701270216023,0.3898745814540426,0.0,0.07828409208268294,9,
8844c1a91bfffff,33.743947531114436,-84.33138999233378,0.8024623465586462,0.553104304999542,16.289374100909345,4.121182302486587,412.73476618985023,12.432877651053966,0.5804237113083625,0.23187227357708196,0.4999470910856929,0.540282662982372,0.22743870523498294,0.3365267576610874,3,
8844c1a9abfffff,33.78630856887461,-84.31959456238351,0.8870010492721085,0.8691816076909811,14.214033323691355,6.087552463957007,354.5200072747679,10.301906832848896,0.458145772254694,0.36872295870506844,0.8786514712349854,0.450067651005733,0.2513991728754292,0.3937915994226747,2,Less Suitable
8844c1a937fffff,33.75512002240311,-84.29305271841102,0.2685618026489206,0.4854057158295848,13.637706763534762,3.9186815678282656,395.85823509248786,4.458013834850034,0.12281542153343958,0.20256109485207552,0.46094735609113324,0.5141292186763747,0.07611740156032294,0.1946184502903317,6,
8844c1a94dfffff,33.698369487679024,-84.30565687356975,0.08652893765836038,0.07013340494121266,11.775963864474082,2.807033120423231,250.42284532468653,3.3581169625218124,0.059701876490549116,0.02276235645536503,0.2468543310507002,0.2887489942410536,0.024524552000195026,0.07034622600792434,9,
8844c1322dfffff,33.831076598231,-84.33596549485827,1.6730973562017648,0.9331622060868006,10.711354981069354,4.825302108004605,271.75744420471983,4.138797093341259,0.10449834045018075,0.3964243743107123,0.635553936492736,0.32181107556456384,0.474199316713725,0.3874047047546175,2,Less Suitable
8844c1a857fffff,33.73435435691082,-84.38851527775459,0.8775009540647707,0.35047483411164504,19.306182048233005,4.215001422989136,653.0565191596147,16.57665647563472,0.8181992501544354,0.14414062792582605,0.5180157704077495,0.9127076326372263,0.2487065987467712,0.3865425675036863,2,Less Suitable
8844c13225fffff,33.837865327091066,-84.33086760074114,1.4871593631368278,0.9845031744858614,10.23144423296004,4.477674537554634,244.34102819095074,3.395161609530473,0.06182754759335901,0.4186532614871027,0.5686041392624848,0.2793240440087586,0.42149965226462194,0.3610162444554049,2,Less Suitable
8844c1a9edfffff,33.756729889652455,-84.31181786728229,0.6073880835713347,0.5859601902661127,15.41585767621662,4.291812333658843,422.6854828798757,9.768379242703428,0.42753124971223655,0.24609775060732014,0.5328088286446188,0.5557032202791268,0.17214958420796886,0.30138032396744785,4,
8844c1af39fffff,33.8059138490261,-84.4648441270498,0.2572224319447242,0.2372435591144341,10.633187832367282,2.8700235710651856,231.4924936520233,4.903130045294348,0.14835678154997636,0.09511535015568812,0.25898569880286737,0.2594127582985074,0.07290352890673117,0.12393229470425038,7,
8844c1322bfffff,33.83947823321973,-84.34965623587172,1.4117298479221225,0.8793872035616479,9.4990540766015,4.257656173744831,237.25029222731825,3.629998383578962,0.07530279394555839,0.37314163342529516,0.5262306738180406,0.2683355791966754,0.40012096533867875,0.33651851966347734,3,
8844c1b991fffff,33.64795906689366,-84.393281002501,0.0,0.038233338780372314,10.526132100135644,2.044529104617686,155.5972798794232,3.421572459964171,0.06334303730917193,0.00895071647816353,0.10000323641699571,0.14179846688741987,0.0,0.03369088698628446,9,
8844c1a1e3fffff,33.73549354698936,-84.48757266732433,0.053766702202981326,0.24633587385340333,13.180451572701614,2.04710594266456,341.9048743266865,3.947087902536423,0.09349781217030176,0.09905201213942419,0.1004995111644506,0.4305180661374325,0.015238882155958297,0.0979313982353347,8,
8844c1aa29fffff,33.68356415666645,-84.38660306647017,0.15322502031872748,0.11408129560104824,15.22301803099832,2.8422072123600337,360.6232456147468,10.94211885765436,0.49488198951389006,0.041790293278147955,0.25362853000125796,0.4595257975341871,0.04342795693822432,0.17031594228572616,6,
8844c1aaadfffff,33.73594854797934,-84.40729896916898,0.7657204130124453,0.307554875842639,18.692183820948223,3.8244226919096014,683.9715312396286,15.925637477787081,0.7808429144122848,0.12555775074747955,0.442793984016135,0.960616414482818,0.21702508541915647,0.36128563099917216,2,Less Suitable
8844c1a1abfffff,33.74989784996199,-84.48679018940379,0.06362619404532252,0.14074706233926737,12.757976193221308,2.2061996746679178,383.7311927319144,3.8785047352785718,0.08956241883951607,0.05333566023906135,0.13113946611520905,0.49533602443853175,0.018033318640752385,0.09092302031266898,8,
8844c13247fffff,33.81910534568189,-84.36494880680608,2.008028766980898,1.369781373528763,11.300584619232936,4.823412061016569,296.35573514650537,10.339721150126355,0.4603156080609412,0.585465573079655,0.6351899312372239,0.35993087805580287,0.5691275918369305,0.5445103904234375,0,Most Suitable
8844c13201fffff,33.83349289288213,-84.36415016918191,1.6287435723045092,1.1598455791711142,9.891433711743232,4.350705270313702,233.24598902349362,7.481846007492459,0.2963269323228428,0.49457053871276485,0.5441510537800796,0.2621301380298042,0.4616283004845831,0.4353108677704134,1,Okay
8844c106cbfffff,33.754314151603964,-84.2836718920338,0.1832696811579883,0.4650009520341437,12.228293473374395,3.7408089579048327,377.5335164697402,3.471619259359046,0.06621478920457907,0.19372652849282368,0.4266907660520436,0.48573152811080555,0.05194339543799981,0.16896096402460842,6,
8844c1a8edfffff,33.76234471537287,-84.37753256746022,2.451134636047655,1.191761271442699,18.270809253141135,5.984316488153123,630.7646296273027,16.889274564756725,0.8361376917896584,0.5083889442626381,0.8587691942395485,0.8781620445661158,0.6947153226192618,0.685135307492715,0,Most Suitable
8844c1ad0bfffff,33.83990868639482,-84.4393605342716,0.46044827035243124,0.6008005309390605,7.052676892170568,3.7425801168769697,83.28287844251848,2.661546793184795,0.01973175395994642,0.25252311165454555,0.4270318745949985,0.02973333575409072,0.1305030184727687,0.16902776989818658,6,
8844c1a9dbfffff,33.77593629258119,-84.36734346245127,2.6310710419455705,2.3272111694496678,16.820557786932348,5.742069966060527,509.23312123372796,14.332130060008641,0.6894053399283673,1.0,0.8121147947831425,0.6898255008855269,0.7457139811327269,0.8219672416713593,0,Most Suitable
8844c1af49fffff,33.763508473667606,-84.47660343831014,0.09848544899882211,0.11385716229058179,13.172653013401598,2.4694703035860206,440.55330526059436,8.076276026189355,0.3304361171962018,0.0416932512038321,0.1818429106087876,0.5833928618771335,0.027913338365142887,0.14204453042951873,7,
8844c106d5fffff,33.768698866875184,-84.28286346358676,0.2276872021121067,0.6809871072180183,13.069053005062543,4.161868690294805,360.8782892587362,3.7455426045517646,0.08193287498158897,0.28724116261360333,0.5077829063240116,0.4599210369172211,0.06453247640718907,0.2115553541072983,5,
8844c1ab63fffff,33.671184399127554,-84.32602001478023,0.005719612388895836,0.03075895653845641,9.98492864054961,2.4430000963747993,125.15635539585848,3.139562227850351,0.04716091520767346,0.005714564049612857,0.17674499791118403,0.09462437533323735,0.0016210869478863032,0.03291948397081374,9,
8844c1a915fffff,33.742341743302866,-84.31262254488776,0.4813040369622221,0.8157565574510423,15.23405046449378,3.8558002551713084,425.18218895688904,9.185616180149765,0.39409153029567134,0.345591735216142,0.448837007287366,0.5595723485352184,0.13641408529697038,0.3103846415388647,3,
8844c1321dfffff,33.84189288277139,-84.37784792899151,1.5107225236638802,1.611458655515506,9.242858040387283,4.0144180242883145,165.7474496364886,4.463158669722771,0.12311063899941113,0.6901035883313942,0.47938529626730075,0.15752811523199683,0.4281780649583759,0.4463551085547666,1,Okay
8844c1a90dfffff,33.719553331907804,-84.29975929101144,0.14262337615340345,0.17449771506139863,13.111361642634416,3.239904507280218,366.7872665932125,3.9551195562743,0.09395867914129455,0.06794854104135473,0.33022128476884216,0.4690781384999497,0.0404231751778541,0.11839197053568469,8,
8844c1ad4dfffff,33.81032174168795,-84.43153564601339,0.8015160530197577,0.687296338430327,10.566751349860587,3.6975470556479446,247.16888111888397,9.892807616951538,0.43467111527626767,0.28997284441006,0.4183589309788228,0.28370634826486324,0.2271705010280441,0.30333174096238646,4,
8844c1a8e3fffff,33.77753771784886,-84.38612960155558,3.528257627608132,1.8168183063499177,16.54744625633043,5.721143814446546,570.9171969113127,15.319846166409494,0.7460818034580465,0.7790173087251948,0.8080846149974826,0.7854168892160809,0.9999999999999999,0.8501445288358696,0,Most Suitable
8844c1ab11fffff,33.69557196534941,-84.35765197048111,0.2474845681370289,0.1145720682651369,15.168698196847325,3.052255277352427,306.26089795039513,11.000978409041677,0.4982594288367461,0.04200278109283987,0.29408180976167664,0.3752808408081516,0.07014356497113365,0.17620557437493456,6,
8844c13253fffff,33.83590353418285,-84.39234532744001,1.2932893242822254,1.2232164349140646,9.62163805274449,4.084029025732028,163.0754029212462,8.02280522207913,0.3273678913574042,0.5220079565587266,0.4927917197728324,0.15338726279336762,0.36655183968495203,0.4045961625213102,2,Less Suitable
8844c1aa35fffff,33.70556014782274,-84.39010468585168,0.41394508713778655,0.14815431641036117,17.59600895121836,3.223731781965655,492.82102277870814,13.477427112348863,0.6403613483119248,0.05654274846056466,0.32710657013596933,0.6643917846548857,0.11732280656002073,0.2473069392914205,5,
8844c1a8cdfffff,33.757144882727516,-84.40141266893924,1.4077918033897432,0.5786710483288691,17.944917194354062,4.633039735107899,688.9927029299865,18.025358370023213,0.9013276911615158,0.24294180090889866,0.598526013581501,0.968397689757756,0.3990048210691774,0.4947804644645494,1,Okay
8844c1aaa9fffff,33.7367447023997,-84.41669255701828,0.6859879381458792,0.2959647646547453,18.355569826828162,3.609986173582815,664.6961925980024,15.243237927695443,0.7416859208563429,0.12053962814498065,0.40149552945985145,0.9307455546044039,0.1944268277855102,0.33962322912490867,3,
8844c1a84bfffff,33.71236074798938,-84.38501310184681,0.5030871568403211,0.19972680044287866,18.454401281292256,3.4048505990096762,533.0771631930321,13.874109355132875,0.6631235028625312,0.07887187400518518,0.3619883491041461,0.7267764489100287,0.1425879881626934,0.27507093770089597,4,
8844c1aae5fffff,33.721550397396676,-84.40809141213235,0.5075162907609184,0.20289506349395559,17.949692251123675,3.476912482943378,612.7315747267229,14.499955129483919,0.6990353655681651,0.0802436237813114,0.3758667895027208,0.8502163432671672,0.14384331994060554,0.29337513656615716,4,
8844c1aa3dfffff,33.69875873294127,-84.39519591714154,0.35063920052503084,0.14244773054445808,16.776992288142733,3.076755230033994,468.34857208439473,12.657531233086718,0.5933146325623323,0.05407199153230493,0.2988002699863892,0.6264669959306779,0.09938027137852042,0.2271421318904194,5,
8844c1aa0bfffff,33.68594717192326,-84.41476618943553,0.041373605598660074,0.3119223884987291,15.544104705586161,2.9358004455783626,414.5416678527631,11.13729122485121,0.5060812394600525,0.12744873467515044,0.27165370555905366,0.5430828060766357,0.011726356169378699,0.19863327949449255,6,
8844c1af09fffff,33.7847130284517,-84.47072475931795,0.25008243923562995,0.13668248194588667,12.1616550202043,2.7011922428065285,377.99402313720617,7.699594520831648,0.3088216315536578,0.05157583564281394,0.22647037449070162,0.4864451721298654,0.0708798692246193,0.1516984690998013,7,
8844c1a137fffff,33.71871551195216,-84.46015688573281,0.07493951918925737,0.16109826519287784,14.258832081463266,2.512075979902196,382.4893019560815,11.009464058260786,0.4987463466721199,0.06214703653840313,0.1900483627440525,0.49341147483455805,0.021239809304985525,0.16787499285803373,6,
8844c1aa4bfffff,33.66473944537934,-84.42064678133572,0.0,0.08574965988548752,12.8397799924465,2.409586245982422,283.98037895770466,6.349883592463376,0.2313734238029295,0.02952366190203798,0.17030980490978898,0.3407528735841811,0.0,0.09099201447566507,8,
8844c13265fffff,33.81669141378874,-84.33676768198696,1.414225845950798,1.131977156320669,11.956996949628836,5.4708595871774905,319.10612366750325,8.267896535783517,0.341431556830295,0.48250446269893926,0.7598822291973469,0.39518699885995984,0.400828396113899,0.4476053147474374,1,Okay
8844c1aabdfffff,33.751938893297805,-84.42529702227426,0.812333557940052,0.36664398836937806,18.219507259499533,3.6219631555477694,640.6961733644899,14.208432792092829,0.6823074262178196,0.15114131990613885,0.40380218342560614,0.8935528896695683,0.2302364633420341,0.34895675487695876,3,
8844c1aa9bfffff,33.75511786111998,-84.46289236105396,0.2769552490002416,0.13815685783560688,14.53012548756336,2.7089756807422996,466.29733872926863,10.521905859652481,0.4707696089405544,0.052214190086256426,0.22796939135774585,0.6232882136914606,0.07849632261349192,0.19296990614410903,6,
8844c1a86dfffff,33.709168322721794,-84.34746907765691,0.3914453989402691,0.27560832398844115,15.63834721382209,3.3136020200550336,343.6973710488298,11.882037385562029,0.5488157644342407,0.1117259840514961,0.34441473188312344,0.4332958859939422,0.11094580959090472,0.23050244344292917,5,
8844c1a8a7fffff,33.797923201954696,-84.3708433560504,2.318495729217919,2.287403863367399,13.939443863147329,5.488525318416608,416.71245967057513,12.071624050509763,0.5596944993581633,0.982764794991382,0.7632844827149609,0.5464468672441546,0.6571220057957241,0.7490556293186554,0,Most Suitable
8844c1ab03fffff,33.687176841928576,-84.34397790470588,0.1289891755468175,0.08235560027074754,12.841369359900998,2.856773596614625,226.51974419701975,8.537999126164824,0.3569304026158523,0.02805414991972449,0.25643387846933396,0.25170652262905513,0.03655888802946102,0.1233711131772363,7,
8844c1af0bfffff,33.79231019185453,-84.47503508162922,0.13141352494102415,0.1249574810890878,11.409914987320692,2.593173866835052,314.08537869556596,4.704130334142752,0.13693791351855558,0.04649931041713024,0.20566705224824972,0.38740638486762696,0.03724601171771906,0.10016087939103208,8,
8844c1aa83fffff,33.7459323959723,-84.43978737778289,0.48562086139367505,0.40751399268117666,16.928882059930597,3.216738446240742,559.8170580138724,12.932830224615982,0.6091116547552998,0.16883663698087828,0.32575971951609484,0.7682150802206048,0.1376375856439049,0.2948412499788693,4,
8844c1aa8dfffff,33.730737830306076,-84.43117988375819,0.44771593905939316,0.38338580574581926,17.049695247735716,3.227116920731154,567.972526230265,13.705290052149621,0.6534364267820353,0.15838995547327495,0.3277585159918549,0.7808535532904699,0.12689434455014773,0.2963851769116738,4,
8844c1aa55fffff,33.67914260701823,-84.41985635124729,0.0014013814096939738,0.20490574608710982,14.831293816320189,2.923090144326034,374.3688952653,10.630025134790433,0.47697363671179394,0.08111418072451808,0.2692058212025933,0.4808273363700727,0.0003971879487281077,0.16916882547410322,6,
8844c1a805fffff,33.73195836887176,-84.36034845567913,0.848047088721692,0.47057908657749137,18.453370399144443,4.042866004116336,521.7612352014704,14.240264551332235,0.6841339748889673,0.1961416703821432,0.48486410935059854,0.7092402330377847,0.24035860706027806,0.3590311168280002,3,
8844c1aad9fffff,33.72631318254901,-84.4644632449654,0.08110250909692873,0.1652060192460294,14.23732558101563,2.500709178933967,403.71777230466256,10.600186652598468,0.4752614649280451,0.06392555385592098,0.18785922389354498,0.5263090895019409,0.022986560976248648,0.1676949752150212,6,
8844c13211fffff,33.8494886650822,-84.38214929829275,1.4173979208684475,1.0896650836457102,8.216763998243794,3.7135610896544375,127.5208798941311,2.862156486777394,0.03124300492459023,0.46418477923718177,0.4214430831598057,0.09828866270479349,0.40172744466773147,0.33715555427778604,3,
8844c1a96bfffff,33.71195714356528,-84.29547319564456,0.09862330464845462,0.11755185205927471,12.004170137376114,2.9852997191929087,326.71098172870194,3.4806001929975983,0.06673012711850929,0.04329292578304282,0.2811867996322567,0.406972195154811,0.02795241024259135,0.09221671609388524,8,
8844c1a1edfffff,33.72029792206199,-84.4789544297488,0.0281836033765705,0.23571659296041295,12.988287712393975,2.0547454837048673,334.003931039072,5.467885225181072,0.18076318471442684,0.09445422592257911,0.10197081484418669,0.4182740286012018,0.007987966399062718,0.10762833184673411,8,
8844c1a9d1fffff,33.775134639085174,-84.35795213802358,2.309206515586466,1.9786475063513294,16.40474606791127,5.62605642816067,474.88895535037466,13.64990623661668,0.6502584298041129,0.8490838294950425,0.7897716796260054,0.6366025829479304,0.6544892009917987,0.7284319370107939,0,Most Suitable
8844c1aab3fffff,33.76713296689207,-84.43390480943499,0.8310025600704658,0.33494185348150673,16.159299938669974,3.52788055081289,566.9693468502999,13.21640181393418,0.6253833696092879,0.13741537741522764,0.3856827595210498,0.7792989330968128,0.23552774422366005,0.3256267431993324,3,
8844c1a833fffff,33.761544476730705,-84.36814126219768,2.355883610418322,1.205159995062949,18.109495994843257,5.659662879174353,574.50812784701,15.370931257774304,0.7490131339272825,0.5141901343248736,0.7962439656937707,0.7909817302187512,0.6677187039812104,0.6510739430826185,0,Most Suitable
8844c1b9b7fffff,33.65997675472781,-84.36433813166148,0.0,0.038438182594593424,11.201684333447092,2.3222391241871856,140.84749238558425,3.5367988649503856,0.06995488164129915,0.009039406858908004,0.15348757160629234,0.11894082253385345,0.0,0.037374648738198006,9,
8844c1aacdfffff,33.70953304614961,-84.43706079349819,0.19697133780934184,0.12917188438622773,15.007871592229817,2.9335650277360603,456.1393085134399,12.231097198370483,0.5688452806303511,0.04832400321761985,0.2712231851286019,0.6075463840479365,0.05582680138436267,0.2027552790704309,6,
8844c1aa1bfffff,33.701935477153185,-84.43275843839723,0.1532808241385204,0.12140952748909334,15.00457745272774,2.9457269703667532,447.727525593254,11.684734725914957,0.5374942754746816,0.044963167591223055,0.2735654607772131,0.594510701842391,0.0434437731925013,0.19139103972532207,6,
8844c1b9bdfffff,33.64557727271878,-84.3651354395792,0.0,0.020988829519976472,9.03301812763203,2.0955127873054544,89.36150372411646,2.9874513253157264,0.03843258936171276,0.0014844324809070702,0.10982221370231093,0.03915333959505461,0.0,0.01931487182870161,9,
8844c1b9bbfffff,33.65396933708162,-84.37880917286778,0.0,0.033853755590840605,11.007222292648816,2.181024685593018,155.53559350323223,3.4962229609623456,0.06762658231757768,0.007054506421449896,0.12629100023646234,0.1417028719339995,0.0,0.03595542187428473,9,
8844c1aac5fffff,33.71633718268694,-84.43196926461192,0.33466450771190526,0.14921842679444267,16.08483181004376,3.0639255890738077,511.7822068525754,13.04276670496543,0.6154199561778729,0.05700347194141364,0.2963294019257531,0.6937758013577706,0.09485262785041584,0.23569745956721558,5,
8844c1aa65fffff,33.668369477477164,-84.37801353080194,0.0042132808398823345,0.06236114788153199,13.429865720503285,2.4671828098220248,239.57979878831702,8.276812596618628,0.3419431722565037,0.019397234396453782,0.18140236084610123,0.27194559951139863,0.0011941533993759382,0.10163332133781884,8,
8844c1a85dfffff,33.71995778140708,-84.38931008601888,0.6037208599381969,0.229870562523029,20.03167010571035,3.5927230939406085,588.9755699643633,14.480920130474818,0.697943112014603,0.09192309425376687,0.3981708228489248,0.8134018258819872,0.17111019762677304,0.3049660033568565,4,
8844c1a89dfffff,33.794329833790336,-84.4135254406835,1.551722597587264,1.182061176700812,13.315523058071204,4.329902485036522,401.6976924973188,12.15174990821606,0.5642922276149425,0.5041891342796685,0.5401446331894202,0.5231785857017085,0.4397985525334792,0.49732153511446703,1,Okay
8844c13245fffff,33.8115094379315,-84.36065076067581,1.9916712844817002,1.4695202731322878,12.081137393855876,5.122798201287208,343.08927308614574,11.008238461683673,0.4986760203108763,0.6286491127657634,0.6928488831975702,0.4323535207585809,0.564491455753442,0.5745930598878938,0,Most Suitable
8844c1a133fffff,33.719507031463856,-84.46955507827468,0.056353981941686455,0.18411783842366747,13.679311922708015,2.3143784132788525,359.3345403406777,9.361631459491834,0.40419152106796763,0.07211372614617528,0.151973672692241,0.4575286998238952,0.015972184542513073,0.1475190881172354,7,
8844c11493fffff,33.69756740191535,-84.29627959855952,0.04282182798236357,0.06344564022920428,11.065501236007378,2.8008949604217492,247.6693404113446,3.223250398777276,0.05196305373378193,0.01986678257195152,0.24567217922386397,0.2844819065924175,0.012136820068718518,0.06350788365387712,9,
8844c1a953fffff,33.72955674572391,-84.33219209857842,0.5368196680299544,0.389840544268257,15.325356838317687,3.717687822993742,390.3618030903923,11.626023635684817,0.5341253550504299,0.16118463696921248,0.4222378531486536,0.5056114357612012,0.15214865939193728,0.27078609870460946,4,
8844c1a819fffff,33.74195122721085,-84.39281357831648,1.0514287808991303,0.4347799685472884,18.936247765613608,4.491876597009421,684.5138800238406,18.3502558503493,0.9199707405916655,0.18064187401051457,0.5713393222041577,0.9614568886679737,0.29800226963922477,0.4406095222212016,1,Okay
8844c1aaabfffff,33.74434181231178,-84.4209943745041,0.746712009804158,0.34292464506217957,18.475509902653542,3.6314418561841086,666.1244544442816,14.940728649735032,0.7243275362470364,0.14087165373670546,0.405627691928248,0.9329589221759471,0.21163760944247348,0.3497732282762486,3,
8844c1a859fffff,33.72075440288933,-84.39870016843574,0.5603089686997675,0.22608484270585483,18.522443964981072,3.580745067595081,598.402080059032,14.950906747930105,0.7249115690550632,0.09028400677019441,0.3958639677453044,0.8280100238190247,0.1588061382806705,0.3058381424898262,4,
8844c1a941fffff,33.70596589209513,-84.30994365656689,0.11511427395880262,0.10611620929333312,12.270587373079021,3.010453423593133,299.2789156588082,5.0244807577150965,0.15532004678605413,0.0383416827356236,0.2860311662830516,0.3644609108145395,0.03262637996104627,0.10375036845469822,8,
8844c1aa81fffff,33.738335127635104,-84.43548321555275,0.4540078934411821,0.7943124259059675,17.345070809776217,3.2309956203304147,562.2232363096747,13.705516641251219,0.6534494287659754,0.3363071580923521,0.32850551701755437,0.7719439181960464,0.12867764810841265,0.35560729312905087,3,
8844c1aa99fffff,33.74752046526913,-84.45858502300864,0.28566567965522066,0.15963230171924725,14.82049167045587,2.739597951160971,487.48589187389234,11.29589296910909,0.515182018434823,0.06151232438403248,0.233866952338327,0.6561239689420872,0.08096508526472837,0.20752204972875862,5,
8844c13223fffff,33.84626755863594,-84.34455800637065,1.257149731898189,0.7515445619580927,8.983211487552541,4.025926389255001,215.43029292979736,3.014536147236132,0.03998675245759806,0.31779013256445204,0.4816016990111167,0.23452127618070767,0.35630893902451016,0.29104106387190576,4,
8844c1325bfffff,33.82910974101363,-84.39744281160141,1.3236620699517863,1.1657633538310233,10.505564516083005,4.274916589259162,191.10711618978263,9.12229172241745,0.3904578887098513,0.4971327331814774,0.5295548673430206,0.1968278162780191,0.3751602659608278,0.4163725381341636,2,Less Suitable
8844c1a9a5fffff,33.78469679483298,-84.30082236103627,0.558558574958676,1.2001086308692872,13.750825261939399,5.141426779723597,345.8841550871433,4.409698015171152,0.12004299555578182,0.5120030660195976,0.6964365720203806,0.4366847301957115,0.15831003115759792,0.3378716401697031,3,
8844c1aae9fffff,33.71554315027238,-84.42257571070876,0.39332997700397476,0.1386229960603725,17.114318213614855,3.1835191376562246,553.597465289824,13.308640888566188,0.6306761703599428,0.05241601202943402,0.3193619934353247,0.7585766201024702,0.11147994804183844,0.24957289954523082,5,
8844c1aaa1fffff,33.743545578283936,-84.41159961432095,0.8696185650954378,0.37201160373283415,18.540806517615945,3.8831947658239914,696.8065954194062,16.064499199536904,0.7888109846476691,0.1534653141750648,0.45411293212567805,0.9805068252700313,0.24647252465091882,0.3843327568329151,2,Less Suitable
8844c1af2dfffff,33.78912714355775,-84.437420924315,0.8062927846473484,0.4362408903466063,13.341811699553661,3.480730073492774,417.6654323324203,11.512518596989308,0.5276122850049263,0.1812744032919677,0.37660202150074473,0.5479236824316431,0.2285243510389428,0.30157877427215685,4,
8844c1ad69fffff,33.81631986683182,-84.41703740087664,1.0648448177821774,1.05658862294192,10.546382191945558,4.109664679769467,214.6674485805159,9.23587815280639,0.3969756291189488,0.44986380057032216,0.4977289053863032,0.23333910153308735,0.3018047235127936,0.3776411134574792,2,Less Suitable
8844c1a929fffff,33.72554153823148,-84.28528811330969,0.10528545148896941,0.2023562947278017,11.69992186298738,3.098599044655697,360.5502802671715,3.6338001269029903,0.07552094303258569,0.08001035529241361,0.30300718302773755,0.45941272363629493,0.029840635974290874,0.11273881314966848,8,
8844c1a911fffff,33.743144949843575,-84.32200568647758,0.598212943084794,0.6068234396089123,15.897804575190596,3.989010947472361,406.2759328016027,11.145764076897784,0.5065674229766499,0.2551308255615993,0.4744921324746829,0.5302734532504237,0.1695491107009476,0.30971834806071613,3,
8844c1aa15fffff,33.70034835907031,-84.41397485710083,0.28255878917747795,0.15705279891846674,16.62771687604672,3.0327446476063766,504.4360567653761,12.611203779319847,0.5906563016645922,0.060395487703351916,0.290324246160948,0.6823915230329973,0.08008451167695187,0.2263290308370287,5,
8844c1a12dfffff,33.688324546334805,-84.4429397523415,0.002789324760390066,0.10592504361662483,14.348902564367972,2.5169029227108974,364.1917316770297,9.91669617558152,0.4360418725345474,0.03825891452162114,0.19097798648438552,0.4650558558707151,0.0007905672019423928,0.14035962619320413,7,
8844c1a115fffff,33.705892285217786,-84.47973768226252,0.0,0.26313347791607844,12.672048768534456,1.8468400608621023,282.9040006982262,4.666988147156948,0.13480664544216045,0.1063248014378378,0.06193018778927384,0.3390848175897916,0.0,0.09132729183456145,8,
8844c1a9bdfffff,33.79390432379914,-84.32388659797805,1.043031758693683,0.9578203010841644,13.637081586241132,6.717637930641581,333.615655745032,10.166001547430703,0.450347346267127,0.4071004879247115,0.9999999999999999,0.4176723210453369,0.29562233509596986,0.4274381921385263,2,Less Suitable
8844c1a95dfffff,33.71436389887067,-84.32361204916432,0.29545434754315375,0.19972828538452403,13.679217076799814,3.310141481172681,348.19338927486046,9.386688497839314,0.4056293272461392,0.07887251693424023,0.3437482646746076,0.44026333455282407,0.0837394483983437,0.18714317625417048,6,
8844c1aad7fffff,33.73992303956043,-84.45427851593342,0.28905676750031656,0.17594513366573875,15.146874147389243,2.825878407410292,486.7176787046509,11.885735754778437,0.5490279817775185,0.06857522390021317,0.25048375590010574,0.6549334742710567,0.08192620777986476,0.21712324337054262,5,
8844c1a94bfffff,33.70676743679005,-84.3193232667941,0.17952191367513823,0.12256153619064725,12.875395074801895,3.133619484870965,303.0346092119752,8.303572364851712,0.34347868333959386,0.045461948043785186,0.30975179010332554,0.37028108331364373,0.05088118063443096,0.14603022956741848,7,
8844c1a955fffff,33.721158625511876,-84.318519706142,0.3118267404135355,0.2648287796188366,13.885183199425649,3.4158387965169457,375.05667733399747,9.326531587717202,0.4021774437540112,0.10705880921867357,0.36410457249254247,0.4818931875171223,0.0883798104689221,0.20267559385567246,6,
8844c1a13bfffff,33.71270006561452,-84.47464655738821,0.0072688982778019145,0.2123644554364334,13.026922488705132,2.0600820954744035,311.97916469174817,6.045907461053012,0.2139308691922218,0.08434354732545338,0.10299859602795342,0.38414239949482903,0.0020601948737880653,0.10505147522534931,8,
8844c1ab23fffff,33.69237519199138,-84.32012661685852,0.09445722383578518,0.06774577662083436,11.57028543755215,2.7545969546017814,207.47288109419614,4.850622737999832,0.1453438424396046,0.021728594876496674,0.23675561918865262,0.2221897297235802,0.026771634558845802,0.07863616262773432,9,
8844c1aa11fffff,33.70114223175508,-84.42336606772668,0.21920281438007239,0.12874078375059295,15.866185586917641,3.0420719073918305,485.95280326106956,12.266661091461119,0.5708859841044188,0.04813735135478956,0.29212058858149215,0.6537481520505528,0.06212778020086753,0.21072510292195923,5,
8844c1326dfffff,33.80990093758979,-84.34186452695744,1.473524528972301,1.3145816840355602,12.392638741511869,5.659136100359807,330.12217587284493,9.963277997461528,0.43871479941284697,0.5615659913581184,0.7961425130535976,0.4122584992863354,0.41763518554942625,0.5002196098996504,1,Okay
8844c13257fffff,33.83510061569381,-84.38294577695409,1.479809797740969,1.8510191685820394,10.12553009920591,4.210317174241776,179.68617669541558,7.719082208474511,0.30993986098295523,0.7938251148807758,0.5171136282001972,0.17912886480126822,0.41941659423100514,0.5140907542845417,1,Okay
8844c1a9e1fffff,33.76432583814123,-84.3161077598344,0.7265733428253269,0.6478972375820542,15.314752203129638,4.653495088082853,397.9081734099292,10.689435075744196,0.4803826581198136,0.2729143783367262,0.6024655219817517,0.5173059940045884,0.2059297873091778,0.33299279123413195,3,
8844c1a823fffff,33.74555081674306,-84.35016209569746,1.2227593435500235,0.6633015112596589,16.89433917054294,4.4180252574901555,491.0573535660721,13.446604704123477,0.6385927175440733,0.27958390312932785,0.5571162495071409,0.6616586385918249,0.3465618082937309,0.4167119307399456,2,Less Suitable
8844c1325dfffff,33.82071149457206,-84.38374204652906,1.8798393342222754,1.677707372610092,11.608634297939995,4.752899626478546,261.9975558035012,9.584175068136735,0.41696136924335736,0.7187870219283166,0.6216099002045259,0.3066862435560527,0.5327953717191144,0.564045704736418,0,Most Suitable
8844c1aab5fffff,33.758739552413466,-84.4202033951547,1.0269934719584033,0.4196648101674795,17.988255065016226,3.8589081209424636,649.8536355700412,14.883774171090312,0.7210594125312838,0.1740975262750677,0.44943555297500626,0.9077441459411011,0.2910766673959181,0.38833294155521814,2,Less Suitable
8844c13243fffff,33.81990873421522,-84.37434484454239,2.023421644709366,1.4764658731162614,11.421285750433913,4.756237680282164,281.7714635765087,10.376706751724583,0.4624378910595891,0.6316563205226571,0.6222527779400481,0.33732973259238114,0.5734903338340059,0.5587537425065215,0,Most Suitable
8844c13263fffff,33.82509240249954,-84.35045675368134,1.565703707012434,1.21511304653629,10.846968922674451,4.798407147418714,299.3616216912699,8.15521677457928,0.3349658423045939,0.5184994659397746,0.630374220294132,0.3645890797848852,0.4437611626659621,0.459494791592596,1,Okay
8844c1a939fffff,33.74153791176824,-84.30324056785088,0.31309317809915577,0.4967557027843003,14.003543790309475,3.716946658431283,426.5527807393935,7.593370662451354,0.30272636531626673,0.20747525185645507,0.42209511183182813,0.5616963452051021,0.08873875185565945,0.23117501687649344,5,
8844c1a1e7fffff,33.734702500226284,-84.47817097163929,0.06364339950867223,0.18418147458456122,13.427276036373959,2.2887457082337166,390.03912343769497,7.261248182436988,0.2836687357970803,0.07214127843209733,0.14703705502692366,0.5051113813201071,0.018038195116669303,0.1316836501780215,7,
8844c1aa01fffff,33.6851534598983,-84.40537732140129,0.06927632560364974,0.49475150344565283,15.483883851437026,2.879552771172028,390.1798352534208,11.112847682025173,0.5046786364706527,0.20660750194119235,0.2608209330280865,0.5053294414542988,0.019634712913697682,0.22337304223693755,5,
8844c1ad23fffff,33.85189789187032,-84.41035499702706,0.7704052565886238,0.6152258351527525,7.3570018812989,3.721823350480998,73.58165703122503,2.6874056443122085,0.021215569221583408,0.25876877607908205,0.42303431680760206,0.014699419576845854,0.2183528919657987,0.19905429558392812,6,
8844c1a99dfffff,33.78872153411084,-84.34776160338757,1.9045616971108157,1.228590156445182,14.782985596805323,5.853858124617356,393.09584532815006,12.13540550763467,0.5633543641767922,0.5243345945898614,0.8336441416598451,0.5098483622351859,0.5398023325189979,0.5605624117236709,0,Most Suitable
8844c1a991fffff,33.7963175317466,-84.35205715915879,2.0731162265901384,1.3168238873426508,13.823421274983165,5.69825877982277,376.6973557207101,11.919429839290187,0.5509613931490863,0.5625367888692296,0.8036771727865962,0.48443573554215147,0.5875750711536164,0.5825402612265254,0,Most Suitable
8844c1a1a3fffff,33.75670356970049,-84.48169699118512,0.07280622153420345,0.11921554867573331,13.134573199296023,2.359819816152389,417.77142808144345,5.734001948842591,0.19603331616768346,0.04401324964011438,0.16072525906470125,0.5480879433157523,0.02063517725137324,0.11328946185681425,8,
8844c1aa5dfffff,33.67233722828219,-84.42494616000005,0.0,0.12230697822045133,14.042037247423588,2.649251344147772,337.5141089830075,9.049375131424013,0.38627383776305957,0.045351733130124944,0.2164670464213555,0.4237137272472822,0.0,0.13284461514293805,7,
8844c1a851fffff,33.72755478756309,-84.39360789955646,0.7190533315416967,0.2659215555287086,19.192223363192646,3.8532530490929346,631.9311324235726,15.55346007241067,0.7594868800156703,0.10753194389390627,0.44834643937806573,0.8799697659360485,0.20379842047678234,0.34105095190235074,3,
8844c1b9b5fffff,33.652379435171255,-84.36004660509619,0.0,0.03043440296625246,9.883550029185894,2.1678541690938613,100.5775519975223,2.7937045356546837,0.02731514095011417,0.00557404342906009,0.12375448275628986,0.056534772554209536,0.0,0.021434642577247344,9,
8844c1ab01fffff,33.679579949527074,-84.33968774923515,0.06418303048461872,0.055050291150773936,11.700948857032564,2.591478007654044,173.6654500243364,7.009753373262884,0.26923762923954986,0.016231882933512784,0.20534044573613508,0.16979858603928305,0.01819114057386153,0.08760886535700127,8,
8844c1b997fffff,33.65476335043433,-84.38819219759752,0.0,0.04384979002644143,11.63812565783339,2.1851366815237276,183.1210333695451,3.81615885196082,0.0859849291547927,0.011382448192107035,0.12708293193916437,0.18445183859295988,0.0,0.04408620180084481,9,
8844c1b99bfffff,33.64875174775806,-84.40266517692088,0.0,0.04436111490218529,10.780241718301697,2.03089283224917,179.01813520681924,3.623394426024932,0.07492385007997093,0.01160383441304945,0.09737701874137555,0.17809360549559072,0.0,0.03931113850409216,9,
8844c1af6dfffff,33.76792880951528,-84.44330424879355,0.5990140590671051,0.2284309983831954,15.575215842505672,3.2381905861592046,520.7218944893204,11.868896581666034,0.5480617276336504,0.09129981210998626,0.32989119969713177,0.7076295738760557,0.1697761678115289,0.2648290123772124,4,
8844c1a8ddfffff,33.773136229624164,-84.41941220819872,1.4703127035357462,0.54670716326875,16.07505654577986,4.022450596196589,592.9694969780114,13.72460406278321,0.6545446903936061,0.22910252952629084,0.48093229399190673,0.8195911871382224,0.41672487066441827,0.43274353855668146,2,Less Suitable
8844c1ad05fffff,33.838308514663005,-84.42055096182017,0.7053756188704878,0.7337623268197259,8.480953185257311,4.135677117229715,106.8672360115283,4.650621413511085,0.1338675005030748,0.31009103161328977,0.5027386559396726,0.06628185266288998,0.19992180087729997,0.23973390329758926,5,
8844c13239fffff,33.84787936865944,-84.36335132188282,1.5494412078157254,1.2183883676218454,8.449448797330351,3.92657663529487,181.59150927601198,2.7325409337907893,0.023805492147266794,0.5199175681912036,0.46246787175484805,0.18208154561248174,0.4391519473214088,0.37736987197602606,2,Less Suitable
8844c1ab57fffff,33.68117550798913,-84.3584503912451,0.09863049598240828,0.057775488281340937,13.56735037785515,2.7818116231745798,219.64339429448518,9.35691994436085,0.4039211680649537,0.01741180028680339,0.2419969081355533,0.24105029042310167,0.027954448453717824,0.1226962108042206,7,
8844c1ad6bfffff,33.823916248704855,-84.42134249118912,0.8653526552214019,0.765865468904472,9.91052094561425,3.9947718770508978,166.6442907588943,8.726360077613506,0.367738804469395,0.32399059653506296,0.4756016332736027,0.15891794375841906,0.2452634548141088,0.3039177826139582,4,
8844c1af27fffff,33.803523261799796,-84.43663169224048,0.7656339680508703,0.5671583375411299,11.339568098851021,3.544442264343016,300.2199829782404,10.154171008869042,0.44966849423365185,0.23795719003818225,0.3888723896220001,0.3659192763746759,0.21700058466816294,0.28949664610744663,4,
8844c1ad07fffff,33.8459047211959,-84.4248573727113,0.5846223027884659,0.9378588162020391,7.358105411026437,4.202822146193984,76.9245238117812,2.9088774544543003,0.03392391617373497,0.3984578462069113,0.515670156362261,0.019879837262403777,0.1656971696777119,0.23833482412588558,5,
8844c1af29fffff,33.78992385033929,-84.44682272210616,0.5692651215752343,0.30454030419680955,12.9676355892179,3.2579634328180505,396.75768410289714,10.358497631123104,0.4613930275072088,0.12425254410471753,0.33369926380654935,0.5155230886289208,0.16134454500170645,0.24286639698963197,5,
8844c1ab17fffff,33.70237055142907,-84.35256070008778,0.326195824071306,0.1676530243013215,15.447230391970415,3.180535057963959,329.3304366648983,11.282088929548738,0.514389924289922,0.06498502353462575,0.31878728778105936,0.4110315464747387,0.0924523825921521,0.19902902561189614,6,
8844c1a9d9fffff,33.7683399662167,-84.36304687644034,2.736164301975247,1.7914705994327487,16.932283369065424,5.584127260272464,520.7890033634604,14.224589152585624,0.6832344996656536,0.768042616684671,0.7816965166447868,0.7077335720372971,0.7755001450475545,0.7525058445785244,0,Most Suitable
8844c1321bfffff,33.850292370001185,-84.39155003361132,1.1696612219233744,0.8184339852825646,8.207173978628205,3.6883936995744793,104.47032702174624,2.8006085459279495,0.027711302239704888,0.34675097009319444,0.4165960807759418,0.06256737926731125,0.3315124192663641,0.2706366351634081,4,
8844c1a9e7fffff,33.771116974028054,-84.31101297865384,0.6577069015797516,0.7272629176372541,15.150294449781107,4.870989101105344,385.33708492578825,9.845025294511839,0.4319293020795737,0.3072770092460568,0.6443528212307765,0.49782466453948704,0.1864112462857829,0.3317324260047308,3,
8844c1b9b3fffff,33.66077210028825,-84.3737200056152,0.0,0.04602728247745824,11.890205407006993,2.333138946625522,178.5717056177005,4.952601898769456,0.1511955422840143,0.012325228110959905,0.1555867747884444,0.1774017766281411,0.0,0.05705671236903781,9,
8844c1ad65fffff,33.82231512965031,-84.40253994209606,1.3339973085876835,1.1669109144013983,10.985141323535794,4.487599267257311,223.99769167369584,9.189523688406585,0.39431574831517546,0.4976295877450428,0.5705155487640361,0.24779811515923683,0.3780895414635647,0.4258184731156711,2,Less Suitable
8844c1ab45fffff,33.657586969909126,-84.3361994773612,0.0,0.017560308762817944,8.999822603825352,2.303689241041729,82.32007948185084,2.688483175674195,0.02127739940390394,0.0,0.14991503875561651,0.028241292818820166,0.0,0.01839259419852038,9,
8844c13219fffff,33.842696508943725,-84.38724748965583,1.3021411054509384,1.2425443775339504,9.195046362029553,3.900243320646096,140.5330961459079,4.345623101499292,0.11636629181028607,0.5303762960982092,0.4573963232759579,0.11845360484101398,0.3690606647490429,0.36719419626054606,2,Less Suitable
8844c1a1a1fffff,33.749106017998585,-84.47738730785329,0.07859190034288166,0.128093272966933,14.11428792234643,2.3838386773591624,431.55100192096734,7.626687564213475,0.30463813344012924,0.047857001283408036,0.16535106560074075,0.569442054234239,0.022274989141357143,0.13538311236785824,7,
8844c1aa63fffff,33.676761713253555,-84.3916932605495,0.01574236274091017,0.13809366569286322,14.68072751817972,2.7406155803873395,333.0013259174758,10.323116501060866,0.4593628112187266,0.05218683004504012,0.23406293814656642,0.416720298331794,0.00446179514152491,0.14967527997183946,7,
8844c1a8c7fffff,33.77153998637999,-84.40061911418834,2.1278731084701605,0.9578854307064921,16.778583441977865,4.887910625651834,630.3513025007373,15.585238233946722,0.7613103531793319,0.4071286868284663,0.6476117475459355,0.8775215143574834,0.6030945959897727,0.5907205916279199,0,Most Suitable
8844c1b8b5fffff,33.65793314675174,-84.42573589541794,0.0,0.05269404281236338,11.609570730603368,2.0254012071117033,240.28562811147884,3.960780057215361,0.09428348621193636,0.015211707815915208,0.09631938344236274,0.2730394183647137,0.0,0.05156438379121749,9,
8844c1aa31fffff,33.70635598148693,-84.39949358608233,0.4027893872190563,0.13876901476300657,17.397464775104467,3.1921783833503845,509.878396957562,13.668048531780272,0.6512994588240109,0.05247923314441702,0.3210296826310939,0.6908254802419448,0.1141609909852627,0.24841791475331493,5,
8844c1aab1fffff,33.75953594495788,-84.42960050052058,0.8398387920178896,0.34474368150273527,17.150836645403455,3.587710004791572,603.1315757359289,13.909858942238111,0.6651748617060699,0.14165923443624664,0.3972053490759708,0.8353392907796093,0.2380321622339214,0.34013832916236597,3,
8844c1aa39fffff,33.699553859374014,-84.40458480680935,0.3396846688222173,0.16793045605271245,16.793530800486764,3.055791354491854,488.5233946763369,12.644996707170478,0.5925953847983748,0.06510514201491781,0.2947628249273285,0.6577317799077715,0.09627547210958501,0.23193398591082173,5,
8844c1aa21fffff,33.69036578597637,-84.38151251988317,0.20562528814048342,0.10172285819233833,15.581201154442866,2.9570534629978806,379.63410468928896,11.550324476540482,0.5297816366432198,0.03643951164311125,0.275746836621489,0.4889867952443687,0.058279556042476525,0.18359776465788735,6,
8844c1af67fffff,33.78232691998282,-84.44251592003579,0.6681634864527277,0.30140330816153255,13.993289965441832,3.324369659395425,459.7806544822613,11.349441450306653,0.5182547014881778,0.12289433187936669,0.3464884778450865,0.6131893528811064,0.18937491446895488,0.2704386849246529,4,
8844c1a8e9fffff,33.76314432683987,-84.38692503560475,2.3842419038136327,1.0661228982131528,18.260232521395327,5.750319979059567,652.84120090938,17.71202796011795,0.8833483756125924,0.4539918163815074,0.8137036696146688,0.9123739554239949,0.6757561820761802,0.6676471975078833,0,Most Suitable
8844c1aa89fffff,33.73153202151982,-84.44057578162439,0.3725903096500537,0.3436541445376943,16.566428735925566,3.0727458595266963,505.1860785643911,13.289148123887978,0.6295576496036064,0.1411875021135886,0.29802810297404014,0.6835538266625559,0.1056017867670959,0.26898786536387886,4,
8844c1aa87fffff,33.74513741829974,-84.43039029575482,0.6197733722986505,0.44103257167215604,17.922048050895196,3.4130077800623275,615.9428734801323,13.616337071008438,0.6483321864453302,0.18334903777768594,0.3635593453767908,0.8551928708848799,0.17565989723908162,0.32928769410161673,3,
8844c1a8ebfffff,33.77074092263464,-84.39122431053323,2.7292621986573433,1.2815481126267008,17.28796389563175,5.572837626827248,625.5902939302505,16.21158960780231,0.7972512278568211,0.5472635822922582,0.7795222395326961,0.8701434120821844,0.7735439094076466,0.7106165061773452,0,Most Suitable
8844c1a893fffff,33.80952291209737,-84.42213381273208,1.0231576206274169,1.0218568806948976,11.12449936989641,3.968309385058771,256.8825676447599,9.768111993595934,0.42751591460309324,0.4348261414859124,0.47050520645455973,0.2987595815445458,0.28998948733826824,0.37696326104183453,2,Less Suitable
8844c1a161fffff,33.67471035955069,-84.45311965219315,0.0,0.08796451309282355,13.245537710642129,1.9389155350390777,295.86394030347657,4.2021622383875705,0.10813431672817883,0.030482617753346763,0.07966305724507805,0.35916874696601153,0.0,0.06475257572340286,9,
8844c13269fffff,33.81070550144069,-84.35125706141623,1.6928796488688365,1.3534599896104353,12.157211043996991,5.317008209360292,349.4591661398653,10.686168803264232,0.4801952350618226,0.5783989708515269,0.7302519023072115,0.44222490026509875,0.4798061330959183,0.530473974040478,1,Okay
8844c1a9c7fffff,33.76593336782192,-84.33487991371707,1.2943796921377035,0.8534775429835457,15.924820052784884,4.993524547577777,406.84803041447356,12.509499956502498,0.5848204010779948,0.3619236346276773,0.6679519945766326,0.5311600289909887,0.36686087830133485,0.44032423978663826,1,Okay
8844c1aa19fffff,33.69433788069922,-84.42845691311616,0.0897344528873416,0.1257195015664822,15.166865798522712,2.9224288533122325,430.09127350926815,11.477650881413814,0.5256115291223693,0.04682923927796585,0.2690784627792471,0.567179923142428,0.025433078408215376,0.18137755957592822,6,
8844c1ad61fffff,33.823116003818775,-84.4119406350969,1.086573657721047,0.9444544849983412,10.491986921770026,4.184681834374784,191.94607870678743,8.985897049573223,0.382631381021051,0.40131354570183003,0.5121765030929964,0.19812795072725636,0.3079632420316354,0.35938953056635137,3,
8844c1a8d7fffff,33.78753184223563,-84.41862081355471,1.5707517881462172,0.8140745632713912,14.009661465996063,4.120249736818326,466.9778678646163,12.863952249857618,0.6051593449781357,0.3448634891386587,0.4997674877178899,0.624342825017523,0.445191920186128,0.45788755333256925,1,Okay
8844c106d7fffff,33.776294431860514,-84.2871503220502,0.28722361167576027,0.9612390061187868,13.2860712425247,4.579941048062501,351.05851699120365,4.024656703220682,0.09794881309509396,0.40858067053274677,0.5882997063692152,0.4447034032924635,0.08140664372926593,0.26573749940832647,4,
8844c1a849fffff,33.70476368770957,-84.38071694684851,0.41649679760211844,0.15497195586985427,17.324728157147433,3.2398703050012303,449.6059273502955,13.073612816557315,0.6171899470764118,0.059494553677334805,0.33021469773191614,0.5974216481413464,0.11804602768887626,0.23934821379091087,5,
8844c106d1fffff,33.76950552762477,-84.29224546956088,0.3395843687636175,0.7836545218255477,14.435719264993953,4.45635312056491,377.8841040635516,4.562943259986566,0.12883641147012423,0.3316926493534641,0.5644978350867949,0.4862748312965267,0.0962470444636515,0.25168368871600266,5,
8844c1a169fffff,33.66790204571386,-84.45820907172546,0.0,0.07316865434400414,12.453019912386134,1.5252761187839021,255.86354152657734,3.2542218829622964,0.05374023867842023,0.02407651586121084,0.0,0.29718040376953436,0.0,0.04174724538093484,9,
8844c1ab0dfffff,33.671983032556916,-84.33539842165571,0.026589421118891364,0.03430459495055496,10.534519771841008,2.4659672727412962,127.31161826877177,3.6044266379921694,0.07383545318160017,0.0072497044781727575,0.1811682598483717,0.09796437140152482,0.007536133674262556,0.040495574185236506,9,
8844c1a8dbfffff,33.78153029141087,-84.43311529560842,0.9347816219724985,0.4432236806922543,14.478957914949008,3.569241527855657,479.56004435585754,12.40360413850575,0.5787439582339996,0.18429771320625124,0.39364849429483073,0.6438413374910571,0.26494143019998323,0.33266119348990203,3,
8844c1a8b7fffff,33.813917480478395,-84.38883884437367,2.0652422647799744,1.824772636653958,12.175289470715219,5.135038329564185,304.19225045269656,10.373741489288035,0.46226774035813567,0.7824612622852039,0.6952062166655547,0.37207507199181844,0.5853433855339067,0.6219196133875072,0,Most Suitable
8844c1a135fffff,33.7111178126322,-84.45585135704576,0.0667399757378298,0.1499097282235556,14.238677647122804,2.5228815338704353,372.4700185770498,10.981470856714694,0.49714005954546026,0.05730278186780978,0.19212941070638112,0.4778846602108785,0.018915845378069514,0.16409739158264142,7,
8844c1a16dfffff,33.66711233637385,-84.44881676113506,0.0,0.058006984689485286,12.630592515127217,1.7425819427461482,267.3488647513711,3.8740126643361057,0.08930465783582939,0.017512030331129445,0.041851055807780924,0.31497913027103486,0.0,0.050457301922916024,9,
8844c1a845fffff,33.71076578712724,-84.36623876551418,0.49196031608600516,0.2353728146848397,17.186661526979773,3.399233666084023,425.23192482278716,13.224674504888949,0.6258580676162879,0.09430538166155907,0.36090658070487436,0.5596494238649335,0.13943435202590737,0.2589359228793541,4,
8844c1a9a3fffff,33.79309866821947,-84.31449874117729,0.8078311754825118,0.9919863245151864,13.823226375915592,6.245681892183854,331.1076653501284,8.743200216647194,0.36870511403911077,0.42189321006837854,0.9091057103570995,0.41378570555933003,0.22896037102317687,0.388642997363406,2,Less Suitable
8844c1a897fffff,33.80872345319908,-84.41273314190977,1.2685351830711036,1.6127635756430645,11.857705789273474,4.36688043501647,273.4722182701848,10.055211492025403,0.44399006557286935,0.690668574212927,0.5472662382161544,0.32446844915394535,0.35953587208172944,0.496711050307872,1,Okay
8844c1a803fffff,33.74035436728534,-84.37403219005662,1.1215548670104085,0.4810997886607036,19.34242746838361,4.661194590536119,618.1244544263851,16.348824715341134,0.8051259608059051,0.20069677533860555,0.6039483736650998,0.8585736518906261,0.3178778267874759,0.42892269630598845,2,Less Suitable
8844c1ad25fffff,33.843499506149044,-84.39664821465,1.0941489502152346,0.8619861893444463,9.062664755046743,3.8536190564479043,118.02852469444079,4.228025266556784,0.10961837167402844,0.36560758812286925,0.44841692894875274,0.08357842506083567,0.3101102769972547,0.28784196315317845,4,
8844c1a903fffff,33.73474563217544,-84.30833396544118,0.3197772507726694,0.5198163267086222,14.172714794909963,3.6182656088331844,420.76822025766216,8.498393372529893,0.35465777180937985,0.21745971501356795,0.40309007073997993,0.5527320515643742,0.09063319193883582,0.24145910781106072,5,
8844c1a8c3fffff,33.772338422135135,-84.41001508017341,1.9102996774722034,0.7037780241844753,16.16543840584999,4.394410385122652,634.0498723568614,14.49048407118158,0.6984919036493188,0.29710885186239283,0.5525682474180772,0.8832531626556991,0.5414286254281349,0.5155795938778771,1,Okay
8844c1a885fffff,33.78513417499486,-84.39042936382648,3.022155133652607,2.0722771171189347,15.34887193849921,5.288617377472708,522.5677712844832,14.247505453631941,0.6845494674909931,0.8896222556101314,0.7247840953792065,0.7104901164650222,0.8565573868542526,0.8157576430569792,0,Most Suitable
8844c1a815fffff,33.747951048765685,-84.37832897555838,1.3969707678671057,0.6228317934256973,19.399305080961163,5.313792001391473,653.1565879244745,17.59694761272171,0.8767449122591875,0.26206189643870337,0.7296324909323196,0.9128627085146936,0.395937858090634,0.5023320035068948,1,Okay
8844c1a13dfffff,33.70431144687714,-84.46094250777652,0.008890079442468146,0.15719121040922648,13.86366782943665,2.264608752710039,328.6488072841693,9.288683719352822,0.4000056827417843,0.06045541515520868,0.1423885046372808,0.40997523010596715,0.0025196797912103957,0.13368962333437437,7,
8844c1aa8bfffff,33.73912939789924,-84.4448802856576,0.3813809998835798,0.3599408366450319,16.10728903274951,3.0574999611342393,521.9448348775753,12.813201109276875,0.6022471770489365,0.14823908397150382,0.2950918864804899,0.709524756194582,0.10809329707086177,0.26953671007853397,4,
8844c1ab41fffff,33.65838418926336,-84.34557786724736,0.0,0.02877160470944562,9.894974177247407,2.302934036162409,93.97015807376229,2.7129999077089586,0.022684202087418448,0.004854108531058946,0.14976959340595009,0.04629533958093397,0.0,0.021737480940496393,9,
8844c1a1e9fffff,33.721088183471466,-84.4883549398635,0.006251963336436142,0.35105771391132523,12.158648143126438,1.7708962406414086,304.0058227057633,3.981850651435815,0.09549254492541204,0.14439299498684013,0.04730412300941539,0.37178616619308635,0.0017719690556368066,0.09956126960193612,8,
8844c1b8b7fffff,33.66553103593194,-84.43003561565017,0.0,0.07379004576559806,12.661859469212704,2.3186676817707768,284.1824963818942,5.54405180073301,0.18513372409661857,0.024345557140207058,0.1527997454212502,0.34106609356797507,0.0,0.08012629297860754,8,
8844c1a8e5fffff,33.769140912277024,-84.37243819137029,2.814432981556993,1.7055964501943661,17.510773660741012,5.89564402295184,577.6509818289306,15.403718077089803,0.7508944852155188,0.730862040736995,0.8416917122738689,0.7958521894442783,0.7976835250165523,0.7711262612636145,0,Most Suitable
8844c1a10dfffff,33.68309822417752,-84.46681802544664,0.0,0.1443031033377853,13.678449387020072,1.6188920497925028,296.94862634197773,4.144765150620376,0.10484079551245112,0.05487530463252625,0.01802954693850728,0.3608496774684811,0.0,0.0673385028301663,9,
8844c1a8c1fffff,33.764741667144825,-84.40571345938393,1.5951825569398026,0.6521117801095704,17.176294617800316,4.535883219367472,668.5664590803308,16.27423219743541,0.8008457429444431,0.27473913141921713,0.5798145833574837,0.9367432799847555,0.452116235633622,0.5021392347868734,1,Okay
8844c1a16bfffff,33.6755001484559,-84.46251313363142,0.0,0.10985203082891587,13.088889615349526,1.5413571167493685,273.82813783980293,3.6475732652952026,0.07631126402737023,0.039959165966172036,0.0030970488090299453,0.32502001526594554,0.0,0.05338135466620034,9,
8844c1a807fffff,33.73955499719205,-84.36464323955302,1.0943947747192397,0.5184376018345269,18.938893332898108,4.41904244672411,566.5622485569846,15.083896423619116,0.7325426934795474,0.21686277419555822,0.5573121505769839,0.7786680556682782,0.31017995005686394,0.40910304085117044,2,Less Suitable
8844c1aa6dfffff,33.66156682070103,-84.38310304034994,0.0,0.05827884061050412,12.597917359912639,2.3518968682518318,214.42170073864133,6.412261555158484,0.23495275424498077,0.01762973466715969,0.1591993738918953,0.23295826779073198,0.0,0.07771517407010228,9,
8844c1a809fffff,33.725959503314776,-84.37482887586712,0.7285502685652675,0.32907352708717463,18.871789696039766,3.8747288010954635,556.1329817012222,15.36457043652484,0.748648141546144,0.13487459235796276,0.45248246702419104,0.7625058924671453,0.20649009949399996,0.33981195083262294,3,
8844c1a84dfffff,33.70396660142271,-84.37133036936139,0.4059807309505623,0.1696582499905243,16.71233456891526,3.235847806969832,401.13256349963746,12.241483440769683,0.5694412570295755,0.06585321782465212,0.3294400024820181,0.5223028091762307,0.11506550082222418,0.22619168335874207,5,
8844c1a839fffff,33.74715159798193,-84.36893885267992,1.4010727944882615,0.6329762382790484,18.62780244863157,4.980005271014817,595.5538009092904,15.825600670299242,0.7751026693818883,0.2664540948553655,0.6653483091916722,0.8235960651873043,0.3971004791501218,0.4744473340970585,1,Okay
8844c1af41fffff,33.7703125616471,-84.47150953082226,0.22205288594353312,0.11372328387471706,13.138462740175433,2.633259404350771,437.08032373654027,8.972219253026722,0.38184653086814724,0.04163528641870223,0.21338714937710856,0.5780108062674174,0.06293556462714052,0.1644478684636826,7,
8844c1b8bbfffff,33.659514286809184,-84.44451469962394,0.0,0.05052628427919332,12.25765774131225,1.5565624164979006,242.88326925945177,3.4036758521656347,0.06231610615696587,0.014273142351295412,0.006025446385987732,0.2770649650068844,0.0,0.038734599425998786,9,
8844c1a91dfffff,33.73554875644894,-84.3177159348197,0.4612292530620854,0.5943280780543978,14.902587984301713,3.7357176538041816,405.32016517440957,9.77225252656024,0.42775350389016087,0.24972076044431202,0.4257102288157856,0.528792306724336,0.13072436929010786,0.2776491718548435,4,
8844c1a86bfffff,33.71756415786499,-84.36114680933454,0.5831564214103345,0.3500916531389331,17.91486024408621,3.5741333199868057,439.10566055453023,13.820830486760995,0.6600662905516124,0.14397472364166164,0.39459060740412477,0.5811494568209346,0.16528170075994889,0.2944081952445605,4,
8844c1a8d1fffff,33.780733033757514,-84.42371583266619,1.3741860896785993,0.5858340470397552,14.877867027534233,3.915013862797501,521.7891554775033,12.86578808281546,0.6052646875143234,0.24604313489526403,0.46024099063285784,0.7092835008977508,0.3894800875439995,0.41017889635969246,2,Less Suitable
8844c1334bfffff,33.80748348464194,-84.3136939152651,0.8492544694742775,1.1739645752978027,11.844514087165463,5.716243233479911,295.17517899766966,4.400764247513838,0.11953036408857068,0.5006835821891671,0.807140809241219,0.35810137830194033,0.2407008101758153,0.36415337376501916,2,Less Suitable
8844c1aa27fffff,33.69716660096714,-84.37642162083235,0.32827447307724544,0.11057378507083022,16.21550867028042,3.0880146719632573,386.51054630004273,12.082518752487836,0.5603196518441108,0.04027166092123192,0.30096873249675404,0.4996431695699195,0.09304152579690969,0.20454199605228843,6,
8844c13343fffff,33.81427183826455,-84.30859704580332,0.8022209772499487,1.5040678032383654,11.145699045782905,5.092745360156165,284.24232668441175,3.463417802445827,0.06574417870160157,0.6436070142798493,0.6870609889367328,0.3411588121767742,0.22737029489362667,0.38696811626755123,2,Less Suitable
8844c1a105fffff,33.68990632514068,-84.46172792371578,0.0,0.14444209158197216,13.9662154848465,2.0402519753152353,325.2847671013901,5.440822486142167,0.17921028876364523,0.0549354817989338,0.09917950158159133,0.40476200014443775,0.0,0.09017533387075455,8,
8844c1af55fffff,33.78550713793955,-84.48013002677345,0.09136495397388417,0.12332671553331748,11.816934300097412,2.5023419127877107,342.03894235687494,4.7008530544009535,0.13674985884924437,0.045793244585480966,0.18817367306193983,0.4307258304428172,0.025895204833957113,0.0982627515734165,8,
8844c1ab67fffff,33.670385141675574,-84.31664277046204,0.0021450284315900256,0.029151798651427627,9.38190590131534,2.4293110782559753,116.9118284905258,2.397142321828064,0.004559873820682819,0.005018719532857263,0.1741086219006443,0.08184788862492239,0.0006079568608611435,0.023965246978483828,9,
8844c1af45fffff,33.76951860716848,-84.46210660977849,0.3347412361465075,0.1470101657832489,13.782862767931423,2.802702802144789,457.6514199862049,10.039710311855528,0.4431005872431433,0.05604737028605909,0.24602035251928256,0.6098896928096287,0.09487437468488787,0.1954831833082488,6,
8844c1a125fffff,33.6951304188481,-84.43784927210919,0.05533303931226964,0.11487725472824414,14.562652231203726,2.777752200391402,401.8083154869589,10.933307567001135,0.49437638594002853,0.04213491641610535,0.24121510152610104,0.5233500173888143,0.015682822841307332,0.16538240398538526,7,
8844c13353fffff,33.830269911671984,-84.32657293452681,1.5312588680125925,0.9302865842020647,10.96429798756088,4.8633564065630805,262.8914726076487,3.4452820233188963,0.06470352358055137,0.3951793281724918,0.6428828361221053,0.30807154028655914,0.4339985992039532,0.3664227610896289,2,Less Suitable
8844c1ab39fffff,33.69397482829004,-84.33888696839064,0.16811178801897603,0.09899136736185396,13.144641134801532,2.9757122132049263,241.06105702906297,9.32348057315009,0.40200237248128323,0.03525686933254485,0.27934033624326715,0.27424109523138124,0.04764725418674768,0.14076688920953206,7,
8844c1aa93fffff,33.761921350088706,-84.45779878216635,0.35498578173651013,0.16209386817980742,14.614394187498785,2.8989822117561648,481.34615014793025,10.818030850441811,0.4877616546629381,0.06257809865427354,0.26456286036060916,0.6466092533671398,0.10061220557104307,0.21162138666290764,5,
8844c1af47fffff,33.777115833422904,-84.46641526876502,0.3046215513803743,0.13035589695595498,12.933551272292608,2.7555218925488107,421.6300118632069,9.130977329872332,0.3909562804146739,0.04883664025288809,0.23693375352915969,0.5540675640952943,0.0863376724524741,0.17613426077293756,6,
8844c1320dfffff,33.82589712652894,-84.3598516361335,1.7170578658097961,1.1987719080079886,10.5556143280049,4.641252339056223,275.6273524161078,8.831429136467708,0.3737678067744674,0.5114243106397038,0.6001076837820577,0.32780824573490025,0.4866588687781906,0.47231535506145583,1,Okay
8844c1a8b3fffff,33.81471890476402,-84.39823719994912,1.6355046943112734,1.4991697260949406,11.672799766602537,4.975304003513947,271.1373766881657,9.732237632636302,0.4254573960698803,0.6414863140360174,0.6644428893324217,0.32085016119379656,0.4635445783532567,0.5213609510185896,1,Okay
8844c1ab43fffff,33.66598131987238,-84.3498678806638,0.004234178568288433,0.035650611768044925,11.084251274221405,2.4006668998027627,123.65714349363662,3.482315742096831,0.06682856760695119,0.007832483823917543,0.1685920228093024,0.09230105694740061,0.001200076359264858,0.035890037975277914,9,
8844c1a80dfffff,33.72516092143559,-84.36544110713653,0.7080068068148672,0.38105277156065487,18.463242004108164,3.82854057743649,518.0751398952325,14.762133635164474,0.7140795168371121,0.15737983129179128,0.44358704999961185,0.703527916463832,0.20066754799162367,0.33395529310594396,3,
8844c1ad67fffff,33.82991132284359,-84.40684351543666,1.078787632308033,0.89512746420332,10.534110108257298,4.148502399706058,170.84488845116942,8.671036793097414,0.3645642808417061,0.37995662910693306,0.5052086845973548,0.16542758114557077,0.30575647987456117,0.34521810527935953,3,
8844c1a8cbfffff,33.76553939543108,-84.41510941443985,1.3527045468388976,0.523066030183313,17.18662766068246,4.120328123767756,653.8792143273668,15.199468997865011,0.7391744014640887,0.2188667257137585,0.499782584306354,0.9139825576870773,0.3833916594565459,0.4417622904669022,1,Okay
8844c1aab9fffff,33.75273457839714,-84.43469411605601,0.6418629816397582,0.32650368735723917,17.167578920614787,3.394686976338863,593.0837337183468,13.307948874985243,0.6306364617005129,0.13376193945718137,0.36003093106605744,0.8197682190299556,0.1819206671920067,0.30865020834114926,3,
8844c1aa67fffff,33.67596682973637,-84.38230788435642,0.03711170609952133,0.08423681815173009,14.344996754046633,2.7171263792171754,304.54065627176277,10.038779217591044,0.4430471598161916,0.0288686530608716,0.22953913914694302,0.3726149940962051,0.01051842297714524,0.13714972975229986,7,
8844c106d9fffff,33.762715806437036,-84.29734026564418,0.4055131789057174,0.6070903944400905,14.667221726948918,4.271599893410834,394.8831068862177,5.577988268491413,0.187081043741171,0.25524640789299063,0.528916102948607,0.5126180691938914,0.11493298440925412,0.24136781906948493,5,
8844c1ad27fffff,33.85109544568948,-84.40095193328614,0.9141646110358157,0.6541569640521616,7.956590542437505,3.6921679300827406,84.60280286229778,2.917590206536921,0.03442386547339071,0.27562462626928425,0.4173229620382687,0.03177881356002556,0.25909803294481754,0.2214033452834569,5,
8844c1a12bfffff,33.69671361215023,-84.45663746812329,0.0028995136048719722,0.13868916338987303,14.004124564544618,2.277233491381432,349.41888580081724,9.42082663951575,0.4075882192082698,0.052444660224980275,0.14481991044620612,0.4421624781003871,0.0008217975870536424,0.13460205485093904,7,
8844c1aaedfffff,33.71474849032007,-84.41318331719111,0.4245556772624548,0.14366570837412262,17.38831756138443,3.2857832943781697,568.6222276729247,13.785091212141255,0.6580155234522038,0.05459933436597562,0.3390571072250468,0.7818603911529489,0.12033012383800004,0.26138886484152546,4,
8844c1a895fffff,33.80112700820655,-84.40842971409629,1.5281822843598016,1.4407199077763444,12.709337968459028,4.566861832277903,347.645724223042,11.254721196579514,0.512819527381875,0.6161795374519523,0.5857807725470903,0.43941462178427926,0.4331266153588062,0.5206715883615127,1,Okay
8844c1af43fffff,33.77790986552283,-84.47581936292903,0.11217689460478311,0.11631190361845278,12.084707918960712,2.538360261305123,386.724169854503,7.059368879856951,0.27208463298056607,0.042756070424543664,0.19511046788142988,0.49997422052475105,0.031793850235599094,0.12812113641732367,7,
8844c1a8b5fffff,33.80632130342076,-84.38453810709966,2.068506865601213,1.7121039026565001,12.711276947923931,5.253196140605057,365.98974300121097,11.649859905529254,0.5354931119086678,0.7336795455698246,0.7179622986417834,0.46784222166811984,0.5862686583358966,0.628048629979177,0,Most Suitable
8844c1ab2bfffff,33.6855786198683,-84.32521756992027,0.06637936980201575,0.049289045913825616,11.308856927636535,2.6526027553596085,185.83451718369912,4.4896968387792,0.1246334344270891,0.013737460362979754,0.2171124966679433,0.18865690581911476,0.018813640274623452,0.06543672282430409,9,
8844c1a165fffff,33.67391994303685,-84.4437273292483,0.0,0.07769699165216591,13.741544993119007,2.199473531778943,316.6097129625572,5.466247216707401,0.18066919361018377,0.02603713137468075,0.12984407431997352,0.39131832833993174,0.0,0.08222077628158297,8,
8844c1aa95fffff,33.75352963491767,-84.44409237064042,0.4889098301507867,0.26115372712934437,16.399281200798125,3.185641682914783,546.0913196607128,12.301048914156294,0.5728592030954,0.10546763691118492,0.3197707756688183,0.7469443977855068,0.13856976495285783,0.26571526559177466,4,
8844c1a883fffff,33.79353053225406,-84.40412711724403,1.886795691297067,1.4589781702238438,13.605722157858494,4.710452123220419,435.1130590526724,12.454477436929082,0.5816631357426372,0.624084741982333,0.613434910711076,0.574962149701215,0.5347669842851467,0.5822608530806236,0,Most Suitable
8844c1a917fffff,33.74993782789417,-84.3169119527447,0.6270691985188033,0.6256765582975199,15.86315125551377,4.133999576174117,424.41680531830843,10.350307946717887,0.4609230925263941,0.26329358254340607,0.5024155773260507,0.5583862387684152,0.1777277241922678,0.31222776900749577,3,
8844c1a825fffff,33.737153129698484,-84.3364833660059,0.7275323548448479,0.4811233847179065,16.016695925755666,3.9700245514585166,412.3812114486799,12.405250714758632,0.5788384409688062,0.20070699162609928,0.4708355313552298,0.5397347616287719,0.2062015962644017,0.31632346054030147,3,
8844c1aa91fffff,33.75432406258378,-84.45349178573674,0.3655989764956391,0.20278435683596063,15.351666142946456,2.9371150748882435,505.86143395581644,11.59998423917434,0.5326311798546455,0.0801956915765443,0.271906890787186,0.6846004202732037,0.10362026107018864,0.22975279011305105,5,
8844c1a88bfffff,33.786733248247025,-84.40922250116684,2.054233410602479,1.0866811684833322,14.255401584415734,4.476390103793944,502.76241461671844,13.124470683194374,0.6201082390886338,0.4628928458055242,0.5683567694128421,0.6797978912925309,0.5822231898624364,0.5557362734628735,0,Most Suitable
8844c1a829fffff,33.73115845357814,-84.35096184015347,0.7617943460024585,0.5437829359154807,17.266510856831342,3.9292040460015825,466.6277225983413,13.35896172673504,0.633563646964584,0.22783643887897986,0.4629738863204572,0.6238002073037463,0.21591233589109882,0.34407470721947386,3,
8844c1ad43fffff,33.825514849524325,-84.44014969148517,0.5368519989616527,0.5860310074346605,8.391247788457479,3.557794686108312,139.66136195246983,6.875415699397989,0.26152915488732975,0.24612841202448638,0.3914439403438321,0.11710268434993752,0.1521578228190763,0.21872915615355665,5,
8844c1ad5dfffff,33.826313204904984,-84.44955503510695,0.4431819844685244,0.5565035899477122,8.159928806224421,3.3026201058917093,134.30778290666507,4.675442751487924,0.13529178188057342,0.23334404795044303,0.34229971860761454,0.10880627967978039,0.12560930386734975,0.17979191410997608,6,
8844c1a83dfffff,33.74635152054913,-84.35954989263021,1.3634855236962677,0.6387262982822327,17.966491045547247,4.630016314858251,538.4858448822963,14.356534540553678,0.6908057014721429,0.2689436746014031,0.5979437313062668,0.7351582457682199,0.38644726876721824,0.44468976279110484,1,Okay
8844c1af31fffff,33.81271445185152,-84.45974811770174,0.34129082634252145,0.3659695322311732,9.667847534887258,3.041265621710962,193.48876582633017,4.861219176098081,0.14595188014753294,0.15084930341581776,0.29196530555036226,0.20051864235871641,0.09673069893535197,0.14789230980073528,7,
8844c1a93dfffff,33.74073345551565,-84.29385975565312,0.1735007485291284,0.344589060595774,13.05495744668243,3.569243306526334,414.1249289283654,4.445029171111949,0.12207034426272631,0.14159228886036196,0.39364883685005736,0.5424369886283403,0.049174625790222574,0.1619411810505157,7,
8844c1a985fffff,33.77951765221731,-84.32469003157162,1.0145708230457338,0.7978552879541119,14.73524537541383,5.600387307833207,365.1053309814614,10.991416467011593,0.4977107518887558,0.3378410964500703,0.7848280487201539,0.46647165443670047,0.28755576551634326,0.3956923879000017,2,Less Suitable
8844c1aa2bfffff,33.69116145786792,-84.39089907733468,0.20606000299960697,0.14489056379941712,15.967122495667558,2.9605318746488205,414.9587045454931,11.8275708837686,0.5456904041384234,0.05512965496383873,0.2764167459569665,0.5437290849744701,0.05840276554274713,0.19713802676955225,6,
8844c1a9c9fffff,33.75234581674798,-84.34506838726108,1.4339789728471686,0.9155447670180697,16.37145295185087,4.587081343375641,456.4806497425842,13.060892112925151,0.6164600161875583,0.3887966244336198,0.5896748600221894,0.6080753582058522,0.40642694615792213,0.46763037774744376,1,Okay
8844c1ad41fffff,33.817918311719346,-84.43584225290456,0.6616716966064108,0.6435273573915369,9.549615434187938,3.620245156705304,187.76456214866343,8.906521967282236,0.37807673325589175,0.27102236934744645,0.403471313023135,0.19164788324261822,0.1875349723412827,0.26545850246103775,4,
8844c1a811fffff,33.748749872624614,-84.38772026097715,1.341290676497307,0.571479871044975,19.074945867903004,5.147995116177164,684.2282204150242,19.74494746620057,1.0,0.23982826656208595,0.6977015717818701,0.9610142039345679,0.3801566716675934,0.511554627386263,1,Okay
8844c1a923fffff,33.73992837482105,-84.28448010858044,0.13920161135450385,0.3143674082066027,11.732216087014939,3.4443992955910203,384.95800321567594,3.7447757815934444,0.0818888736606129,0.128507344766178,0.3696050557232857,0.4972372042174784,0.039453358015942575,0.14187190153253934,7,
8844c1a8e7fffff,33.77673731892778,-84.3767359503915,3.278216581123007,1.883489444093403,16.698551051890288,5.862773523127242,547.6304070685126,15.03747878516672,0.7298791876646352,0.8078836360469177,0.8353611634763,0.7493295109684076,0.9291318625577145,0.8327092536827089,0,Most Suitable
8844c1a855fffff,33.72675745878245,-84.38421780676994,0.7430712389581982,0.29118025679556253,19.52525022283441,3.8702485771503854,606.9582983536411,15.19737772390955,0.7390544013838034,0.11846809952538662,0.4516196180727088,0.8412695365320957,0.2106057202693385,0.3406077697126093,3,
8844c1ab5dfffff,33.666777997359354,-84.35924860275615,0.00566820398393108,0.04120482833791495,12.103983590235364,2.4206974804520938,151.78006397389348,5.562236366395241,0.18617717865393466,0.010237270046982574,0.17244972405877768,0.1358829536214951,0.0016065164685192376,0.060671848420845775,9,
8844c1a131fffff,33.711909253448425,-84.46524837776313,0.04974069899658842,0.17268059693637836,13.793783680041,2.2587246475692138,335.1268503538836,9.506493564368524,0.4125039012657491,0.067161790906973,0.14125528138473553,0.42001420894932107,0.014097808109978781,0.14260964074444682,7,
8844c1a8a3fffff,33.798725095702636,-84.38023820046261,2.311955108802863,1.82321858676783,13.74503236080898,5.3288757721303455,427.8124150310988,12.450411154134219,0.5814298070290211,0.7817884117203935,0.7325374831661863,0.5636483918137318,0.6552682238145341,0.6839393359314725,0,Most Suitable
8844c1ab21fffff,33.6847785722924,-84.31583914673243,0.05512038056893124,0.0431074099268975,10.829669269690251,2.6170562453547803,178.7064628864919,2.906995749875013,0.03381594146291425,0.011061022944603108,0.21026657350371936,0.17761060904185405,0.015622549821085007,0.046853613044512854,9,
8844c1ab07fffff,33.68637804317212,-84.33459715600694,0.09647913015607032,0.057300336931601095,12.10286142993571,2.6993507573645665,203.28013038945454,7.335822789515294,0.28794792591144946,0.017206075968107647,0.22611572173176697,0.21569225275910325,0.027344695410316512,0.09965890931895548,8,
8844c1ab1dfffff,33.68797501586243,-84.35335981573031,0.16049440762038586,0.08776212270216825,13.624047428907835,2.9029110283559887,248.0759497028277,10.22951721521113,0.4539919597397555,0.030394989621277006,0.26531951344877636,0.285112026218172,0.04548829041409536,0.1468290482739957,7,
8844c1a9e9fffff,33.75753388555041,-84.32120218920397,0.7603156266614925,0.6413744187029357,15.737434917188573,4.456300555967161,407.4649913117578,11.301754906668137,0.5155183842064507,0.27009022036976027,0.5644877116401528,0.5321161290552148,0.2154932283606863,0.33916453366917126,3,
8844c1aa09fffff,33.6783496021694,-84.41046749428378,0.00424978542912764,0.36408810837668965,14.967625783679463,2.815548276024758,358.3686298987455,10.706975223581336,0.4813891351254579,0.1500347110951741,0.24849426985120537,0.4560318350474838,0.001204499749642331,0.18935510154407256,6,
8844c1aa05fffff,33.6843591213877,-84.39598961364989,0.1129395329789611,0.22598143828840206,15.47992010375429,2.8547125203411303,381.3941795307715,10.965059917006528,0.4961983780037399,0.09023923618637464,0.2560369345836464,0.49171437113514505,0.0320100017910327,0.18576208446965836,6,
8844c1b8a7fffff,33.64954380290114,-84.41205051091653,0.0,0.04628056168480746,10.72887834488393,1.9601425265244323,200.08908970759197,3.7515000661608093,0.08227472205022171,0.012434889363948546,0.08375117595762216,0.21074711893570114,0.0,0.04239894137079674,9,
8844c1aa97fffff,33.76112684407114,-84.44839819431719,0.4780178735067958,0.21356514619984285,15.458403483825679,3.0888470475961682,515.8740039217201,11.85836445112096,0.5474573799786315,0.08486340544940048,0.30112904020701614,0.7001168311666776,0.13548270108349555,0.24812875478854507,5,
8844c1ad01fffff,33.839108915572105,-84.42995516661996,0.551229804216991,0.7395893787865816,7.556273837280202,4.180529372231253,87.25111611770585,3.5400959218260066,0.07014407114884635,0.31261394625205163,0.5113767779786857,0.03588288641898969,0.15623286686995114,0.21357792159861494,5,
8844c1323dfffff,33.84707377770935,-84.35395408137008,1.3221989831307175,0.9075886835801568,8.636763052079,3.94468385526321,202.40697335115377,2.652088071283682,0.019188999920205924,0.38535191182647405,0.46595515184518943,0.2143391272951175,0.3747455890932373,0.3132551902216303,3,
8844c1af61fffff,33.77552587973594,-84.4476105616137,0.5525189280231955,0.21654266789429935,14.688627003631938,3.179156161942853,488.4433078049896,11.110593161984053,0.5045492691129075,0.08615257072764129,0.31852172538940227,0.657607669833412,0.15659823809344606,0.2463525973944149,5,
8844c1a869fffff,33.70996736772972,-84.3568533403822,0.464536681270269,0.2787677770597461,16.89547407208223,3.3623969188976304,382.8548182669691,12.500135926797318,0.5842830806023671,0.11309391940704389,0.3538121700067851,0.49397791295057747,0.13166178048772093,0.24961492031176297,5,
8844c1a93bfffff,33.74913391406182,-84.30752880335179,0.4755762585918923,0.5817404305732473,15.141457767928134,3.9810871332624043,425.4812718080484,8.804891867016586,0.37224506296733806,0.24427073867028198,0.4729660804588428,0.5600358351750704,0.134790683897506,0.2744781443199784,4,
8844c1af65fffff,33.77472995870039,-84.43820994920941,0.7638585047771767,0.3182344418973714,15.424890586310815,3.3973614916032666,510.6846325945944,12.176519746124729,0.5657135538500511,0.13018163838197527,0.3605460175259986,0.6920748980701105,0.21649737218736198,0.29756367213113,4,
8844c1a9a9fffff,33.778712785484586,-84.31530335600614,0.7841555371074633,0.8056356140817739,15.072465614581379,5.371347128258306,373.0130874196718,10.301375856186118,0.4581153041077558,0.3412097121400401,0.7407170664977966,0.4787262502656058,0.22225007918116685,0.36579275752197843,2,Less Suitable
8844c1aa69fffff,33.6623609156913,-84.39248723557778,0.0,0.06977302426864385,13.05821368426847,2.3676709154904536,241.60103202710272,7.790569775394248,0.3140419126282563,0.022606323923044694,0.16223730688080973,0.27507789077641304,0.0,0.09631869321715952,8,
8844c1a995fffff,33.79551375583911,-84.34266580725631,1.6312725529263947,1.1981721381755588,13.723672127486976,5.9276271335981034,356.81193686446005,11.614953385273365,0.5334901293619521,0.5111646307709241,0.8478513582702677,0.4536194385461624,0.4623450793847679,0.5218741580135918,1,Okay
8844c1a969fffff,33.70436093028196,-84.29118792792056,0.06433267413843882,0.07448096704252966,11.160706131617529,2.881735712770184,282.6888516048161,3.331622930559704,0.05818161370803132,0.02464470247368232,0.2612413470279683,0.3387514025177294,0.01823355347836407,0.07398908339749549,9,
8844c1a935fffff,33.747524211731545,-84.28876599945377,0.16914224324331997,0.39698096988664533,12.746974245068019,3.6481478792849527,396.9811516570695,3.9805632174584047,0.09541867025191555,0.1642761975768902,0.4088451146938752,0.5158693947624815,0.04793931200482785,0.163701157357255,7,
8844c1aaa5fffff,33.742748716491754,-84.40220601549521,0.9680139505987206,0.3954567287633829,18.97103297274439,4.173911567924064,705.5820114254477,17.539567351544537,0.8734523565755692,0.1636162531891011,0.5101022511743177,0.994106027170701,0.2743603366784058,0.416918279247182,2,Less Suitable
8844c1aa17fffff,33.70794576836747,-84.41827486907043,0.3572183306073428,0.1318348776409424,16.733953281338717,3.1416017096850233,532.1423515801652,13.10999660297961,0.6192776971200443,0.04947698841553099,0.31128909145159245,0.725327777775382,0.1012449680012475,0.2398383407611814,5,
8844c1a9b9fffff,33.79470935309782,-84.33327562010018,1.2867664022973444,1.0794478294521233,13.553395993233046,6.250967554232207,342.5503334335201,10.81690452741675,0.4876970247501131,0.45976105686100044,0.910123679104247,0.43151832968122494,0.3647030738993019,0.4679077151105756,1,Okay
8844c1a949fffff,33.69917094947209,-84.31503531239271,0.10588311392828112,0.08850276049927057,12.058671647147166,2.8530393617127587,254.1149907240361,4.776237360536226,0.14107551057214132,0.030715660511284194,0.2557146999842488,0.2944706866027395,0.030010029057901063,0.08960326383400098,8,
8844c1ab5bfffff,33.67517132054629,-84.37292366899726,0.05560082031580399,0.062027881334942234,14.110577439559556,2.6908606599861997,257.89040085572435,9.237657602557306,0.3970777363117516,0.01925294135534425,0.2244806089091247,0.30032141374813254,0.01575871894408594,0.12158367803987342,7,
8844c1aae3fffff,33.72994301102814,-84.42178514632833,0.5099476732005763,0.2574486695456131,17.687525246309274,3.389423394445836,621.6270062415422,14.35553357377563,0.6907482646674551,0.10386347342189049,0.35901721474894577,0.8640015323773274,0.14453243697691054,0.29984157650469895,4,
8844c1a8b1fffff,33.807122648584496,-84.39393528880358,1.861107104405005,1.6606479926045647,12.459838625582696,5.443461730988379,346.8809321798119,11.032439379450285,0.5000647011517529,0.7114008925804143,0.7546056600402161,0.4382294288087266,0.5274861704661522,0.5957093952782262,0,Most Suitable
8844c1a1a9fffff,33.74230019017265,-84.48248016487568,0.06388620875409899,0.1677952777845577,13.406693511178409,2.214951004576001,387.4205040165439,5.219609256837305,0.16651677952376312,0.06504661443810711,0.132824889863627,0.5010533247921053,0.01810701357355488,0.10829385714582554,8,
8844c1a81dfffff,33.74115311071683,-84.38342230307397,1.106350001308629,0.46698406251787145,19.606395502955866,4.71384727857722,655.4041629062181,17.874407136127743,0.8926659086440558,0.19458514765361667,0.6140887856681424,0.9163457600238851,0.3135683722899348,0.44569837022952874,1,Okay
8844c1149bfffff,33.69077305865625,-84.30137091817723,0.0371732676768588,0.05358898340740846,10.984237945863047,2.702655359485892,205.5858607705984,2.8926258235510587,0.03299137598307053,0.015599186551458352,0.22675215698821982,0.219265427291239,0.010535871129699564,0.05137838058085263,9,
8844c1aa61fffff,33.66916427955815,-84.38739773618003,0.001405163761843937,0.08651863242577952,13.72638001319922,2.6024409368924517,273.817663159075,9.15883886260979,0.3925550122100169,0.02985660076885152,0.207451802693844,0.32500378272517866,0.0003982599657260635,0.11988208773144722,7,
8844c1a8bdfffff,33.79952636151144,-84.38963420846724,2.140385714613533,1.6646925815070248,13.636737270650675,5.256505444584654,411.14233679099453,12.047094028449902,0.5582869340753372,0.7131520615433531,0.7185996394318724,0.5378148860823719,0.6066409940887842,0.6376800513494557,0,Most Suitable
8844c1ad2dfffff,33.8367058236918,-84.40174604193973,1.078865552849822,0.8726554905477639,9.865171608591526,4.019958682144713,141.81336627905642,7.980726227847265,0.32495334271686593,0.37022703142701646,0.4804523748063474,0.12043763067136752,0.3057785645832229,0.32956825624603364,3,
8844c1326bfffff,33.81830132924867,-84.35555393360904,1.7173725303773586,1.4122671264082942,11.447960421481726,4.96217176822701,320.50828580370336,9.765572290708409,0.42737018307442,0.6038604541427162,0.6619137444533134,0.397359919890089,0.4867480529027002,0.5230373382228256,1,Okay
8844c1ab27fffff,33.69157443731569,-84.31074818576845,0.06407036031143798,0.0515549208691229,11.28113196319529,2.7094414997918275,207.6315712235222,3.2265080282351084,0.052149980843670674,0.014718506889909565,0.22805910372109928,0.22243565072685373,0.018159206915644762,0.057192130946459294,9,
8844c1a945fffff,33.70516372316723,-84.30056521018041,0.0921557930392527,0.09143767291327035,11.727682766739715,2.903424172960459,289.5242089597856,3.4532848969333534,0.06516273910979409,0.03198637742523672,0.2654183402684519,0.3493441088543251,0.026119349198920807,0.0814592361532496,8,
8844c1a85bfffff,33.728351489381225,-84.40299915393784,0.6763790817849443,0.25482421473204564,18.67874534746999,3.7206090606806277,644.4852336398676,15.558405534743056,0.7597706572201751,0.10272717405377432,0.4228004560243266,0.8994247703488653,0.19170342791647943,0.33495741239121307,3,
8844c1a1a7fffff,33.755911030250694,-84.47229409630066,0.12571331786762124,0.11846142168409,14.176403622629278,2.4982563184613245,447.8946691809009,9.077421867387152,0.3878831967657528,0.04368673838922383,0.18738682605966506,0.5947697231119522,0.03563042474107666,0.1562659662686937,7,
8844c1a8e1fffff,33.76994123117499,-84.38183066949752,3.471224735881419,1.8369894973618877,17.572736898733996,6.0463174787199865,613.5357104317407,16.205889295016892,0.7969241363296132,0.7877507460404658,0.8707100012968058,0.8514625068451155,0.983835394762435,0.8668637786677291,0,Most Suitable
8844c1ab4bfffff,33.659180784294556,-84.35495741877644,0.0,0.03343142354350997,10.53870773786156,2.309275466451278,110.36350043917322,3.11468281487066,0.04573330140929016,0.006871651058105048,0.1509908931763912,0.0716999896283557,0.0,0.028470340821312286,9,
8844c1a9ebfffff,33.76512991587259,-84.32549325445757,0.9629333833331355,0.708202086631715,15.380241240434799,4.82860561729257,387.5135389253776,11.813504765768117,0.5448832715841477,0.2990243199197269,0.6361901612797723,0.5011975003512091,0.27292037174335393,0.37624441428763333,2,Less Suitable
8844c1a8bbfffff,33.80792336526936,-84.40333363383688,1.5414527059335166,1.4446060806352214,12.053432658384498,4.854855897710981,311.683542942172,10.355204469405194,0.4612040615089904,0.6178621176743679,0.6412457181476438,0.38368427650032394,0.4368877980654985,0.5138614817187845,1,Okay
8844c1a129fffff,33.689115749667835,-84.45233325861184,0.0,0.12060428004504606,13.97372096898462,2.273073631585331,351.8130920306488,8.867004184165058,0.3758091503147004,0.044614522929056315,0.14401876061365765,0.4458727630474376,0.0,0.1266639930005601,7,
8844c1aa13fffff,33.708739721033425,-84.42766725124922,0.3049852664182746,0.11968375465925107,15.952370790613148,3.05652357984186,497.9077572439884,12.667866035549292,0.5939076572695945,0.04421596685226416,0.2949038446359964,0.6722746621117285,0.08644075875633533,0.2231350603101093,5,
8844c1af33fffff,33.820311254502506,-84.46405824666881,0.25125779105961904,0.3118782534103248,8.345217368640924,2.9327697319176,148.49588454117068,3.5733339988954826,0.07205131620703345,0.1274296256880929,0.2710700186415046,0.130793483315714,0.07121299450855324,0.11171138459648916,8,
8844c106d3fffff,33.77710117502985,-84.29653350095899,0.4886525576623548,1.1799814055306241,14.41223002829272,4.918617756050817,364.8652454701495,4.978982645636506,0.15270930461714496,0.5032886643404286,0.6535256517597863,0.46609959556911995,0.1384968472366404,0.3326821585726227,3,
8844c1ad63fffff,33.83071227540397,-84.41624538267948,0.894972640261656,0.7572434981175571,10.18722650357795,4.071438870655505,139.2727639412028,8.240973802707218,0.3398866946078105,0.3202575774308894,0.4903669744386818,0.11650047668140297,0.253658529144419,0.2985254388864116,4,
8844c13213fffff,33.85708441503417,-84.38645149886767,1.3592341814785622,0.7365077490151349,7.212069643617789,3.4865044624818236,91.85822894732453,2.3803670644830466,0.003597287248534725,0.31127970572942554,0.3777141144554119,0.04302249752187266,0.3852423277831928,0.2678349433770689,4,
8844c1a8a1fffff,33.79112885772364,-84.37593912427029,2.6297652809037055,1.8756805020205132,14.871476103901504,5.5545272311675955,473.93793038949457,13.212786928307207,0.6251759426653782,0.8045026306292558,0.7759958297170632,0.6351287860992475,0.7453438944838247,0.7384052167999491,0,Most Suitable
8844c1a80bfffff,33.73355632081371,-84.37912517476792,0.9164695741814468,0.3767358769723722,19.558961338004213,4.2160768404714615,617.7507424834266,16.087437432679174,0.790127210965837,0.1555107632600114,0.5182228856900223,0.8579945130598875,0.25975131946437185,0.38479334596492637,2,Less Suitable
8844c13205fffff,33.832688089112835,-84.35475411247404,1.524477240433045,1.0291782044624393,10.189274117480146,4.461175231543953,257.248417853686,7.106383367648949,0.2747823868042021,0.4379960248185667,0.5654265282622263,0.29932653710006174,0.4320765095224962,0.407883998027912,2,Less Suitable
8844c1af01fffff,33.79151537476359,-84.46562980105486,0.30736080251306935,0.17568313391782958,11.729832847523639,2.821266099177035,345.5483208511522,8.381723191424229,0.3479630816837612,0.06846178695077258,0.24959546875826522,0.4361642901872542,0.08711404748565219,0.16699910500489507,7,
8844c1a963fffff,33.71874974865826,-84.29038083000626,0.10410762586971009,0.14556222888233425,12.252145216243246,3.0501225868571282,359.6633889713586,3.5297023733429986,0.06954767551681837,0.055420463022472055,0.293671073651102,0.45803831428779185,0.029506809552421055,0.10254281910600858,8,
8844c1a1ebfffff,33.72868608866529,-84.49266481515585,0.01121517492189525,0.39203329644256485,12.051360940983763,1.7754357516901973,305.43662139425874,3.663050286108917,0.07719935606111558,0.16213402382747372,0.04817839009889707,0.37400346509158494,0.00317867233790924,0.10315261266452043,8,
8844c1a983fffff,33.78791783884407,-84.33837142490475,1.461135070286867,1.041318264465881,14.372048172673715,5.923113329765036,374.53290569405556,11.722859710484556,0.5396819377832393,0.4432522564898035,0.8469820421485058,0.4810815022048236,0.4141236906437006,0.48641093403781865,1,Okay
8844c1af15fffff,33.80670945095379,-84.47425059432982,0.1311098009370842,0.17760320902959015,9.644449596646483,2.6576932043682993,213.59029260677977,3.918114820600992,0.09183529820397646,0.06929311394674528,0.21809286922154036,0.23166984032025534,0.03715992843356108,0.08827045628924783,8,
8844c1ad47fffff,33.824715864032186,-84.43074551008216,0.6809199169699194,0.6228127834962787,8.937298002016112,3.8046936129790607,153.66756838406195,8.263300934955097,0.34116785514409087,0.262053665788027,0.4389943491591253,0.13880800623946948,0.1929904187386472,0.25669286698278937,4,
8844c1af3dfffff,33.80511761667383,-84.45543882074703,0.4343316400274618,0.36660724754529284,10.721047504221659,3.1190375424390826,256.3409979473205,9.028350247688591,0.38506740197799527,0.1511254123831835,0.3069434452767801,0.29792031470480934,0.12310088600925176,0.20599197979227674,6,
8844c1a9d3fffff,33.782730856070586,-84.36224838074705,2.3010534733472343,1.8867047823405751,16.340042529800645,5.769129907644971,466.53868196959775,13.431335258652965,0.6377165364595293,0.8092757677763929,0.8173262847688071,0.623662221653059,0.6521784167181575,0.7135198597765938,0,Most Suitable
8844c1aad3fffff,33.7407160523433,-84.4636779060893,0.21352564420276593,0.14007294413829532,14.56464175810771,2.606316466560298,455.47226761069385,10.5609002981418,0.47300716167111934,0.0530437900640291,0.2081981932205973,0.6065126753432776,0.06051872247988838,0.18458127017348194,6,
8844c1ab6bfffff,33.66438609141715,-84.33110992177605,0.0016469411459656246,0.018996187061577616,9.476449709039318,2.3679176528613124,97.39859157088009,3.113440856251639,0.04566203617232567,0.0006216863003842346,0.16228482617545814,0.05160835941933546,0.00046678596627370287,0.025797595583839723,9,
8844c1b8a3fffff,33.650335232048306,-84.42143700419913,0.0,0.042787514293768744,10.500735367059988,1.8548596261132198,204.04298182194162,3.495834713723646,0.06760430417477725,0.010922519052705946,0.06347468055416616,0.21687443838351866,0.0,0.038270650291505254,9,
8844c1aa43fffff,33.67154493059085,-84.41555731427647,0.0,0.1699641590942175,13.94324492663551,2.6496576071586198,321.75921021591387,9.609152751240579,0.41839462191213217,0.06598566602662938,0.21654528885236635,0.3992984688582992,0.0,0.14304797213678727,7,
8844c1ad09fffff,33.832312291610044,-84.43505260622582,0.5458702197195734,0.5945975839024515,7.87344083278328,3.8018213347267302,112.29770786847314,4.642641634189076,0.13340961015504074,0.24983744727895058,0.43844117540960514,0.07469741759424543,0.15471382119270818,0.19984690726671392,6,
8844c1aaebfffff,33.7231405043852,-84.42687738220744,0.42182661536866295,0.2042811665994941,17.034244116763652,3.2103041693713488,560.5607956708175,13.643026846865384,0.6498636812728101,0.08084375912173523,0.32452053836837524,0.7693676453583674,0.11955663670020225,0.2662680941300094,4,
8844c1af23fffff,33.804320754173034,-84.44603467571343,0.5664923399325817,0.4437993024347189,11.084372845347328,3.321857721648561,282.7585964753438,9.82468245684186,0.4307620030046462,0.18454693777619052,0.3460047022843913,0.33885948566446444,0.1605586665497034,0.24390088427181034,5,
8844c1a919fffff,33.736351255715235,-84.32709906843684,0.5654274810185067,0.4762550424879042,15.536897837647226,3.851711416224014,396.7490879769955,11.481680862571508,0.5258427747997753,0.19859916558500035,0.4480495354016517,0.5155097672716633,0.1602568578309345,0.2875557454947171,4,
8844c1ab05fffff,33.67878123331828,-84.330308171534,0.05465805863572148,0.0411458699069355,10.933366125682186,2.5532142584843314,161.8465754484125,3.983863819937849,0.09560806321092466,0.01021174305847405,0.19797120789097367,0.1514829573003117,0.015491515757814753,0.05362361057319082,9,
8844c1af1dfffff,33.79990732323107,-84.47934623589086,0.09265134457951113,0.13909802030755197,10.16641723043675,2.5566715101849327,249.9929203045988,3.9696521856547244,0.09479258073886121,0.05262168131705882,0.1986370420192322,0.288082742390851,0.026259801397303602,0.0826525730621046,8,
8844c1ad2bfffff,33.845103612551796,-84.4154531564681,0.740586327673771,0.7153787396318991,8.155140028274422,3.9542368494389297,90.84877873531744,3.5423720989786087,0.07027468122044539,0.3021315657473711,0.46779496858405833,0.04145815946287838,0.20990143176586212,0.22482787337839671,5,
8844c1a82dfffff,33.730357912436965,-84.34157638769076,0.6688745108273514,0.4928888402715458,16.13323169593304,3.820768130563071,417.961559988766,12.753009988513956,0.5987933305047498,0.20580103235489602,0.44209014990769824,0.5483825894263935,0.18957643727416615,0.31413077323831995,3,
8844c1af35fffff,33.81191751184122,-84.45034279878946,0.48962089290782723,0.5748779722123152,9.643560336214104,3.2474387051391598,215.28534727927655,8.927464560909353,0.37927844712512215,0.2412995283987471,0.3316723003436305,0.23429665490181906,0.13877129863664456,0.23706742980310505,5,
8844c1af69fffff,33.76872402303265,-84.45270484900509,0.4201638928603568,0.1917754882044328,14.501687085385742,3.03710513436871,479.5776632212561,11.396569894078292,0.5209589942574503,0.07542922716457946,0.2911640348583332,0.6438686413257302,0.1190853778852859,0.2295840904082021,5,
8844c1ab15fffff,33.69477370936229,-84.34826888825955,0.20924293410963818,0.1107786626266758,13.911420942494054,3.0208749293552852,272.4008162548805,10.320047024471751,0.4591866805706276,0.040360365910948263,0.28803825017661866,0.3228081048109676,0.05930489102392662,0.16065672865569508,7,
8844c1a847fffff,33.718362658619476,-84.37053340617982,0.6058899835818042,0.28843408529118947,18.220279716620475,3.6147096333486375,495.55950347795164,14.23253071636297,0.6836901971549205,0.11727910098404154,0.4024052233403965,0.6686355893821444,0.1717249836975617,0.2995364621465662,4,
8844c1a1a5fffff,33.7483135563425,-84.4679855856243,0.1713388835821416,0.12433989758593655,14.3269231319298,2.580727796914072,456.6891674129191,9.964207433340425,0.4387681316794285,0.046231917836864846,0.20327005635852624,0.6083984966071303,0.04856189702289264,0.1723650063136286,6,
8844c106dbfffff,33.7703115634345,-84.30162864134526,0.5341075429788446,0.7842130283220182,15.029210689840095,4.678170246066348,383.8154772020134,7.279346044957961,0.2847072152128637,0.331934463605989,0.6072177250980957,0.49546663950284076,0.15137997259597094,0.30044637831954196,4,
8844c13349fffff,33.79988795003795,-84.30940256799711,0.7415003400016398,1.0691025817309991,12.422320484030445,5.86642951955729,298.2556699714505,4.738218245654735,0.13889392320705987,0.45528191765549836,0.8360652739683111,0.3628751940021642,0.21016048663779574,0.34487482762981425,3,
8844c1ad4bfffff,33.81871658952974,-84.4452464223543,0.5177375074913406,0.7570070236623969,9.186828017702585,3.3869576604217917,179.19983097876934,7.925807794271692,0.3218020499744655,0.3201551920620939,0.35854233759026755,0.17837517818519844,0.1467402786690279,0.254008624887407,4,
8844c1a9e3fffff,33.771921759129185,-84.32039848120013,0.8423185219541961,0.7235826730195349,15.125029689879595,5.082359063484651,378.8568499088217,10.81758270780355,0.4877359396424693,0.3056835889242404,0.6850606859825366,0.4877822888505342,0.23873498220854653,0.3604990948874298,3,
8844c1b8b1fffff,33.65872403018441,-84.43512471815413,0.0,0.053710188233544995,11.48776322651179,1.8946485573009606,242.41027813537482,3.450256175625272,0.0649889470539122,0.01565166410475422,0.07113765409674094,0.2763319739111781,0.0,0.045004514877896695,9,
8844c1aa49fffff,33.657141636785745,-84.41634823170502,0.0,0.06167024506923334,11.827837865526773,2.1191265795349867,238.7030809481376,4.27517340723527,0.11232379467800638,0.019098097057534433,0.11437000776697065,0.27058695589720294,0.0,0.057166411770860334,9,
8844c1a843fffff,33.71916053322531,-84.37992116517069,0.6136476905127626,0.25562879936309524,18.61070251678281,3.6221737844777824,549.3290495436438,14.236281251036395,0.6839054078214851,0.10307553174053323,0.40384274857450075,0.7519618855430671,0.17392371966011028,0.30263437128025933,4,
8844c1a81bfffff,33.74954806928297,-84.3971127086474,1.2280096843604018,0.5131398837704237,18.57810665637689,4.6390104587284595,700.4288590646343,18.965504786138734,0.9552745426102509,0.21456904307182995,0.5996759187377491,0.986120222357417,0.34804989146807036,0.4789017470396057,1,Okay
8844c1aa1dfffff,33.69354471525175,-84.41906571385263,0.16148382620499183,0.18060906812189992,15.965203448456384,2.976385440453013,455.29896823631077,11.802590091981779,0.5442569730892859,0.0705945483511712,0.27946999347295964,0.6062441144932993,0.04576871738089731,0.20330675975609205,6,
8844c1a957fffff,33.728754953714706,-84.32280897310353,0.4493914578362137,0.37198363737666384,14.60835755093687,3.617552701592419,390.95184854419176,10.295253132093908,0.4577639740580931,0.1534532056972657,0.40295277151727604,0.5065258251475582,0.12736923016045856,0.2456913573509931,5,
8844c1a905fffff,33.726345828667675,-84.29466658137001,0.14279249943161557,0.22989123414578444,12.935114476235626,3.3015219325016485,392.1342896170963,3.8637126602802643,0.08871362990741619,0.09193204436094855,0.3420882207517538,0.5083582459553013,0.040471109114675705,0.1297905283686987,7,
8844c1a9c3fffff,33.7667361937131,-84.34426773732577,1.7772785102912496,1.1395854185132905,16.30264852022511,5.152910904866648,435.75937920301396,13.239010003735359,0.6266806576016927,0.4857985805771535,0.698648306402377,0.5759637475982167,0.5037269660764817,0.54050629631821,1,Okay
8844c1af6bfffff,33.77632117140202,-84.45701233489602,0.387660216181547,0.1651791435832089,13.559022222830908,2.9886409121691924,448.3590588265763,10.218217336226544,0.45334355765841916,0.06391391761111967,0.2818302819428795,0.5954893845556687,0.10987299032478777,0.206596201129918,6,
8844c1ad51fffff,33.83390978742016,-84.45386447991311,0.3299042667312494,0.4066849175153192,7.190219565435551,3.2185027397893338,103.58491054887367,2.9871996233473608,0.038418146368085354,0.168477675728349,0.3260995058431113,0.061195255441787375,0.09350345171786599,0.1260046303171608,7,
8844c1a1e1fffff,33.72789574932039,-84.48326313299695,0.04957645578931855,0.26085183761044456,12.979633594116624,2.0430461542794904,340.20123476738405,4.793735679147626,0.1420795873611931,0.1053369290522447,0.09971763414351609,0.42787794761576103,0.01405125731221824,0.10744229182829292,8,
8844c1aacbfffff,33.71792336380202,-84.45075985241446,0.15813953853469764,0.1574563914263225,14.67150914332454,2.720219706414179,424.96338349058357,11.67467686677519,0.5369171421435276,0.060570229485638324,0.23013488484207922,0.5592332672071981,0.04482085925281573,0.1903972326075124,6,
8844c1af63fffff,33.78312291919752,-84.4519177056574,0.46373578673369265,0.22745326995138643,13.637273041455321,3.124467701309962,428.70596583375044,10.169577753248392,0.4505525537121483,0.09087648906646868,0.3079892427515398,0.5650331213542344,0.13143478614062185,0.2219477143632027,5,
8844c1b9b1fffff,33.65317469856902,-84.36942730860476,0.0,0.026594323298544637,10.417587777342675,2.1718313905723123,126.02885896004008,3.194731891349365,0.05032662385713588,0.003911419985373952,0.12452045816835927,0.09597648811286978,0.0,0.02806632282808305,9,
8844c13249fffff,33.805519330054516,-84.37514208901462,2.2054942271240447,1.9957785704899647,12.848968573538777,5.210806821915901,386.90423015960164,11.674558665757305,0.536910359611952,0.8565009956261784,0.7097985149485223,0.5002532587426141,0.625094440345386,0.6841878530667749,0,Most Suitable
8844c1a8c9fffff,33.75794253157811,-84.4108074511976,1.2142685673108629,0.4991057670306025,17.89491035381366,4.195460808561661,687.8343216275396,16.29751569245869,0.8021817808484304,0.2084927494732175,0.5142524320396776,0.966602554211009,0.3441553014182915,0.4413175626261319,1,Okay
8844c1a997fffff,33.803109643504406,-84.34696101936272,1.6852916641441729,1.2960653523217043,13.056749778297927,5.6760267607751445,348.68662555020217,11.3917383333122,0.5206817528762717,0.5535490516426718,0.799395495227676,0.44102769942036857,0.47765550082199115,0.5338837425216033,1,Okay
8844c1af5dfffff,33.778703267426096,-84.48522461709604,0.07301787485310339,0.09987305059673512,11.53578464360114,2.407732543212165,355.4410017273299,4.384669919180582,0.11860685012853375,0.03563860808357797,0.16995279920844825,0.4514949097819738,0.020695165308153386,0.09033304190120124,8,
8844c1a117fffff,33.71349024885548,-84.48404589562958,0.0020636136099050064,0.2847460600365016,12.436052895330254,1.837027252255849,301.0482481123903,4.350881344055045,0.11666801675990471,0.11568231191195161,0.06004033323718083,0.36720283316318997,0.0005848817823725549,0.09380399789145641,8,
8844c1ad6dfffff,33.815519700307284,-84.40763671888013,1.2998093015158976,1.2706088168190417,11.377220590024647,4.506821026287372,247.47913186154025,9.477805707524107,0.4108577538944037,0.5425272405386798,0.5742174785845205,0.28418714170944875,0.3683997708515013,0.44365234780362506,1,Okay
8844c1aac1fffff,33.717130587288565,-84.44136397861061,0.2533283077289753,0.1612047119603176,15.214359501107321,2.9286401873423364,464.90829698567495,12.552199641194939,0.5872705657624793,0.06219312435593938,0.2702747072350782,0.6211356252436213,0.07179983279755878,0.21682694105147088,5,
8844c1a107fffff,33.697504266753626,-84.46603330456328,0.0,0.1761662118028383,13.880068811364133,2.0543911317341825,311.0211232973379,5.690806736686467,0.1935547174584408,0.06867094318872669,0.10190256999078001,0.3826577293273048,0.0,0.09552945891582276,8,
8844c1a827fffff,33.74474948683956,-84.34077546216947,1.0214491083452133,0.6146104951364955,16.340253052438968,4.259624243706303,436.0318507222422,12.989959676596563,0.6123898186737222,0.2585023548520772,0.5266097055636669,0.5763859948397851,0.28950525051019915,0.37665047993333345,2,Less Suitable
8844c1a9b7fffff,33.80828992891385,-84.32308295359428,1.0337043387802052,1.1228856529925744,12.31507321169807,6.011032835124565,304.0719877258848,7.767966468228976,0.3127449048079922,0.4785681520284204,0.863914511137618,0.3718887016702392,0.2929787016377745,0.41229003642405176,2,Less Suitable
8844c13207fffff,33.840283744632615,-84.3590523018104,1.4776416970626656,1.0488902976100696,9.19836435605188,4.161597895025411,218.12832637512673,3.860508805944404,0.08852978848552981,0.44653068842645427,0.5077307537046051,0.23870240007643334,0.41880209809519625,0.36540198973655835,2,Less Suitable
8844c13341fffff,33.80667641411623,-84.30430604288713,0.6983506151959746,1.118683563307103,11.792441130196424,5.272920677047186,290.48650711685985,3.555514128738096,0.0710287883627129,0.4767487906015502,0.7217610586582918,0.3508353756977073,0.19793073207905137,0.32611434181698584,3,
8844c13261fffff,33.817496685192076,-84.34616022523993,1.5374489686566197,1.3240540423645206,11.615255307896907,5.1873023494379815,328.74411919717693,8.998583951868799,0.3833593723442662,0.565667199246372,0.7052717748388012,0.4101229343227971,0.4357530347631908,0.4906495324906984,1,Okay
8844c1aa85fffff,33.73754022904345,-84.42608730590955,0.5668453521992654,0.40459744455721836,17.808351497789552,3.4118122676372558,628.0159629626518,14.33303113665012,0.6894570449041972,0.16757387117778585,0.363329100939213,0.8739024547182391,0.16065871940976706,0.32742300065133817,3,
8844c1a909fffff,33.72035629095092,-84.30913891648534,0.2182094005634215,0.21969323320225764,13.542283488682019,3.3347349001721023,373.41275342864515,7.767547851388798,0.3127208840170772,0.08751665798497739,0.3484847256321738,0.47934560993415276,0.06184622088136729,0.17089363492215498,6,
8844c1320bfffff,33.834297068501364,-84.37354739077159,1.6304824984536794,1.4436457556142341,9.987897878687187,4.2753848249663005,203.54795903646848,7.438481092776088,0.29383859585504335,0.6174463297138006,0.5296450451318776,0.21610730497349612,0.46212115739377346,0.4709749575204797,1,Okay
8844c1ab35fffff,33.69997178701907,-84.32441491474243,0.14586014737757566,0.0944306542864583,12.759999016107166,3.0293538255045105,254.47472646291624,8.053470725126958,0.329127518697534,0.03328223621676761,0.28967120574798544,0.2950281666060294,0.041340560348042614,0.12845379966736029,7,
8844c1ab29fffff,33.67798189282452,-84.32092975641768,0.02903427949895758,0.036965399722897044,10.397956790416055,2.528020140939545,154.5643435538179,2.6196670634990387,0.0173286393840216,0.008401742137904067,0.19311905804901713,0.14019773255952345,0.008229070142658609,0.03620810987490287,9,
8844c13241fffff,33.81231274678571,-84.37004562444778,2.1551387005741014,1.7336312176384916,12.089420805975932,5.0176821973946115,336.8146363987621,11.211018927682886,0.51031183308264,0.7430001382829543,0.6726045304923052,0.4226297593885976,0.6108223741119232,0.6275956671354743,0,Most Suitable
8844c1a8d5fffff,33.77993514729868,-84.41431753149966,2.1747231861220975,0.7598284775392694,15.1359762334939,4.250755593134316,560.881663972176,13.383757846036332,0.634986481260947,0.3213767853015299,0.5249016869599298,0.7698648927607352,0.6163731268105783,0.5263115992242493,1,Okay
8844c1aaa3fffff,33.751142579895244,-84.41590108958557,0.9527908142415487,0.39595196754538486,18.21491999462959,3.891820635759777,683.3835823884835,15.863682017681048,0.777287827730587,0.16383067468043194,0.45577419346461,0.9597052741871916,0.2700457038018117,0.39213005308682913,2,Less Suitable
8844c1aa53fffff,33.68753271541644,-84.43354740519531,0.00707759332451904,0.11105802186248726,14.8207313121406,2.792986307579064,388.48425963259143,10.597958097052771,0.4751335874475716,0.04048131892621412,0.24414904714461938,0.5027018195626828,0.002005974073190643,0.15558893446667202,7,
8844c1a987fffff,33.787113517006546,-84.32898241114091,1.1578388476432186,0.9177546538792086,14.20267279819299,6.097973362382121,359.7965715154017,10.91868556459363,0.4935373559993307,0.3897534300265143,0.880658438161157,0.45824470636138015,0.32816165083390975,0.43313651499690786,1,Okay
8844c1a9b1fffff,33.801500049859065,-84.32817946298199,1.1538364860016168,1.11714237814886,13.021175625440705,6.515399958819346,322.77053663882526,9.992630007206456,0.4403990567607332,0.4760815100248726,0.9610508706538151,0.4008657144684431,0.3270272774224321,0.45459582070274523,1,Okay
8844c1ab47fffff,33.665184017799966,-84.34048832024146,0.0027782862293824198,0.03002103353612642,10.173518670139275,2.3824174620799843,103.24193423927693,3.0755852126684102,0.04348982900770271,0.00539506857309285,0.16507735291840564,0.06066374741092691,0.0007874385950852089,0.02812089891812085,9,
8844c1aac9fffff,33.71032574344089,-84.44645549552718,0.12732741570289396,0.14136130542469524,14.497304853994672,2.7368444640723557,414.93997093499587,11.36900046303682,0.519377023645824,0.053601606532452724,0.2333366566485452,0.5437000536269756,0.036087902058674626,0.18121239932763986,6,
8844c1a185fffff,33.74309131466851,-84.49188303292266,0.057528237073741356,0.19489841603786254,12.280453551854329,2.0646315112637206,345.88195146568796,3.3481554764446813,0.05913027317387423,0.07678134833864342,0.1038747706772099,0.43668131525868026,0.01630499899542221,0.0859301684683251,8,
8844c1a853fffff,33.73515176605787,-84.3979065426513,0.8301697754455534,0.32890301241977593,18.94997267644937,4.043376885629398,671.9663068945443,16.557557379589916,0.8171033186277363,0.13480076532622343,0.4849625003201752,0.9420120007867334,0.23529171139589938,0.3784625871042393,2,Less Suitable
8844c1a931fffff,33.74832937524893,-84.29814681882608,0.31932834159451917,0.4610091903631862,13.782204005199056,3.8165331444749233,418.5541135917888,5.674540316450715,0.19262132863621187,0.19199823191826246,0.4412745314585993,0.5493008656743718,0.09050595939928498,0.2088195683062987,5,
8844c1a9d7fffff,33.781928495121406,-84.35285704699132,2.016291676705276,1.5116301477054188,15.793889137946982,5.782602125793366,433.13273719118695,12.929258650587748,0.6089067130885163,0.6468812513499511,0.8199209071461669,0.5718932585165565,0.5714695154140871,0.6235858882413258,0,Most Suitable
8844c13357fffff,33.82946259806996,-84.31718154023008,1.084487843482181,0.93872275710763,10.684267233041789,4.625767301035117,250.3531718739427,3.3681620007899653,0.06027827414304232,0.3988319031348636,0.5971254112474775,0.288641021773067,0.30737206801346145,0.31926157215832746,3,
8844c1a817fffff,33.75554770208368,-84.38262659067712,1.7835888833687572,0.8036857238889383,18.90370969303917,5.866713933305569,672.9253814106912,18.58685780592834,0.9335472754072112,0.340365476231477,0.8361200493785358,0.9434982719759157,0.5055154899722795,0.585853061415325,0,Most Suitable
8844c1a993fffff,33.80391349981993,-84.35635354485747,1.9791404976796105,1.416449569554546,12.961387966828893,5.435243834298497,362.5019066021099,11.292595436421355,0.5149928016245441,0.6056713092885921,0.7530229705074653,0.462437145560591,0.5609399047827764,0.5759908813002181,0,Most Suitable
